[info ] HIP 7.16.26323 | AMD Radeon RX 9070 XT | gfx1201 | 64 CU | 15.9 GiB VRAM
[info ] rope: YaRN over 64 of 128 dims, base 500000, factor 32.0, original context 4096, beta_fast/slow 64/1
[info ] rope pairing: NeoX half-split (channel j with j + 32)
[info ] loaded Laguna XS.2 (laguna): 40 layers, 2048 embd, 64/8 heads, hd=128, ff=8192, vocab=100352
[info ] hybrid attention: 3 of every 4 layers attend fully, the rest within 512 tokens; rope 128/128 dims at base 10000 on the windowed layers
[info ] expert cache: budget 8443.8 MiB + WARM 18102 MiB pageable, 256 experts x top-8, 40 layers, policy LFU+aging (pin at 24 hits, decay every 64); cold reads are read-through
[info ] workspaces ready: chunk=256 ctx=4096 KV=640 MiB (load 840 ms)

[stats ] load      840 ms, 1.16 GiB uploaded of 1.16 GiB weights in 458 ms = 2.5 GB/s
[stats ] prefill   30 tok in 4243.3 ms = 7.1 tok/s
[stats ] decode    24 tok in 5352.7 ms = 4.5 tok/s (223.0 ms/tok)
[stats ] device    15.04 GiB in use of 15.92 GiB (0.88 GiB free)
[stats ] experts   8444 MiB VRAM budget, 4340/4340 slots resident, 0 pinned | WARM 18102 MiB pageable, 4590 held (8329 MiB, 0 MiB prefetched)
[stats ] cache     10602 acquires | HOT hits 6003 (56.6%) | WARM hits 9 (0.1%) | COLD misses 4590 (43.3%)
[stats ] transfer  9 promotions, 18 MiB in 8.6 ms = 2.0 GB/s (952.4 us/expert) | 259 VRAM evictions kept in WARM, 484 MiB | 8329 MiB read from the file (347.03 MiB/tok)
[stats ] warm      18102 MiB capacity, 46.0% in use | 4590 admissions, 0 evictions, 0 rejects | 259 device evictions, 0 decay events

== KRK_PROFILE timeline — 1 decode step (the last of 24 recorded)
-- step 1/24: ops 121413..124869
   3457 ops | host wall  195.342 ms | device spans 111.408 ms ( 57.0%) | device idle  90.732 ms ( 46.4%) | outside every op  -6.798 ms ( -3.5%)
         # op                          t+ us    dev us   idle us   host us       MB     GB/s
         0 embed                        0.00      0.48    197.12    157.60     0.00      0.0
         1 rmsnorm                    197.60      0.36     61.72      2.80     0.00      0.0
         2 gemm(gemv)                 259.68     84.48     13.96      3.10     7.08     83.8
         3 gemm(gemv)                 358.12      0.00     35.96      3.10     1.18      0.0
         4 gemm(gemv)                 394.08     82.72     73.70      2.80     1.72     20.8
         5 qk_norm                    550.50     51.32      7.88      3.90     0.00      0.0
         6 rope                       609.70     60.56      6.20      5.60     0.00      0.0
         7 kv_append                  676.46      0.44     52.60      3.90     0.00      0.0
         8 attention                  729.50      0.44     61.92     12.20     0.00      0.0
         9 gemm(gemv)                 791.86     46.28      1.44      2.90     0.06      1.2
        10 softplus_act               839.58      0.44     22.32      4.30     0.00      0.0
        11 mul_head_bcast             862.34      0.36     49.96      3.20     0.00      0.0
        12 gemm(gemv)                 912.66     63.64     11.96      2.40     7.08    111.2
        13 add_inplace                988.26      0.36      9.36      3.30     0.00      0.0
        14 rmsnorm                    997.98     65.16      0.00      2.60     0.00      0.0
        15 gemm_group                1063.14     60.48      1.44      3.70     0.00      0.0
        16 silu_mul                  1125.06      0.36      6.92      3.90     0.00      0.0
        17 gemm(gemv)                1132.34     52.12      3.64      3.60    13.76    264.1
        18 add_inplace               1188.10      0.48     11.88      2.30     0.00      0.0
        19 rmsnorm                   1200.46      0.36     57.16      2.50     0.00      0.0
        20 gemm(gemv)                1257.98     70.56     10.40      2.50     9.44    133.7
        21 gemm(gemv)                1338.94      0.36     11.92      2.10     1.18   3276.8
        22 gemm(gemv)                1351.22     59.00      1.06      2.90     1.72     29.2
        23 qk_norm                   1411.28      0.36     11.64      3.50     0.00      0.0
        24 rope                      1423.28     47.76     12.84      3.80     0.00      0.0
        25 kv_append                 1483.88      0.00     14.48      3.20     0.00      0.0
        26 attention                 1498.36      0.44     66.76      5.00     0.00      0.0
        27 gemm(gemv)                1565.56     43.24      1.48      2.40     0.07      1.7
        28 softplus_act              1610.28      3.60     14.28      3.40     0.00      0.0
        29 mul_head_bcast            1628.16      0.36     55.72      1.90     0.00      0.0
        30 gemm(gemv)                1684.24     83.60      4.32      2.80     9.44    112.9
        31 add_inplace               1772.16      0.36     61.96      2.70     0.00      0.0
        32 rmsnorm                   1834.48     53.48     12.76      2.30     0.00      0.0
        33 fill0                     1900.72      0.48     65.36      3.20     0.00      0.0
        34 gemm(gemv)                1966.56     25.20     52.80      3.60     1.05     41.6
        35 download_f32              2044.56     86.52     94.30    103.60     0.00      0.0
        36 upload_i32                2225.38     37.32      4.20      6.20     0.00      0.0
        37 upload                    2266.90      4.56     52.56      2.50     0.00      0.0
        38 gather_rows               2324.02      0.36     50.52      4.90     0.00     11.4
        39 gemm(gemv)                2374.90     48.08     11.44      4.30     0.59     12.3
        40 gemm(gemv)                2434.42      0.00     14.28      2.30     0.59      0.0
        41 silu_mul                  2448.70      0.36     54.80      2.60     0.00      0.0
        42 gemm(gemv)                2503.86     50.96      4.44      2.60     0.86     16.9
        43 scatter_axpy              2559.26      0.00     14.32      2.30     0.00      0.0
        44 upload_i32                2573.58    223.10     55.60      3.30     0.00      0.0
        45 upload                    2852.28     35.28    242.12      2.50     0.00      0.0
        46 gather_rows               3129.68     22.40     15.60      2.30     0.00      0.2
        47 gemm(gemv)                3167.68      0.00     72.60      2.60     0.59      0.0
        48 gemm(gemv)                3240.28    164.12    168.70      2.40     0.59      3.6
        49 silu_mul                  3573.10      0.00     11.36      2.60     0.00      0.0
        50 gemm(gemv)                3584.46      1.42     52.48      2.30     0.86    605.7
        51 scatter_axpy              3638.36      0.44     43.24      2.10     0.00      9.3
        52 upload_i32                3682.04     71.20     16.12      2.70     0.00      0.0
        53 upload                    3769.36    156.64     70.52     66.70     0.00      0.0
        54 gather_rows               3996.52     60.52      0.00      3.00     0.00      0.1
        55 gemm(gemv)                4057.04      0.00     17.28      3.10     0.59      0.0
        56 gemm(gemv)                4074.32      0.36     51.52      2.20     0.59   1638.4
        57 silu_mul                  4126.20     44.72      6.02      2.80     0.00      0.0
        58 gemm(gemv)                4176.94      0.44     19.64      2.30     0.86   1954.9
        59 scatter_axpy              4197.02      0.36     45.48      2.60     0.00     11.4
        60 upload_i32                4242.86     69.08     25.26      4.50     0.00      0.0
        61 upload                    4337.20     36.68      4.24      3.20     0.00      0.0
        62 gather_rows               4378.12      0.36     47.76      3.30     0.00     11.4
        63 gemm(gemv)                4426.24     47.84      9.88      2.60     0.59     12.3
        64 gemm(gemv)                4483.96      0.00     14.92     50.80     0.59      0.0
        65 silu_mul                  4498.88      0.36     52.48      2.90     0.00      0.0
        66 gemm(gemv)                4551.72     48.28      5.16      3.10     0.86     17.8
        67 scatter_axpy              4605.16      0.90     14.52      2.20     0.00      4.6
        68 upload_i32                4620.58      6.28     55.08      3.10     0.00      0.0
        69 upload                    4681.94      3.88     52.36      2.50     0.00      0.0
        70 gather_rows               4738.18      0.36     48.56      2.40     0.00     11.4
        71 gemm(gemv)                4787.10     46.76      9.00     50.80     0.59     12.6
        72 gemm(gemv)                4842.86      2.82     16.20      2.70     0.59    209.2
        73 silu_mul                  4861.88      0.36     50.88      2.10     0.00      0.0
        74 gemm(gemv)                4913.12     48.76      8.92      2.70     0.86     17.6
        75 scatter_axpy              4970.80      0.00     14.56      2.40     0.00      0.0
        76 upload_i32                4985.36      4.42     54.08     48.70     0.00      0.0
        77 upload                    5043.86      4.96     52.56      3.50     0.00      0.0
        78 gather_rows               5101.38      0.36     47.68      3.00     0.00     11.4
        79 gemm(gemv)                5149.42     46.92      9.12      3.00     0.59     12.6
        80 gemm(gemv)                5205.46      2.72     15.48      2.60     0.59    216.8
        81 silu_mul                  5223.66      0.36     50.88      2.60     0.00      0.0
        82 gemm(gemv)                5274.90     48.00      6.16      2.60     0.86     17.9
        83 scatter_axpy              5329.06      0.90     14.40     46.20     0.00      4.6
        84 upload_i32                5344.36      4.26     54.04      4.10     0.00      0.0
        85 upload                    5402.66      4.80     52.84      3.70     0.00      0.0
        86 gather_rows               5460.30      0.36     48.08      3.00     0.00     11.4
        87 gemm(gemv)                5508.74     46.28      9.68      3.30     0.59     12.7
        88 gemm(gemv)                5564.70      2.22     15.84    250.80     0.59    265.7
        89 silu_mul                  5582.76      0.36     50.80      2.50     0.00      0.0
        90 gemm(gemv)                5633.92     48.12      6.84      2.40     0.86     17.9
        91 scatter_axpy              5688.88      0.48     14.24      3.10     0.00      8.5
        92 upload_i32                5703.60     71.56     24.36      5.60     0.00      0.0
        93 upload                    5799.52     19.44     26.68      2.00     0.00      0.0
        94 gather_rows               5845.64     42.64     17.16      3.30     0.00      0.1
        95 gemm(gemv)                5905.44      0.00     16.28      3.50     0.59      0.0
        96 gemm(gemv)                5921.72      0.36     51.68      2.60     0.59   1638.4
        97 silu_mul                  5973.76     48.04      6.06      2.50     0.00      0.0
        98 gemm(gemv)                6027.86      0.56     20.76      2.30     0.86   1536.0
        99 scatter_axpy              6049.18     51.40     16.80      2.00     0.00      0.1
       100 gemm(gemv)                6117.38    147.44     16.40      3.00     0.59      4.0
       101 gemm(gemv)                6281.22      0.36    205.32      2.70     0.59   1638.4
       102 silu_mul                  6486.90     41.56     12.48      2.30     0.00      0.0
       103 gemm(gemv)                6540.94      0.48     18.96      2.70     0.86   1792.0
       104 add_inplace               6560.38     41.88     16.60    139.10     0.00      0.0
       105 add_inplace               6618.86      0.00     14.44      3.30     0.00      0.0
       106 rmsnorm                   6633.30      0.36     58.36      3.00     0.00      0.0
       107 gemm(gemv)                6692.02     67.16     12.98      2.80     9.44    140.5
       108 gemm(gemv)                6772.16      0.36     12.16      2.20     1.18   3276.8
       109 gemm(gemv)                6784.68     68.40     11.12      2.30     1.72     25.2
       110 qk_norm                   6864.20      0.36     11.64      3.60     0.00      0.0
       111 rope                      6876.20     48.56      1.80     45.90     0.00      0.0
       112 kv_append                 6926.56      4.48     14.96      2.80     0.00      0.0
       113 attention                 6946.00      0.48     77.72      7.10     0.00      0.0
       114 gemm(gemv)                7024.20     41.44      1.44    176.30     0.07      1.8
       115 softplus_act              7067.08      0.44     17.68      3.20     0.00      0.0
       116 mul_head_bcast            7085.20      0.36     46.44      2.20     0.00      0.0
       117 gemm(gemv)                7132.00     63.28      9.84      3.40     9.44    149.1
       118 add_inplace               7205.12      0.36      7.76      2.80     0.00      0.0
       119 rmsnorm                   7213.24     64.40      9.46      2.40     0.00      0.0
       120 fill0                     7287.10      0.00     14.36      2.50     0.00      0.0
       121 gemm(gemv)                7301.46      1.00     74.60      3.00     1.05   1048.6
       122 download_f32              7377.06     72.00     85.90     86.10     0.00      0.0
       123 upload_i32                7534.96     43.08     18.16      4.50     0.00      0.0
       124 upload                    7596.20     18.92     17.52      2.90     0.00      0.0
       125 gather_rows               7632.64     19.60     16.88      4.60     0.00      0.2
       126 gemm(gemv)                7669.12     45.04      0.00      4.00     0.59     13.1
       127 gemm(gemv)                7714.16      7.96      1.32      3.10     0.59     74.1
       128 silu_mul                  7723.44     43.00     13.78      2.70     0.00      0.0
       129 gemm(gemv)                7780.22      0.56     17.16      2.90     0.86   1536.0
       130 scatter_axpy              7797.94      0.36     45.44      2.10     0.00     11.4
       131 upload_i32                7843.74     52.92      7.68      3.40     0.00      0.0
       132 upload                    7904.34     17.20     27.88      2.30     0.00      0.0
       133 gather_rows               7949.42     10.66     68.64      1.90     0.00      0.4
       134 gemm(gemv)                8028.72      0.00     60.16      4.30     0.59      0.0
       135 gemm(gemv)                8088.88      0.00     63.80      2.60     0.59      0.0
       136 silu_mul                  8152.68     18.88     22.08      2.50     0.00      0.0
       137 gemm(gemv)                8193.64      0.56     40.48      2.80     0.86   1536.0
       138 scatter_axpy              8234.68      0.36     49.04      3.00     0.00     11.4
       139 upload_i32                8284.08     55.32      8.20      2.40     0.00      0.0
       140 upload                    8347.60     27.32      4.28      2.90     0.00      0.0
       141 gather_rows               8379.20     42.96     14.48      2.00     0.00      0.1
       142 gemm(gemv)                8436.64      0.48     12.72      2.40     0.59   1228.8
       143 gemm(gemv)                8449.84     49.76     11.34      2.50     0.59     11.9
       144 silu_mul                  8510.94      6.60      1.32      1.70     0.00      0.0
       145 gemm(gemv)                8518.86     22.80     15.08      2.10     0.86     37.7
       146 scatter_axpy              8556.74     44.40      7.04      2.30     0.00      0.1
       147 upload_i32                8608.18     20.68      2.72      2.50     0.00      0.0
       148 upload                    8631.58      4.96     49.64      2.70     0.00      0.0
       149 gather_rows               8686.18      0.36     49.00      2.90     0.00     11.4
       150 gemm(gemv)                8735.54     47.24      6.34      2.80     0.59     12.5
       151 gemm(gemv)                8789.12      9.08      1.36      2.60     0.59     65.0
       152 silu_mul                  8799.56     41.68     13.44      2.10     0.00      0.0
       153 gemm(gemv)                8854.68      0.48     15.80      3.00     0.86   1792.0
       154 scatter_axpy              8870.96     27.24      9.16      1.80     0.00      0.2
       155 upload_i32                8907.36     38.62      9.52      3.00     0.00      0.0
       156 upload                    8955.50     34.60     18.34      2.20     0.00      0.0
       157 gather_rows               9008.44      0.48     38.28      2.80     0.00      8.5
       158 gemm(gemv)                9047.20      0.44     38.16      3.00     0.59   1340.5
       159 gemm(gemv)                9085.80     20.99     18.02      2.70     0.59     28.1
       160 silu_mul                  9124.81     24.44     16.01      2.60     0.00      0.0
       161 gemm(gemv)                9165.26    130.76    115.22      2.60     0.86      6.6
       162 scatter_axpy              9411.24     19.47     30.50     54.70     0.00      0.2
       163 upload_i32                9461.21     32.47     15.76      3.00     0.00      0.0
       164 upload                    9509.44     30.57     18.08      2.20     0.00      0.0
       165 gather_rows               9558.09     20.82     18.32      2.70     0.00      0.2
       166 gemm(gemv)                9597.23      0.00     38.90      3.60     0.59      0.0
       167 gemm(gemv)                9636.13      0.00     63.37      2.50     0.59      0.0
       168 silu_mul                  9699.50     13.30     36.90      1.90     0.00      0.0
       169 gemm(gemv)                9749.70    165.10     21.90      2.60     0.86      5.2
       170 scatter_axpy              9936.70      0.36    195.84      2.50     0.00     11.4
       171 upload_i32               10132.90      0.00      3.52      3.50     0.00      0.0
       172 upload                   10136.42     39.21     43.92      2.60     0.00      0.0
       173 gather_rows              10219.55      0.48     40.00      2.00     0.00      8.5
       174 gemm(gemv)               10260.03     20.39     18.94      3.30     0.59     28.9
       175 gemm(gemv)               10299.36     25.96     17.01      2.50     0.59     22.7
       176 silu_mul                 10342.33     18.11     11.65      2.90     0.00      0.0
       177 gemm(gemv)               10372.09     23.77     16.89      2.60     0.86     36.2
       178 scatter_axpy             10412.75     24.90     15.83      1.90     0.00      0.2
       179 upload_i32               10453.48     33.82     11.62      2.10     0.00      0.0
       180 upload                   10498.92     31.49     15.27     40.40     0.00      0.0
       181 gather_rows              10545.68     20.12     18.20      2.80     0.00      0.2
       182 gemm(gemv)               10584.00     26.73      1.82      3.40     0.59     22.1
       183 gemm(gemv)               10612.55     22.10      8.96      2.30     0.59     26.7
       184 silu_mul                 10643.61      0.48     36.11      1.90     0.00      0.0
       185 gemm(gemv)               10680.20     21.81     18.35      2.40     0.86     39.4
       186 scatter_axpy             10720.36     25.56     15.12      2.10     0.00      0.2
       187 gemm(gemv)               10761.04     19.88     11.69      2.20     0.59     29.7
       188 gemm(gemv)               10792.61     24.15     15.43      2.50     0.59     24.4
       189 silu_mul                 10832.19     25.52     15.48      1.80     0.00      0.0
       190 gemm(gemv)               10873.19     20.60     12.77      2.20     0.86     41.8
       191 add_inplace              10906.56     22.69     14.34      2.50     0.00      0.0
       192 add_inplace              10943.59     18.01     12.89      1.90     0.00      0.0
       193 rmsnorm                  10974.49     23.57     17.07      3.00     0.00      0.0
       194 gemm(gemv)               11015.13     44.06     16.19      2.90     9.44    214.2
       195 gemm(gemv)               11075.38      8.76      2.52      2.60     1.18    134.7
       196 gemm(gemv)               11086.66     27.43     13.48      2.90     1.72     62.7
       197 qk_norm                  11127.57      2.72     28.01      3.40     0.00      0.0
       198 rope                     11158.30     45.80     26.52      3.40     0.00      0.0
       199 kv_append                11230.62     21.99      9.32      2.60     0.00      0.0
       200 attention                11261.93     34.98     16.53      6.30     0.00      0.0
       201 gemm(gemv)               11313.44      0.44     21.93      2.50     0.07    167.6
       202 softplus_act             11335.81      0.44     37.30      2.50     0.00      0.0
       203 mul_head_bcast           11373.55      0.36     69.76      2.60     0.00      0.0
       204 gemm(gemv)               11443.67     25.36      3.80      2.80     9.44    372.1
       205 add_inplace              11472.83      0.36     10.48      2.10     0.00      0.0
       206 rmsnorm                  11483.67     45.88      7.15      2.70     0.00      0.0
       207 fill0                    11536.70     22.28      7.56      2.80     0.00      0.0
       208 gemm(gemv)               11566.54     25.37     15.71      2.20     1.05     41.3
       209 download_f32             11607.62     46.87     90.30     89.70     0.00      0.0
       210 upload_i32               11744.79     36.90      3.13      4.50     0.00      0.0
       211 upload                   11784.82     33.31     18.39      3.40     0.00      0.0
       212 gather_rows              11836.52      0.48     39.83      5.20     0.00      8.5
       213 gemm(gemv)               11876.83     20.16     18.21      4.30     0.59     29.3
       214 gemm(gemv)               11915.20     25.91     17.65      2.20     0.59     22.8
       215 silu_mul                 11958.76     18.44     10.48      2.60     0.00      0.0
       216 gemm(gemv)               11987.68     22.94     17.53      2.70     0.86     37.5
       217 scatter_axpy             12028.15     26.33     15.04      2.30     0.00      0.2
       218 upload_i32               12069.52     48.22     32.88      2.50     0.00      0.0
       219 upload                   12150.62     37.12     30.28      2.80     0.00      0.0
       220 gather_rows              12218.02     54.30     29.90      2.30     0.00      0.1
       221 gemm(gemv)               12302.22    114.30     52.28      3.40     0.59      5.2
       222 gemm(gemv)               12468.80     13.60      1.24      2.40     0.59     43.4
       223 silu_mul                 12483.64     26.52     16.71      2.40     0.00      0.0
       224 gemm(gemv)               12526.87     36.06     17.95      2.30     0.86     23.9
       225 scatter_axpy             12580.88     37.12     11.56      2.80     0.00      0.1
       226 upload_paged             12629.56    280.13     74.06    866.70     2.04      7.3
       227 upload_i32               12983.75     94.80     30.77      7.70     0.00      0.0
       228 upload                   13109.32     58.92    110.05      2.90     0.00      0.0
       229 gather_rows              13278.29     64.36     43.23      5.40     0.00      0.1
       230 gemm(gemv)               13385.88    108.90     28.24      3.50     0.59      5.4
       231 gemm(gemv)               13523.02      0.44    172.54      2.50     0.59   1340.5
       232 silu_mul                 13696.00     29.17     23.67      2.70     0.00      0.0
       233 gemm(gemv)               13748.84     53.32      0.00      2.40     0.86     16.1
       234 scatter_axpy             13802.16      0.00     33.52      2.30     0.00      0.0
       235 upload_i32               13835.68    505.24     43.06      3.50     0.00      0.0
       236 upload                   14383.98     85.36     42.38      2.70     0.00      0.0
       237 gather_rows              14511.72      0.36     11.48      2.70     0.00     11.4
       238 gemm(gemv)               14523.56     37.52      0.00      2.60     0.59     15.7
       239 gemm(gemv)               14561.08     27.25     16.83      2.80     0.59     21.6
       240 silu_mul                 14605.16     28.57     14.55      2.10     0.00      0.0
       241 gemm(gemv)               14648.28     31.36     15.98      2.40     0.86     27.4
       242 scatter_axpy             14695.62     46.94     18.14      2.40     0.00      0.1
       243 upload_i32               14760.70     45.38     10.66      2.40     0.00      0.0
       244 upload                   14816.74     33.49      8.62      2.00     0.00      0.0
       245 gather_rows              14858.85     29.56     21.59      1.80     0.00      0.1
       246 gemm(gemv)               14910.00     76.27     29.66      3.00     0.59      7.7
       247 gemm(gemv)               15015.93     62.13      1.32      2.80     0.59      9.5
       248 silu_mul                 15079.38     55.88     20.78      1.90     0.00      0.0
       249 gemm(gemv)               15156.04     42.64      0.00      2.80     0.86     20.2
       250 scatter_axpy             15198.68      5.80     23.16      1.70     0.00      0.7
       251 warm_read                15227.64      5.80     47.60    173.10     0.00      0.0
       252 warm_read                15281.04     42.24      4.40    135.80     0.00      0.0
       253 warm_read                15327.68     10.08      4.28    220.80     0.00      0.0
       254 upload_paged             15342.04     22.16    110.30    591.80     2.04     92.0
       255 upload_i32               15474.50     52.04     14.84      8.20     0.00      0.0
       256 upload                   15541.38     71.52     24.56      3.90     0.00      0.0
       257 gather_rows              15637.46     20.56      4.12      6.80     0.00      0.2
       258 gemm(gemv)               15662.14      0.36     53.32      3.70     0.59   1638.4
       259 gemm(gemv)               15715.82     47.64      0.00      2.50     0.59     12.4
       260 silu_mul                 15763.46      8.00     13.56      2.40     0.00      0.0
       261 gemm(gemv)               15785.02      0.36     69.16      3.20     0.86   2389.3
       262 scatter_axpy             15854.54     43.96      4.56      2.70     0.00      0.1
       263 upload_i32               15903.06     47.32     19.40      3.00     0.00      0.0
       264 upload                   15969.78     32.56      4.48      2.60     0.00      0.0
       265 gather_rows              16006.82      0.36     54.72      2.90     0.00     11.4
       266 gemm(gemv)               16061.90     62.80      8.22      4.20     0.59      9.4
       267 gemm(gemv)               16132.92      0.48     15.24      3.20     0.59   1228.8
       268 silu_mul                 16148.64      0.36     49.12      2.70     0.00      0.0
       269 gemm(gemv)               16198.12     46.16      9.52      3.30     0.86     18.6
       270 scatter_axpy             16253.80      0.44     14.56      2.70     0.00      9.3
       271 upload_i32               16268.80      7.44     53.20      2.90     0.00      0.0
       272 upload                   16329.44     50.36     16.88      2.60     0.00      0.0
       273 gather_rows              16396.68    163.88    113.94      2.40     0.00      0.0
       274 gemm(gemv)               16674.50     44.44      9.32      4.00     0.59     13.3
       275 gemm(gemv)               16728.26      0.00     18.48      3.00     0.59      0.0
       276 silu_mul                 16746.74      0.36     50.60      3.00     0.00      0.0
       277 gemm(gemv)               16797.70     49.56      5.44      2.90     0.86     17.4
       278 scatter_axpy             16852.70      6.96      4.12      2.80     0.00      0.6
       279 gemm(gemv)               16863.78     48.92     15.36      3.30     0.59     12.1
       280 gemm(gemv)               16928.06     21.92     18.76      2.70     0.59     26.9
       281 silu_mul                 16968.74     59.64     10.60      2.90     0.00      0.0
       282 gemm(gemv)               17038.98     39.92     13.66      3.30     0.86     21.5
       283 add_inplace              17092.56    174.96      1.78      3.70     0.00      0.0
       284 add_inplace              17269.30     26.08     12.64      2.20     0.00      0.0
       285 rmsnorm                  17308.02     45.08     19.82      3.30     0.00      0.0
       286 gemm(gemv)               17372.92     75.16      7.12      4.20     7.08     94.2
       287 gemm(gemv)               17455.20      0.36     12.40      3.00     1.18   3276.8
       288 gemm(gemv)               17467.96     54.56      3.48      2.60     1.72     31.5
       289 qk_norm                  17526.00      0.00     14.60      4.20     0.00      0.0
       290 rope                     17540.60      0.36     52.32      4.20     0.00      0.0
       291 kv_append                17593.28     42.48      9.72      3.10     0.00      0.0
       292 attention                17645.48     26.56      2.52      8.10     0.00      0.0
       293 gemm(gemv)               17674.56     42.72     14.24      4.00     0.06      1.3
       294 softplus_act             17731.52      0.48     14.96      2.40     0.00      0.0
       295 mul_head_bcast           17746.96      0.36     48.64      3.00     0.00      0.0
       296 gemm(gemv)               17795.96     57.84     10.16      3.10     7.08    122.4
       297 add_inplace              17863.96      0.36      9.52      2.50     0.00      0.0
       298 rmsnorm                  17873.84     47.36      6.36      2.40     0.00      0.0
       299 fill0                    17927.56     40.80      1.44      3.00     0.00      0.0
       300 gemm(gemv)               17969.80     14.90     19.80      2.70     1.05     70.4
       301 download_f32             18004.50     66.24     92.10     91.20     0.00      0.0
       302 upload_i32               18162.84     41.04     15.36      4.40     0.00      0.0
       303 upload                   18219.24     16.08     18.80      2.60     0.00      0.0
       304 gather_rows              18254.12     20.24     16.32      5.10     0.00      0.2
       305 gemm(gemv)               18290.68     65.16      8.72      3.80     0.59      9.1
       306 gemm(gemv)               18364.56      0.44     10.36      2.40     0.59   1340.5
       307 silu_mul                 18375.36     46.00     11.56      2.60     0.00      0.0
       308 gemm(gemv)               18432.92      0.56     20.64      3.10     0.86   1536.0
       309 scatter_axpy             18454.12      0.36     49.44      2.50     0.00     11.4
       310 upload_i32               18503.92     50.24     10.60      2.80     0.00      0.0
       311 upload                   18564.76     32.76      5.80      2.30     0.00      0.0
       312 gather_rows              18603.32      0.36     47.24      2.50     0.00     11.4
       313 gemm(gemv)               18650.92     46.48      8.00      2.70     0.59     12.7
       314 gemm(gemv)               18705.40      0.48     17.24      2.40     0.59   1228.8
       315 silu_mul                 18723.12      0.36     45.56      1.90     0.00      0.0
       316 gemm(gemv)               18769.04     45.24      9.48      2.00     0.86     19.0
       317 scatter_axpy             18823.76      0.44     14.80      1.80     0.00      9.3
       318 upload_i32               18839.00      4.88     52.68      2.50     0.00      0.0
       319 upload                   18896.56      4.96     51.04      2.70     0.00      0.0
       320 gather_rows              18952.56      0.36     47.64      2.10     0.00     11.4
       321 gemm(gemv)               19000.56     47.24      8.32      2.90     0.59     12.5
       322 gemm(gemv)               19056.12      2.38     15.40      2.20     0.59    247.8
       323 silu_mul                 19073.90      0.44     59.32      2.20     0.00      0.0
       324 gemm(gemv)               19133.66      0.32     49.56      2.30     0.86   2688.0
       325 scatter_axpy             19183.54     43.60      6.00      2.40     0.00      0.1
       326 upload_i32               19233.14     47.40     19.04      2.30     0.00      0.0
       327 upload                   19299.58     32.60      4.28      2.00     0.00      0.0
       328 gather_rows              19336.46      0.36     63.64      2.20     0.00     11.4
       329 gemm(gemv)               19400.46     46.24      9.88      3.10     0.59     12.8
       330 gemm(gemv)               19456.58      0.38     16.04      2.60     0.59   1552.2
       331 silu_mul                 19473.00      0.36     66.44      2.10     0.00      0.0
       332 gemm(gemv)               19539.80     48.12      0.00      2.00     0.86     17.9
       333 scatter_axpy             19587.92      0.00     14.08      2.20     0.00      0.0
       334 upload_i32               19602.00      8.36     60.20      2.90     0.00      0.0
       335 upload                   19670.56      4.96     51.76      2.20     0.00      0.0
       336 gather_rows              19727.28      0.36     49.08      2.20     0.00     11.4
       337 gemm(gemv)               19776.72     44.28     13.92      2.60     0.59     13.3
       338 gemm(gemv)               19834.92      4.70     15.48      2.50     0.59    125.5
       339 silu_mul                 19855.10      0.36     52.76      2.30     0.00      0.0
       340 gemm(gemv)               19908.22     48.32      4.98      2.40     0.86     17.8
       341 scatter_axpy             19961.52      0.80     14.28      2.10     0.00      5.1
       342 upload_i32               19976.60      4.80     54.32      2.00     0.00      0.0
       343 upload                   20035.72      4.92     53.36      3.30     0.00      0.0
       344 gather_rows              20094.00      0.40     48.96      2.50     0.00     10.2
       345 gemm(gemv)               20143.36     44.88     11.24      2.30     0.59     13.1
       346 gemm(gemv)               20199.48      0.82     16.40      2.80     0.59    719.3
       347 silu_mul                 20216.70      0.36     50.20      1.80     0.00      0.0
       348 gemm(gemv)               20267.26     48.28      6.84      2.50     0.86     17.8
       349 scatter_axpy             20322.38      0.58     14.44      1.70     0.00      7.1
       350 upload_i32               20337.40      4.84     54.12      2.30     0.00      0.0
       351 upload                   20396.36     17.60     56.64      2.80     0.00      0.0
       352 gather_rows              20470.60      0.36     66.84      2.40     0.00     11.4
       353 gemm(gemv)               20537.80     51.00      0.00      2.50     0.59     11.6
       354 gemm(gemv)               20588.80     43.88     14.12      2.30     0.59     13.4
       355 silu_mul                 20646.80      0.36     95.20      2.10     0.00      0.0
       356 gemm(gemv)               20742.36     75.88      0.00      2.40     0.86     11.3
       357 scatter_axpy             20818.24      0.00     14.16      1.80     0.00      0.0
       358 upload_i32               20832.40      4.92     58.64     34.60     0.00      0.0
       359 upload                   20895.96      4.88     51.08      3.10     0.00      0.0
       360 gather_rows              20951.92      0.36     46.88      2.30     0.00     11.4
       361 gemm(gemv)               20999.16     46.36      7.56      3.10     0.59     12.7
       362 gemm(gemv)               21053.08     11.76      1.44      2.30     0.59     50.2
       363 silu_mul                 21066.28     45.48      9.92      2.30     0.00      0.0
       364 gemm(gemv)               21121.68      0.56     21.44      2.80     0.86   1536.0
       365 scatter_axpy             21143.68     42.92     17.48      2.20     0.00      0.1
       366 gemm(gemv)               21204.08     43.68      2.52      2.40     0.59     13.5
       367 gemm(gemv)               21250.28     18.96      1.36      2.90     0.59     31.1
       368 silu_mul                 21270.60     59.40     15.56      2.80     0.00      0.0
       369 gemm(gemv)               21345.56      8.56     20.08      1.90     0.86    100.5
       370 add_inplace              21374.20      0.36     63.32      2.50     0.00      0.0
       371 add_inplace              21437.88     45.36      1.22      2.30     0.00      0.0
       372 rmsnorm                  21484.46      0.44     18.80      2.30     0.00      0.0
       373 gemm_group               21503.70     34.20     40.36      5.30     0.00      0.0
       374 qk_norm                  21578.26      1.74     13.80      3.70     0.00      0.0
       375 rope                     21593.80      0.36     51.76      3.80     0.00      0.0
       376 kv_append                21645.92     43.04     10.68      2.70     0.00      0.0
       377 attention                21699.64     26.72      3.80      6.30     0.00      0.0
       378 gemm(gemv)               21730.16     42.68     14.24      2.70     0.07      1.7
       379 softplus_act             21787.08      0.82     16.40      2.30     0.00      0.0
       380 mul_head_bcast           21804.30      0.36     50.56      7.80     0.00      0.0
       381 gemm(gemv)               21855.22     65.16      7.28      2.80     9.44    144.8
       382 add_inplace              21927.66      0.36      9.76      2.10     0.00      0.0
       383 rmsnorm                  21937.78     53.76      8.82      2.20     0.00      0.0
       384 fill0                    22000.36      3.88     14.36      2.40     0.00      0.0
       385 gemm(gemv)               22018.60      1.10     71.90      2.90     1.05    953.3
       386 download_f32             22091.60     72.20    113.60    113.60     0.00      0.0
       387 upload_i32               22277.40     23.32      4.16      5.00     0.00      0.0
       388 upload                   22304.88      0.00     51.12      2.90     0.00      0.0
       389 gather_rows              22356.00     49.20     46.60      5.50     0.00      0.1
       390 gemm(gemv)               22451.80     44.04     13.60      4.90     0.59     13.4
       391 gemm(gemv)               22509.44     44.52      5.08      2.80     0.59     13.2
       392 silu_mul                 22559.04     70.32     28.06      2.60     0.00      0.0
       393 gemm(gemv)               22657.42      0.56     21.20      2.60     0.59   1053.3
       394 scatter_axpy             22679.18     21.04     16.28      2.20     0.00      0.2
       395 upload_i32               22716.50     50.84     14.84      2.50     0.00      0.0
       396 upload                   22782.18     41.00     27.08      2.60     0.00      0.0
       397 gather_rows              22850.26      0.00     17.84      2.60     0.00      0.0
       398 gemm(gemv)               22868.10      0.36     52.08      2.90     0.59   1638.4
       399 gemm(gemv)               22920.54     48.04      8.84      2.40     0.59     12.3
       400 silu_mul                 22977.42      6.96     13.32      2.50     0.00      0.0
       401 gemm(gemv)               22997.70      0.36     65.56      2.40     0.59   1638.4
       402 scatter_axpy             23063.62     47.12      0.00      2.80     0.00      0.1
       403 upload_i32               23110.74     60.08     17.84      2.60     0.00      0.0
       404 upload                   23188.66     39.68     21.44      2.60     0.00      0.0
       405 gather_rows              23249.78      0.48     16.40      2.00     0.00      8.5
       406 gemm(gemv)               23266.66      0.36     49.40      2.90     0.59   1638.4
       407 gemm(gemv)               23316.42     46.00     10.24      3.40     0.59     12.8
       408 silu_mul                 23372.66      4.20     14.56      2.20     0.00      0.0
       409 gemm(gemv)               23391.42      0.36     66.88      2.50     0.59   1638.4
       410 scatter_axpy             23458.66     47.00      2.56      2.20     0.00      0.1
       411 upload_i32               23508.22    140.88     18.28      2.40     0.00      0.0
       412 upload                   23667.38     43.08     12.16      2.40     0.00      0.0
       413 gather_rows              23722.62      0.36     65.56      2.70     0.00     11.4
       414 gemm(gemv)               23788.54     52.56      3.48      2.70     0.59     11.2
       415 gemm(gemv)               23844.58      3.96     11.48      3.00     0.59    148.9
       416 silu_mul                 23860.02      0.36     70.72      1.70     0.00      0.0
       417 gemm(gemv)               23931.10     43.64     13.72      2.70     0.59     13.5
       418 scatter_axpy             23988.46      0.36     10.96      2.60     0.00     11.4
       419 upload_i32               23999.78     27.64     15.80      2.00     0.00      0.0
       420 upload                   24043.22      4.92     56.48      2.20     0.00      0.0
       421 gather_rows              24104.62      0.36     46.92      1.70     0.00     11.4
       422 gemm(gemv)               24151.90     44.92     11.12      3.00     0.59     13.1
       423 gemm(gemv)               24207.94     11.08      1.32      2.80     0.59     53.2
       424 silu_mul                 24220.34     41.72     14.96      2.30     0.00      0.0
       425 gemm(gemv)               24277.02      0.44     15.52      2.60     0.59   1340.5
       426 scatter_axpy             24292.98     28.72     38.68      2.50     0.00      0.1
       427 upload_i32               24360.38     44.28      8.84      2.00     0.00      0.0
       428 upload                   24413.50     50.80     29.52      2.90     0.00      0.0
       429 gather_rows              24493.82    178.96    172.10      1.80     0.00      0.0
       430 gemm(gemv)               24844.88     17.64      5.24      2.60     0.59     33.4
       431 gemm(gemv)               24867.76     63.96      0.00      2.90     0.59      9.2
       432 silu_mul                 24931.72     43.44      6.56      2.20     0.00      0.0
       433 gemm(gemv)               24981.72      0.36    174.20      2.20     0.59   1638.4
       434 scatter_axpy             25156.28     46.16      0.00      2.10     0.00      0.1
       435 upload_i32               25202.44     45.76     17.04      2.30     0.00      0.0
       436 upload                   25265.24     19.32     20.52      2.60     0.00      0.0
       437 gather_rows              25305.08     21.36     18.00      2.60     0.00      0.2
       438 gemm(gemv)               25344.44     47.76     14.04      2.30     0.59     12.3
       439 gemm(gemv)               25406.24      4.88     13.96      2.00     0.59    120.9
       440 silu_mul                 25425.08      0.36     52.92      1.70     0.00      0.0
       441 gemm(gemv)               25478.36     49.48      5.12      2.60     0.59     11.9
       442 scatter_axpy             25532.96      0.44     15.40      2.00     0.00      9.3
       443 upload_i32               25548.80     70.60     22.48      2.50     0.00      0.0
       444 upload                   25641.88     41.12     26.96      2.60     0.00      0.0
       445 gather_rows              25709.96      0.00     17.00      2.60     0.00      0.0
       446 gemm(gemv)               25726.96      0.36     52.36      2.10     0.59   1638.4
       447 gemm(gemv)               25779.68     46.96      6.28      2.40     0.59     12.6
       448 silu_mul                 25832.92      7.64     13.80      2.00     0.00      0.0
       449 gemm(gemv)               25854.36      0.36     65.48      2.10     0.59   1638.4
       450 scatter_axpy             25920.20     47.32      0.36      2.10     0.00      0.1
       451 gemm(gemv)               25967.88      2.16     15.72      2.40     0.59    273.1
       452 gemm(gemv)               25985.76      0.36     52.92      2.30     0.59   1638.4
       453 silu_mul                 26039.04     44.04      5.32      2.10     0.00      0.0
       454 gemm(gemv)               26088.40      0.44     17.36      1.90     0.59   1340.5
       455 add_inplace              26106.20      0.32     46.80      2.30     0.00      0.0
       456 add_inplace              26153.32     44.04     10.12      2.30     0.00      0.0
       457 rmsnorm                  26207.48      0.48     20.04      3.20     0.00      0.0
       458 gemm_group               26228.00     34.32     48.48      3.30     0.00      0.0
       459 qk_norm                  26310.80      2.72     12.24      3.50     0.00      0.0
       460 rope                     26325.76     60.76     14.92      4.10     0.00      0.0
       461 kv_append                26401.44      3.40     13.92      3.20     0.00      0.0
       462 attention                26418.76     20.52     44.64      6.60     0.00      0.0
       463 gemm(gemv)               26483.92      0.44     20.00      2.20     0.07    167.6
       464 softplus_act             26504.36      0.36     47.76      2.00     0.00      0.0
       465 mul_head_bcast           26552.48     45.92      7.38      2.50     0.00      0.0
       466 gemm(gemv)               26605.78     32.08      3.60      2.10     9.44    294.2
       467 add_inplace              26641.46     41.92      8.76      3.00     0.00      0.0
       468 rmsnorm                  26692.14      0.48     18.04      2.20     0.00      0.0
       469 fill0                    26710.66      0.36     53.08      2.80     0.00      0.0
       470 gemm(gemv)               26764.10     60.18     12.88      2.50     1.05     17.4
       471 download_f32             26837.16     65.68     81.90     82.00     0.00      0.0
       472 upload_i32               26984.74     20.72      4.56      4.60     0.00      0.0
       473 upload                   27010.02     29.12     17.12      2.30     0.00      0.0
       474 gather_rows              27056.26      0.36     65.52      4.40     0.00     11.4
       475 gemm(gemv)               27122.14     48.32      0.00      3.20     0.59     12.2
       476 gemm(gemv)               27170.46      8.16      1.32      2.80     0.59     72.3
       477 silu_mul                 27179.94     41.48     13.84      2.50     0.00      0.0
       478 gemm(gemv)               27235.26      0.56     20.08      2.10     0.59   1053.3
       479 scatter_axpy             27255.90      0.36     64.08      2.20     0.00     11.4
       480 upload_i32               27320.34     54.12      7.00      2.90     0.00      0.0
       481 upload                   27381.46     19.84     26.72      2.60     0.00      0.0
       482 gather_rows              27428.02     67.24     27.42      2.20     0.00      0.1
       483 gemm(gemv)               27522.68      0.00     16.88      3.10     0.59      0.0
       484 gemm(gemv)               27539.56      0.36     52.84      2.60     0.59   1638.4
       485 silu_mul                 27592.76     43.48      8.56      2.20     0.00      0.0
       486 gemm(gemv)               27644.80      0.44     19.52      2.80     0.59   1340.5
       487 scatter_axpy             27664.76      0.36     45.56      2.20     0.00     11.4
       488 upload_i32               27710.68    126.32     79.18      3.60     0.00      0.0
       489 upload                   27916.18     73.28      0.00      2.00     0.00      0.0
       490 gather_rows              27989.46     21.16      4.24      1.90     0.00      0.2
       491 gemm(gemv)               28014.86     47.52      0.00      2.70     0.59     12.4
       492 gemm(gemv)               28062.38     10.56     16.52      2.90     0.59     55.9
       493 silu_mul                 28089.46      0.36     63.68      2.00     0.00      0.0
       494 gemm(gemv)               28153.50     48.20      0.00      3.10     0.59     12.2
       495 scatter_axpy             28201.70      4.52     14.28      1.80     0.00      0.9
       496 upload_i32               28220.50      2.08     58.92      2.30     0.00      0.0
       497 upload                   28281.50      4.96     54.56      2.00     0.00      0.0
       498 gather_rows              28341.02      0.36     46.88      2.40     0.00     11.4
       499 gemm(gemv)               28388.26     46.32      9.08      2.70     0.59     12.7
       500 gemm(gemv)               28443.66      8.84     16.60      2.50     0.59     66.7
       501 silu_mul                 28469.10      0.36     63.96      2.70     0.00      0.0
       502 gemm(gemv)               28533.42     48.04      0.00      2.30     0.59     12.3
       503 scatter_axpy             28581.46      0.00     15.00      2.10     0.00      0.0
       504 upload_i32               28596.46      4.84     53.72      2.10     0.00      0.0
       505 upload                   28655.02      4.84     51.08      2.00     0.00      0.0
       506 gather_rows              28710.94      0.36     47.60      2.30     0.00     11.4
       507 gemm(gemv)               28758.90     46.88      9.52      2.60     0.59     12.6
       508 gemm(gemv)               28815.30      3.36     15.60      2.10     0.59    175.5
       509 silu_mul                 28834.26      0.36     52.28      2.90     0.00      0.0
       510 gemm(gemv)               28886.90     51.12      7.36      2.00     0.59     11.5
       511 scatter_axpy             28945.38      2.96     13.92      1.80     0.00      1.4
       512 upload_i32               28962.26      4.80     58.40      2.10     0.00      0.0
       513 upload                   29025.46     46.00     51.40      1.90     0.00      0.0
       514 gather_rows              29122.86      0.44     19.08      1.90     0.00      9.3
       515 gemm(gemv)               29142.38      0.36     46.52      2.30     0.59   1638.4
       516 gemm(gemv)               29189.26     46.52      2.00      3.00     0.59     12.7
       517 silu_mul                 29237.78     12.12     12.96      2.20     0.00      0.0
       518 gemm(gemv)               29262.86      0.36     66.96      2.50     0.59   1638.4
       519 scatter_axpy             29330.18     47.76      0.00      2.00     0.00      0.1
       520 upload_i32               29377.94     41.16     18.60      2.70     0.00      0.0
       521 upload                   29437.70     16.68     20.40      2.50     0.00      0.0
       522 gather_rows              29474.78     43.24     17.04      2.40     0.00      0.1
       523 gemm(gemv)               29535.06      0.00     14.32      2.10     0.59      0.0
       524 gemm(gemv)               29549.38      0.36     50.80      2.80     0.59   1638.4
       525 silu_mul                 29600.54     45.36      7.14      1.80     0.00      0.0
       526 gemm(gemv)               29653.04      0.44     19.32      2.40     0.59   1340.5
       527 scatter_axpy             29672.80      0.36     45.84      1.60     0.00     11.4
       528 upload_i32               29719.00     52.44      8.92      2.10     0.00      0.0
       529 upload                   29780.36     68.96     12.92      2.40     0.00      0.0
       530 gather_rows              29862.24      3.68     24.16      2.30     0.00      1.1
       531 gemm(gemv)               29890.08      0.36     68.00      2.90     0.59   1638.4
       532 gemm(gemv)               29958.44     49.32      0.00      2.20     0.59     12.0
       533 silu_mul                 30007.76     11.04      1.44      2.40     0.00      0.0
       534 gemm(gemv)               30020.24     71.48     25.00      2.50     0.59      8.3
       535 scatter_axpy             30116.72     24.04      5.68      1.90     0.00      0.2
       536 gemm(gemv)               30146.44     62.84      9.50      2.90     0.59      9.4
       537 gemm(gemv)               30218.78     43.30     14.86      2.20     0.59     13.6
       538 silu_mul                 30276.94      0.36     69.64     48.00     0.00      0.0
       539 gemm(gemv)               30346.94     73.80     12.20      3.50     0.59      8.0
       540 add_inplace              30432.94      0.00     13.36      2.50     0.00      0.0
       541 add_inplace              30446.30      0.36     53.08      2.70     0.00      0.0
       542 rmsnorm                  30499.74     50.24      5.76      3.00     0.00      0.0
       543 gemm(gemv)               30555.74     30.76      1.44      2.70     9.44    306.8
       544 gemm(gemv)               30587.94      9.40     19.36      2.80     1.18    125.5
       545 gemm(gemv)               30616.70      0.36     68.72      2.00     1.72   4778.7
       546 qk_norm                  30685.78    107.04     52.42      2.80     0.00      0.0
       547 rope                     30845.24     43.28      6.40      2.90     0.00      0.0
       548 kv_append                30894.92      0.48     17.88      2.90     0.00      0.0
       549 attention                30913.28     33.20     16.60      6.60     0.00      0.0
       550 gemm(gemv)               30963.08     17.72      5.44      2.30     0.07      4.2
       551 softplus_act             30986.24     41.84     14.04      1.90     0.00      0.0
       552 mul_head_bcast           31042.12     38.20      4.20      1.80     0.00      0.0
       553 gemm(gemv)               31084.52     37.92     16.28      2.30     9.44    248.9
       554 add_inplace              31138.72      0.00     20.24      2.40     0.00      0.0
       555 rmsnorm                  31158.96    198.28     33.00      2.00     0.00      0.0
       556 fill0                    31390.24      0.00     16.36      2.30     0.00      0.0
       557 gemm(gemv)               31406.60      0.80     61.60      2.60     1.05   1310.7
       558 download_f32             31469.00     65.04     82.70     82.20     0.00      0.0
       559 upload_i32               31616.74     20.44      4.24      4.90     0.00      0.0
       560 upload                   31641.42     50.40     17.64      2.40     0.00      0.0
       561 gather_rows              31709.46      0.48     15.24      5.10     0.00      8.5
       562 gemm(gemv)               31725.18     62.08     16.20      4.40     0.59      9.5
       563 gemm(gemv)               31803.46      0.48     13.00      2.40     0.59   1228.8
       564 silu_mul                 31816.94     41.80     10.00      2.90     0.00      0.0
       565 gemm(gemv)               31868.74      0.56     16.12      2.40     0.86   1536.0
       566 scatter_axpy             31885.42      0.36     46.24      2.50     0.00     11.4
       567 upload_i32               31932.02     53.20      0.00      2.60     0.00      0.0
       568 upload                   31985.22     25.72      5.84      2.60     0.00      0.0
       569 gather_rows              32016.78     50.60     13.04      2.20     0.00      0.1
       570 gemm(gemv)               32080.42      0.44     13.20      3.40     0.59   1340.5
       571 gemm(gemv)               32094.06     60.76     18.16      2.00     0.59      9.7
       572 silu_mul                 32172.98      7.12      1.40      2.40     0.00      0.0
       573 gemm(gemv)               32181.50     23.04     14.40      2.70     0.86     37.3
       574 scatter_axpy             32218.94     44.40      4.28      1.60     0.00      0.1
       575 upload_i32               32267.62      8.24     12.96      2.20     0.00      0.0
       576 upload                   32288.82     16.00     40.80      2.70     0.00      0.0
       577 gather_rows              32345.62     44.24      8.00      1.70     0.00      0.1
       578 gemm(gemv)               32397.86     11.28      2.56      3.60     0.59     52.3
       579 gemm(gemv)               32411.70     20.36     11.08      2.60     0.59     29.0
       580 silu_mul                 32443.14     41.64     13.36      1.80     0.00      0.0
       581 gemm(gemv)               32498.14      9.80      3.64      2.50     0.86     87.8
       582 scatter_axpy             32511.58     43.20     10.48      2.80     0.00      0.1
       583 upload_i32               32565.26     48.58      2.68      2.50     0.00      0.0
       584 upload                   32616.52     36.24     90.56      2.40     0.00      0.0
       585 gather_rows              32743.32     78.08     55.60      2.80     0.00      0.1
       586 gemm(gemv)               32877.00     70.52      7.22      3.40     0.59      8.4
       587 gemm(gemv)               32954.74     77.84      7.78      1.90     0.59      7.6
       588 silu_mul                 33040.36      0.00     12.96      1.60     0.00      0.0
       589 gemm(gemv)               33053.32      0.00     59.00      2.40     0.86      0.0
       590 scatter_axpy             33112.32      0.36     53.00      1.80     0.00     11.4
       591 warm_read                33165.68     42.12      3.24    161.20     0.00      0.0
       592 warm_read                33211.04      4.32      4.28    153.20     0.00      0.0
       593 warm_read                33219.64     49.76     16.78    225.20     0.00      0.0
       594 upload_paged             33286.18      4.44     69.28    601.40     2.04    459.4
       595 upload_i32               33359.90     56.40      8.42      5.40     0.00      0.0
       596 upload                   33424.72     19.12     27.60      3.40     0.00      0.0
       597 gather_rows              33471.44     42.88     16.96      4.80     0.00      0.1
       598 gemm(gemv)               33531.28      0.00     16.00      3.30     0.59      0.0
       599 gemm(gemv)               33547.28      0.36     51.84      2.30     0.59   1638.4
       600 silu_mul                 33599.48     45.40      5.50      2.30     0.00      0.0
       601 gemm(gemv)               33650.38      0.44     21.00      2.80     0.86   1954.9
       602 scatter_axpy             33671.82     43.16     16.80      3.00     0.00      0.1
       603 upload_i32               33731.78     59.24     16.92      2.80     0.00      0.0
       604 upload                   33807.94     17.60     21.04      2.20     0.00      0.0
       605 gather_rows              33846.58     42.96     17.72      1.70     0.00      0.1
       606 gemm(gemv)               33907.26      4.32     14.40      4.30     0.59    136.5
       607 gemm(gemv)               33925.98      0.36     54.32      2.40     0.59   1638.4
       608 silu_mul                 33980.66     45.24      2.72      2.00     0.00      0.0
       609 gemm(gemv)               34028.62      0.48     18.60      2.30     0.86   1792.0
       610 scatter_axpy             34047.70      0.36     46.08      2.10     0.00     11.4
       611 upload_i32               34094.14     52.72      8.56      2.70     0.00      0.0
       612 upload                   34155.42     39.68     28.88      2.40     0.00      0.0
       613 gather_rows              34223.98      0.48     16.04      2.40     0.00      8.5
       614 gemm(gemv)               34240.50      0.36     49.08      2.60     0.59   1638.4
       615 gemm(gemv)               34289.94     47.56      8.60      2.20     0.59     12.4
       616 silu_mul                 34346.10      7.86     13.12      2.00     0.00      0.0
       617 gemm(gemv)               34367.08      0.36     66.96      2.80     0.86   2389.3
       618 scatter_axpy             34434.40     47.12      0.00      1.80     0.00      0.1
       619 upload_i32               34481.52     57.84     18.48      2.30     0.00      0.0
       620 upload                   34557.84     47.12     21.72      2.00     0.00      0.0
       621 gather_rows              34626.68      0.48     17.96      2.70     0.00      8.5
       622 gemm(gemv)               34645.12      0.36     47.00      3.20     0.59   1638.4
       623 gemm(gemv)               34692.48     46.24      8.24      2.70     0.59     12.8
       624 silu_mul                 34746.96      4.16     14.68      2.10     0.00      0.0
       625 gemm(gemv)               34765.80      0.36     56.56      2.70     0.86   2389.3
       626 scatter_axpy             34822.72     94.80     49.38      2.40     0.00      0.0
       627 gemm(gemv)               34966.90     12.52      3.48      2.90     0.59     47.1
       628 gemm(gemv)               34982.90     48.16      0.00      2.90     0.59     12.2
       629 silu_mul                 35031.06      3.16     15.08      2.10     0.00      0.0
       630 gemm(gemv)               35049.30      0.36     55.92      2.10     0.86   2389.3
       631 add_inplace              35105.58     49.12      5.92      2.80     0.00      0.0
       632 add_inplace              35160.62      4.78     12.60      2.70     0.00      0.0
       633 rmsnorm                  35178.00      0.36     67.36      2.30     0.00      0.0
       634 gemm_group               35245.72     73.20      3.58      3.10     0.00      0.0
       635 qk_norm                  35322.50      2.52      8.48      3.60     0.00      0.0
       636 rope                     35333.50      2.72     19.96      3.70     0.00      0.0
       637 kv_append                35356.18     20.16     13.68      2.70     0.00      0.0
       638 attention                35390.02     65.68      8.48      7.90     0.00      0.0
       639 gemm(gemv)               35464.18      2.52      2.80      2.30     0.06     21.9
       640 softplus_act             35469.50     63.36     22.30      2.10     0.00      0.0
       641 mul_head_bcast           35555.16      0.48     18.20      2.20     0.00      0.0
       642 gemm(gemv)               35573.84     36.27     23.92      3.40     7.08    195.1
       643 add_inplace              35634.03     19.37      2.52      2.50     0.00      0.0
       644 rmsnorm                  35655.92     24.91     27.67      2.70     0.00      0.0
       645 fill0                    35708.50     29.95      1.30      2.80     0.00      0.0
       646 gemm(gemv)               35739.75     38.38     14.37      2.40     1.05     27.3
       647 download_f32             35792.50     44.94     70.80     71.10     0.00      0.0
       648 upload_i32               35908.24     51.68     10.46      4.40     0.00      0.0
       649 upload                   35970.38     37.79     18.63      2.40     0.00      0.0
       650 gather_rows              36026.80     19.53     43.71      4.50     0.00      0.2
       651 gemm(gemv)               36090.04     22.91     17.28      3.50     0.59     25.7
       652 gemm(gemv)               36130.23     20.56      9.44      3.00     0.59     28.7
       653 silu_mul                 36160.23     24.11     16.17      3.00     0.00      0.0
       654 gemm(gemv)               36200.51     27.11     16.67      2.80     0.59     21.8
       655 scatter_axpy             36244.29     31.95      2.51      2.50     0.00      0.1
       656 upload_i32               36278.75     37.60     16.71      2.50     0.00      0.0
       657 upload                   36333.06     37.42     18.93      3.00     0.00      0.0
       658 gather_rows              36389.41     27.60     19.03      2.40     0.00      0.1
       659 gemm(gemv)               36436.04     27.47     16.24      1.90     0.59     21.5
       660 gemm(gemv)               36479.75     29.56     13.85      2.40     0.59     20.0
       661 silu_mul                 36523.16     28.00     11.34      2.10     0.00      0.0
       662 gemm(gemv)               36562.50     29.70     14.23      2.00     0.59     19.9
       663 scatter_axpy             36606.43     29.22     12.47      2.60     0.00      0.1
       664 upload_i32               36648.12     78.36     25.88      2.90     0.00      0.0
       665 upload                   36752.36     68.28     14.74      3.30     0.00      0.0
       666 gather_rows              36835.38     45.84     17.08      2.40     0.00      0.1
       667 gemm(gemv)               36898.30     62.76      2.70      3.50     0.59      9.4
       668 gemm(gemv)               36963.76      0.00     14.72      2.70     0.59      0.0
       669 silu_mul                 36978.48      0.36     65.44      1.90     0.00      0.0
       670 gemm(gemv)               37044.28     48.44      0.50      3.00     0.59     12.2
       671 scatter_axpy             37093.22      0.16     14.00      2.00     0.00     25.6
       672 upload_i32               37107.38      4.84     53.48      3.50     0.00      0.0
       673 upload                   37165.70      4.92     51.60      2.30     0.00      0.0
       674 gather_rows              37222.22     58.16     47.20      1.90     0.00      0.1
       675 gemm(gemv)               37327.58     28.68     84.16      3.70     0.59     20.6
       676 gemm(gemv)               37440.42     31.84      0.00      2.20     0.59     18.5
       677 silu_mul                 37472.26     43.90     21.96      2.10     0.00      0.0
       678 gemm(gemv)               37538.12      0.32     71.32      2.80     0.59   1843.2
       679 scatter_axpy             37609.76     62.16      0.00      1.90     0.00      0.1
       680 upload_i32               37671.92     37.18      6.16      2.80     0.00      0.0
       681 upload                   37715.26     76.98     57.12      2.20     0.00      0.0
       682 gather_rows              37849.36      0.00    120.96      2.00     0.00      0.0
       683 gemm(gemv)               37970.32      0.36     71.36      2.50     0.59   1638.4
       684 gemm(gemv)               38042.04     46.76      0.00      2.10     0.59     12.6
       685 silu_mul                 38088.80      4.30     11.04      1.80     0.00      0.0
       686 gemm(gemv)               38104.14      0.36     65.28      3.10     0.59   1638.4
       687 scatter_axpy             38169.78     44.04      8.16      1.90     0.00      0.1
       688 upload_i32               38221.98     42.84     15.88      2.70     0.00      0.0
       689 upload                   38280.70     30.32     15.72      3.30     0.00      0.0
       690 gather_rows              38326.74     65.72     40.84      2.60     0.00      0.1
       691 gemm(gemv)               38433.30    150.04     12.80      2.10     0.59      3.9
       692 gemm(gemv)               38596.14      0.36    209.68      2.40     0.59   1638.4
       693 silu_mul                 38806.18     45.16      0.00      2.40     0.00      0.0
       694 gemm(gemv)               38851.34      0.44     15.92      2.30     0.59   1340.5
       695 scatter_axpy             38867.70      0.36     48.56      2.10     0.00     11.4
       696 upload_i32               38916.62     52.32      8.44      2.00     0.00      0.0
       697 upload                   38977.38     17.64     26.80      1.80     0.00      0.0
       698 gather_rows              39021.82     43.08     16.92      2.20     0.00      0.1
       699 gemm(gemv)               39081.82      0.48     16.04      2.90     0.59   1228.8
       700 gemm(gemv)               39098.34      0.36     47.88      2.20     0.59   1638.4
       701 silu_mul                 39146.58     43.32      9.52      2.30     0.00      0.0
       702 gemm(gemv)               39199.42      0.44     18.04      2.50     0.59   1340.5
       703 scatter_axpy             39217.90      0.36     46.16      2.10     0.00     11.4
       704 upload_i32               39264.42     51.44      8.40      2.60     0.00      0.0
       705 upload                   39324.26     17.28     27.12      2.30     0.00      0.0
       706 gather_rows              39368.66     42.96     16.44      2.10     0.00      0.1
       707 gemm(gemv)               39428.06      2.76     15.76      2.90     0.59    213.7
       708 gemm(gemv)               39446.58      0.36     52.68      2.00     0.59   1638.4
       709 silu_mul                 39499.62     45.64      5.46      2.40     0.00      0.0
       710 gemm(gemv)               39550.72      0.48     16.20      2.30     0.59   1228.8
       711 scatter_axpy             39567.40      0.36     48.48      2.20     0.00     11.4
       712 gemm(gemv)               39616.24     45.16      8.56      2.30     0.59     13.1
       713 gemm(gemv)               39669.96      0.44     15.96      2.70     0.59   1340.5
       714 silu_mul                 39686.36      0.36     47.48      2.10     0.00      0.0
       715 gemm(gemv)               39734.20     45.76      9.04      2.70     0.59     12.9
       716 add_inplace              39789.00      0.00     13.92      2.30     0.00      0.0
       717 add_inplace              39802.92      0.36     48.40     60.20     0.00      0.0
       718 rmsnorm                  39851.68     48.88      7.84      3.40     0.00      0.0
       719 gemm_group               39908.40     38.32      1.44      3.60     0.00      0.0
       720 qk_norm                  39948.16      0.36     28.72      3.70     0.00      0.0
       721 rope                     39977.24      0.36     53.32      3.30     0.00      0.0
       722 kv_append                40030.92     59.08     16.70      2.60     0.00      0.0
       723 attention                40106.70     24.32      5.08      5.90     0.00      0.0
       724 gemm(gemv)               40136.10     42.72     14.40      2.00     0.07      1.7
       725 softplus_act             40193.22      0.00     14.24      1.80     0.00      0.0
       726 mul_head_bcast           40207.46      0.36     48.04      2.20     0.00      0.0
       727 gemm(gemv)               40255.86     60.72      9.36      2.10     9.44    155.4
       728 add_inplace              40325.94      0.36      8.92      2.60     0.00      0.0
       729 rmsnorm                  40335.22      0.48     20.52      1.80     0.00      0.0
       730 fill0                    40356.22      0.36     53.92      2.60     0.00      0.0
       731 gemm(gemv)               40410.50     85.00     12.96      2.10     1.05     12.3
       732 download_f32             40508.46     72.36     91.30     90.90     0.00      0.0
       733 upload_i32               40672.12     22.44      4.16      4.30     0.00      0.0
       734 upload                   40698.72     50.64     17.92      2.60     0.00      0.0
       735 gather_rows              40767.28      0.00     15.68      4.20     0.00      0.0
       736 gemm(gemv)               40782.96      0.36     49.48      4.60     0.59   1638.4
       737 gemm(gemv)               40832.80     47.72      5.86      2.30     0.59     12.4
       738 silu_mul                 40886.38      0.48      9.04      2.90     0.00      0.0
       739 gemm(gemv)               40895.90     45.24     15.00      3.30     0.59     13.0
       740 scatter_axpy             40956.14      0.28     15.44      2.30     0.00     14.6
       741 upload_i32               40971.86      4.84     53.36      2.30     0.00      0.0
       742 upload                   41030.06      4.80     52.00      2.10     0.00      0.0
       743 gather_rows              41086.86      0.36     48.36      3.60     0.00     11.4
       744 gemm(gemv)               41135.58     46.92      8.60      3.00     0.59     12.6
       745 gemm(gemv)               41191.10      4.22     15.64      2.80     0.59    139.8
       746 silu_mul                 41210.96      0.36     52.12      1.90     0.00      0.0
       747 gemm(gemv)               41263.44     47.80      5.42      2.50     0.59     12.3
       748 scatter_axpy             41316.66      0.00     15.12      2.30     0.00      0.0
       749 upload_i32               41331.78      4.62     53.48      2.10     0.00      0.0
       750 upload                   41389.88      4.92     52.48      3.10     0.00      0.0
       751 gather_rows              41447.28      0.36     47.88      2.00     0.00     11.4
       752 gemm(gemv)               41495.52     47.08      8.92      2.40     0.59     12.5
       753 gemm(gemv)               41551.52      2.66     15.80      2.40     0.59    221.7
       754 silu_mul                 41569.98      0.36     50.60      2.10     0.00      0.0
       755 gemm(gemv)               41620.94     48.12      6.94      2.30     0.59     12.3
       756 scatter_axpy             41676.00      1.50     14.08      2.10     0.00      2.7
       757 upload_i32               41691.58      4.80     56.60      2.90     0.00      0.0
       758 upload                   41752.98      5.00     51.80      3.00     0.00      0.0
       759 gather_rows              41809.78      0.36     48.44      2.00     0.00     11.4
       760 gemm(gemv)               41858.58     47.16      8.08      4.30     0.59     12.5
       761 gemm(gemv)               41913.82      0.66     15.80      3.60     0.59    893.7
       762 silu_mul                 41930.28      0.36     50.92      2.70     0.00      0.0
       763 gemm(gemv)               41981.56     49.52      7.02      2.50     0.59     11.9
       764 scatter_axpy             42038.10      0.00     14.56      2.00     0.00      0.0
       765 upload_i32               42052.66     77.64     58.20      2.00     0.00      0.0
       766 upload                   42188.50     18.88     26.84      2.70     0.00      0.0
       767 gather_rows              42234.22     43.00     17.00      1.90     0.00      0.1
       768 gemm(gemv)               42294.22      0.00     18.92      3.00     0.59      0.0
       769 gemm(gemv)               42313.14      0.36     64.52      2.30     0.59   1638.4
       770 silu_mul                 42378.02     52.56      5.32      2.10     0.00      0.0
       771 gemm(gemv)               42435.90      8.06     19.88      2.80     0.59     73.2
       772 scatter_axpy             42463.84      0.36     67.80      2.50     0.00     11.4
       773 upload_i32               42532.00     62.00      3.34      2.40     0.00      0.0
       774 upload                   42597.34     26.32      4.28      2.20     0.00      0.0
       775 gather_rows              42627.94     24.18     54.92      1.90     0.00      0.2
       776 gemm(gemv)               42707.04      0.32     79.44      3.20     0.59   1843.2
       777 gemm(gemv)               42786.80     54.68      0.00      2.40     0.59     10.8
       778 silu_mul                 42841.48     11.16     15.56      2.00     0.00      0.0
       779 gemm(gemv)               42868.20      0.36     71.96      2.30     0.59   1638.4
       780 scatter_axpy             42940.52     54.12      0.00      2.20     0.00      0.1
       781 upload_i32               42994.64     58.20     21.20      2.70     0.00      0.0
       782 upload                   43074.04     41.52     22.68      1.90     0.00      0.0
       783 gather_rows              43138.24      0.00     19.96      1.90     0.00      0.0
       784 gemm(gemv)               43158.20     13.64     44.84      2.50     0.59     43.2
       785 gemm(gemv)               43216.68     45.04     14.44      2.80     0.59     13.1
       786 silu_mul                 43276.16     13.12     16.12      2.30     0.00      0.0
       787 gemm(gemv)               43305.40      0.36     76.16      2.20     0.59   1638.4
       788 scatter_axpy             43381.92     61.32      2.58      1.60     0.00      0.1
       789 upload_i32               43445.82     41.28     22.76      2.70     0.00      0.0
       790 upload                   43509.86     19.44     19.64      2.30     0.00      0.0
       791 gather_rows              43548.94     43.48     18.04      1.60     0.00      0.1
       792 gemm(gemv)               43610.46      0.00     14.40      2.90     0.59      0.0
       793 gemm(gemv)               43624.86      0.36     52.36      2.20     0.59   1638.4
       794 silu_mul                 43677.58     45.68      6.38      2.00     0.00      0.0
       795 gemm(gemv)               43729.64      0.48     18.80      2.70     0.59   1228.8
       796 scatter_axpy             43748.92      0.36     47.92      2.00     0.00     11.4
       797 gemm(gemv)               43797.20     46.32      6.66      2.10     0.59     12.7
       798 gemm(gemv)               43850.18      1.20     15.88      2.30     0.59    491.5
       799 silu_mul                 43867.26      0.36     49.40      3.00     0.00      0.0
       800 gemm(gemv)               43917.02     48.84      9.04      2.10     0.59     12.1
       801 add_inplace              43974.90      1.62     13.84      2.20     0.00      0.0
       802 add_inplace              43990.36      0.36     51.08      1.80     0.00      0.0
       803 rmsnorm                  44041.80     47.28     12.00      2.80     0.00      0.0
       804 gemm(gemv)               44101.08     32.08      1.44      3.20     9.44    294.2
       805 gemm(gemv)               44134.60     45.56     12.16      2.80     1.18     25.9
       806 gemm(gemv)               44192.32      0.00     17.16      2.20     1.72      0.0
       807 qk_norm                  44209.48      0.32     52.80      3.30     0.00      0.0
       808 rope                     44262.60     49.16      6.58      3.10     0.00      0.0
       809 kv_append                44318.34      1.40     13.64      2.60     0.00      0.0
       810 attention                44333.38      0.44     66.76      5.80     0.00      0.0
       811 gemm(gemv)               44400.58     44.36      1.48     15.10     0.07      1.7
       812 softplus_act             44446.42     19.40     22.76      2.50     0.00      0.0
       813 mul_head_bcast           44488.58      0.00     66.08      2.50     0.00      0.0
       814 gemm(gemv)               44554.66     43.12     21.16      2.50     9.44    218.9
       815 add_inplace              44618.94     49.52     25.72      1.80     0.00      0.0
       816 rmsnorm                  44694.18     24.00     15.48      2.10     0.00      0.0
       817 fill0                    44733.66     73.72     16.70      3.00     0.00      0.0
       818 gemm(gemv)               44824.08      0.00     19.24      2.50     1.05      0.0
       819 download_f32             44843.32     66.56    103.20     93.00     0.00      0.0
       820 upload_i32               45013.08    105.92     17.28      4.10     0.00      0.0
       821 upload                   45136.28     17.48     35.24      2.70     0.00      0.0
       822 gather_rows              45189.00     43.00     14.28      4.90     0.00      0.1
       823 gemm(gemv)               45246.28      0.48     13.28      3.90     0.59   1228.8
       824 gemm(gemv)               45260.04     65.24      2.38      3.10     0.59      9.0
       825 silu_mul                 45327.66      6.68      1.32      3.10     0.00      0.0
       826 gemm(gemv)               45335.66     44.56     14.32      2.10     0.86     19.3
       827 scatter_axpy             45394.54      0.36     10.68      2.20     0.00     11.4
       828 upload_i32               45405.58     36.50     10.24      3.00     0.00      0.0
       829 upload                   45452.32      0.00     73.08      2.50     0.00      0.0
       830 gather_rows              45525.40      0.36     48.60      2.20     0.00     11.4
       831 gemm(gemv)               45574.36     46.32      4.24      3.00     0.59     12.7
       832 gemm(gemv)               45624.92      7.96      1.32      2.70     0.59     74.1
       833 silu_mul                 45634.20     41.00     13.96      2.00     0.00      0.0
       834 gemm(gemv)               45689.16      0.44     15.68      2.50     0.86   1954.9
       835 scatter_axpy             45705.28     44.08      9.72      2.20     0.00      0.1
       836 warm_read                45759.08      4.20      2.52    149.30     0.00      0.0
       837 warm_read                45765.80     15.24     16.84    141.50     0.00      0.0
       838 warm_read                45797.88     25.92     40.00    190.60     0.00      0.0
       839 upload_paged             45863.80    902.24     79.20    984.60     2.04      2.3
       840 upload_i32               46845.24    105.04     22.96      6.00     0.00      0.0
       841 upload                   46973.24     82.12     75.76      2.80     0.00      0.0
       842 gather_rows              47131.12     87.76      0.00      4.80     0.00      0.0
       843 gemm(gemv)               47218.88     66.20      2.60      2.70     0.59      8.9
       844 gemm(gemv)               47287.68     87.20     12.24      2.80     0.59      6.8
       845 silu_mul                 47387.12     60.56      3.56      2.70     0.00      0.0
       846 gemm(gemv)               47451.24     87.96     11.78      2.50     0.86      9.8
       847 scatter_axpy             47550.98     61.20      4.16      2.90     0.00      0.1
       848 upload_i32               47616.34     93.48     12.58      2.50     0.00      0.0
       849 upload                   47722.40    102.12     15.12      2.60     0.00      0.0
       850 gather_rows              47839.64      0.00     66.92      2.10     0.00      0.0
       851 gemm(gemv)               47906.56      0.36     90.56      3.10     0.59   1638.4
       852 gemm(gemv)               47997.48      0.94     84.84      2.50     0.59    627.5
       853 silu_mul                 48083.26      0.32     89.96      1.90     0.00      0.0
       854 gemm(gemv)               48173.54     54.08     58.60      2.30     0.86     15.9
       855 scatter_axpy             48286.22     83.84      0.00      2.70     0.00      0.0
       856 upload_i32               48370.06     76.10      3.56      3.20     0.00      0.0
       857 upload                   48449.72     37.36     90.84      2.10     0.00      0.0
       858 gather_rows              48577.92      0.36     77.52      2.50     0.00     11.4
       859 gemm(gemv)               48655.80     46.08     11.28      2.50     0.59     12.8
       860 gemm(gemv)               48713.16     11.84      1.32      3.20     0.59     49.8
       861 silu_mul                 48726.32     19.68     12.92      1.90     0.00      0.0
       862 gemm(gemv)               48758.92     45.76     14.68      2.90     0.86     18.8
       863 scatter_axpy             48819.36      0.36     11.48      2.10     0.00     11.4
       864 upload_i32               48831.20     56.04      6.32      2.80     0.00      0.0
       865 upload                   48893.56     23.94      4.12      2.80     0.00      0.0
       866 gather_rows              48921.62      0.32     49.92      2.60     0.00     12.8
       867 gemm(gemv)               48971.86     46.84      5.26      3.10     0.59     12.6
       868 gemm(gemv)               49023.96      8.36      1.36      2.70     0.59     70.6
       869 silu_mul                 49033.68     41.72     13.48      2.00     0.00      0.0
       870 gemm(gemv)               49088.88     61.08     15.96      2.30     0.86     14.1
       871 scatter_axpy             49165.92     16.04    102.48      2.00     0.00      0.3
       872 upload_i32               49284.44     63.08      0.00      2.30     0.00      0.0
       873 upload                   49347.52     61.04     14.42      2.10     0.00      0.0
       874 gather_rows              49422.98      3.98     22.68      1.80     0.00      1.0
       875 gemm(gemv)               49449.64      0.36     65.36      2.60     0.59   1638.4
       876 gemm(gemv)               49515.36      0.44     24.60      2.20     0.59   1340.5
       877 silu_mul                 49540.40     11.48     52.36      2.50     0.00      0.0
       878 gemm(gemv)               49604.24      0.36     82.52      2.80     0.86   2389.3
       879 scatter_axpy             49687.12     61.80      0.00      2.20     0.00      0.1
       880 upload_i32               49748.92     56.84     20.88      2.50     0.00      0.0
       881 upload                   49826.64      7.22     17.76      2.60     0.00      0.0
       882 gather_rows              49851.62      0.36     55.92      2.40     0.00     11.4
       883 gemm(gemv)               49907.90     48.48      2.72      2.60     0.59     12.2
       884 gemm(gemv)               49959.10      0.44     12.68      2.80     0.59   1340.5
       885 silu_mul                 49972.22      0.00     30.16      1.60     0.00      0.0
       886 gemm(gemv)               50002.38      0.32     58.32      2.40     0.86   2688.0
       887 scatter_axpy             50061.02     49.92     12.56      2.80     0.00      0.1
       888 gemm(gemv)               50123.50     23.14     16.24      2.90     0.59     25.5
       889 gemm(gemv)               50162.88      0.36     86.48      2.30     0.59   1638.4
       890 silu_mul                 50249.72     55.48      0.00      2.40     0.00      0.0
       891 gemm(gemv)               50305.20      0.00     16.92      2.10     0.86      0.0
       892 add_inplace              50322.12      0.36     53.32      2.80     0.00      0.0
       893 add_inplace              50375.80     84.72     36.02      2.20     0.00      0.0
       894 rmsnorm                  50496.54      0.00     16.24      3.30     0.00      0.0
       895 gemm_group               50512.78     34.64     65.72     44.60     0.00      0.0
       896 qk_norm                  50613.14      0.00     15.76      5.90     0.00      0.0
       897 rope                     50628.90      0.36     67.32      3.90     0.00      0.0
       898 kv_append                50696.58     44.52      0.00      2.90     0.00      0.0
       899 attention                50741.10     22.40      3.80      8.10     0.00      0.0
       900 gemm(gemv)               50767.30     65.52     21.08      2.40     0.07      1.1
       901 softplus_act             50853.90      0.48     11.32      2.00     0.00      0.0
       902 mul_head_bcast           50865.70     19.48     12.52      1.90     0.00      0.0
       903 gemm(gemv)               50897.70     77.80      0.08      2.80     9.44    121.3
       904 add_inplace              50975.58      5.72      2.60      2.60     0.00      0.0
       905 rmsnorm                  50983.90      0.48     21.04      1.90     0.00      0.0
       906 fill0                    51005.42     64.20     27.46      2.90     0.00      0.0
       907 gemm(gemv)               51097.08      0.00     15.96      2.60     1.05      0.0
       908 download_f32             51113.04     64.96     69.90     70.40     0.00      0.0
       909 upload_i32               51247.90     10.12      4.32      4.00     0.00      0.0
       910 upload                   51262.34      4.92     54.04      2.70     0.00      0.0
       911 gather_rows              51321.30      0.36     47.16      3.40     0.00     11.4
       912 gemm(gemv)               51368.82     46.04      5.22      2.70     0.59     12.8
       913 gemm(gemv)               51420.08     10.60      1.32      2.40     0.59     55.6
       914 silu_mul                 51432.00     42.56     10.94      2.60     0.00      0.0
       915 gemm(gemv)               51485.50      0.56     17.04      2.90     0.59   1053.3
       916 scatter_axpy             51503.10      0.36     45.88      2.30     0.00     11.4
       917 upload_i32               51549.34     51.40      7.80      2.10     0.00      0.0
       918 upload                   51608.54     42.64     21.40      2.50     0.00      0.0
       919 gather_rows              51672.58     54.48      4.32      1.70     0.00      0.1
       920 gemm(gemv)               51731.38     16.42     25.24      3.50     0.59     35.9
       921 gemm(gemv)               51773.04     28.44     42.40      2.20     0.59     20.7
       922 silu_mul                 51843.88    474.08    422.06      2.90     0.00      0.0
       923 gemm(gemv)               52740.02     46.48     12.12      3.50     0.59     12.7
       924 scatter_axpy             52798.62      0.36     11.44      2.40     0.00     11.4
       925 upload_i32               52810.42     74.76      0.00      3.10     0.00      0.0
       926 upload                   52885.18     55.52      8.64      3.10     0.00      0.0
       927 gather_rows              52949.34     42.56     18.48      2.10     0.00      0.1
       928 gemm(gemv)               53010.38    189.56     13.60      4.60     0.59      3.1
       929 gemm(gemv)               53213.54      0.00     15.76     30.00     0.59      0.0
       930 silu_mul                 53229.30      0.36     46.52      1.90     0.00      0.0
       931 gemm(gemv)               53276.18     47.16      8.12      2.40     0.59     12.5
       932 scatter_axpy             53331.46      0.36     11.08      2.00     0.00     11.4
       933 warm_read                53342.90     43.92     15.10    144.70     0.00      0.0
       934 warm_read                53401.92      4.38      4.40    132.10     0.00      0.0
       935 warm_read                53410.70      4.32     41.40    137.50     0.00      0.0
       936 upload_paged             53456.42     43.48      6.48    644.20     1.77     40.7
       937 upload_i32               53506.38     16.60     17.56     79.40     0.00      0.0
       938 upload                   53540.54     68.04     16.52      3.80     0.00      0.0
       939 gather_rows              53625.10     14.92      4.28      5.60     0.00      0.3
       940 gemm(gemv)               53644.30     20.72     12.24      3.70     0.59     28.5
       941 gemm(gemv)               53677.26     43.00     12.80      2.30     0.59     13.7
       942 silu_mul                 53733.06      6.12      2.68    306.20     0.00      0.0
       943 gemm(gemv)               53741.86     49.56     14.44      3.20     0.59     11.9
       944 scatter_axpy             53805.86      0.36     10.84      2.60     0.00     11.4
       945 upload_i32               53817.06     67.76     15.74      3.10     0.00      0.0
       946 upload                   53900.56     27.08      4.32      2.10     0.00      0.0
       947 gather_rows              53931.96     42.84     15.00      2.20     0.00      0.1
       948 gemm(gemv)               53989.80      0.00     13.24      3.40     0.59      0.0
       949 gemm(gemv)               54003.04      0.36     46.68      2.70     0.59   1638.4
       950 silu_mul                 54050.08     42.04      6.40     48.20     0.00      0.0
       951 gemm(gemv)               54098.52      0.48     16.48      4.00     0.59   1228.8
       952 scatter_axpy             54115.48      0.36     47.04      2.60     0.00     11.4
       953 upload_i32               54162.88     52.36      6.56     45.70     0.00      0.0
       954 upload                   54221.80     37.32      4.32      3.10     0.00      0.0
       955 gather_rows              54263.44     42.64     17.80      2.70     0.00      0.1
       956 gemm(gemv)               54323.88      5.56     15.00      3.00     0.59    106.1
       957 gemm(gemv)               54344.44      0.36     55.36      2.90     0.59   1638.4
       958 silu_mul                 54400.16     52.96      3.58      1.90     0.00      0.0
       959 gemm(gemv)               54456.70      0.48     24.72      2.60     0.59   1228.8
       960 scatter_axpy             54481.90      0.40     45.76     60.50     0.00     10.2
       961 upload_i32               54528.06     54.04      8.18      2.70     0.00      0.0
       962 upload                   54590.28     19.44     27.60      2.40     0.00      0.0
       963 gather_rows              54637.32     46.60     17.32     41.90     0.00      0.1
       964 gemm(gemv)               54701.24      2.26     16.04      3.30     0.59    261.0
       965 gemm(gemv)               54719.54      0.36     52.32      2.70     0.59   1638.4
       966 silu_mul                 54772.22     44.88      7.52      2.20     0.00      0.0
       967 gemm(gemv)               54824.62      0.44     18.72      2.40     0.59   1340.5
       968 scatter_axpy             54843.78      0.36     47.76     41.60     0.00     11.4
       969 upload_i32               54891.90     53.76      6.14      2.50     0.00      0.0
       970 upload                   54951.80     17.92     28.60      2.20     0.00      0.0
       971 gather_rows              54998.32     42.88     17.16      2.40     0.00      0.1
       972 gemm(gemv)               55058.36      3.14     15.44      2.30     0.59    187.8
       973 gemm(gemv)               55076.94      0.36     52.64     91.10     0.59   1638.4
       974 silu_mul                 55129.94     45.52      5.20      2.60     0.00      0.0
       975 gemm(gemv)               55180.66      0.60     19.40      2.60     0.59    983.0
       976 scatter_axpy             55200.66      0.36     53.08      1.80     0.00     11.4
       977 gemm(gemv)               55254.10     46.00      7.64      2.80     0.59     12.8
       978 gemm(gemv)               55307.74      4.70     15.60      1.90     0.59    125.5
       979 silu_mul                 55328.04      0.36     51.76      1.70     0.00      0.0
       980 gemm(gemv)               55380.16     48.08      5.88      2.00     0.59     12.3
       981 add_inplace              55434.12      2.72     13.00      2.40     0.00      0.0
       982 add_inplace              55449.84      0.36     50.48      1.80     0.00      0.0
       983 rmsnorm                  55500.68     48.96      6.66      2.70     0.00      0.0
       984 gemm_group               55556.30     34.48      1.44     94.30     0.00      0.0
       985 qk_norm                  55592.22      2.14     15.48      3.80     0.00      0.0
       986 rope                     55609.84      0.36     52.64      3.30     0.00      0.0
       987 kv_append                55662.84     44.28      7.76      2.60     0.00      0.0
       988 attention                55714.88     26.68      3.84      7.00     0.00      0.0
       989 gemm(gemv)               55745.40     43.00     14.16     61.10     0.06      1.3
       990 softplus_act             55802.56      2.26     14.32      3.10     0.00      0.0
       991 mul_head_bcast           55819.14      0.36     53.32      2.90     0.00      0.0
       992 gemm(gemv)               55872.82     59.56      9.24      2.50     7.08    118.8
       993 add_inplace              55941.62      0.36      8.52    340.50     0.00      0.0
       994 rmsnorm                  55950.50     50.04      6.94      2.50     0.00      0.0
       995 fill0                    56007.48      6.18     13.88      2.70     0.00      0.0
       996 gemm(gemv)               56027.54      0.70     68.40      3.40     1.05   1498.0
       997 download_f32             56096.64     66.20     79.10     79.50     0.00      0.0
       998 upload_i32               56241.94      0.00     18.04      4.20     0.00      0.0
       999 upload                   56259.98      4.88     51.52      2.40     0.00      0.0
      1000 gather_rows              56316.38     21.44     19.96      5.10     0.00      0.2
      1001 gemm(gemv)               56357.78     21.28     11.64      3.80     0.59     27.7
      1002 gemm(gemv)               56390.70     49.08     10.08      2.80     0.59     12.0
      1003 silu_mul                 56449.86      0.36      7.48      2.70     0.00      0.0
      1004 gemm(gemv)               56457.70     44.12     13.60      2.90     0.59     13.4
      1005 scatter_axpy             56515.42      0.36     11.76      2.50     0.00     11.4
      1006 upload_i32               56527.54     58.00     21.34      2.70     0.00      0.0
      1007 upload                   56606.88    101.80     48.80      1.80     0.00      0.0
      1008 gather_rows              56757.48      0.00     22.16      2.00     0.00      0.0
      1009 gemm(gemv)               56779.64      0.32     50.36      2.40     0.59   1843.2
      1010 gemm(gemv)               56830.32     45.72      5.12      2.70     0.59     12.9
      1011 silu_mul                 56881.16     69.74     10.84      2.30     0.00      0.0
      1012 gemm(gemv)               56961.74     42.20    121.48      2.20     0.59     14.0
      1013 scatter_axpy             57125.42     33.24     13.28      1.80     0.00      0.1
      1014 upload_i32               57171.94     71.64      0.00      2.40     0.00      0.0
      1015 upload                   57243.58    133.96     54.46      2.00     0.00      0.0
      1016 gather_rows              57432.00     60.88      0.00      2.40     0.00      0.1
      1017 gemm(gemv)               57492.88      5.50     16.32      3.10     0.59    107.2
      1018 gemm(gemv)               57514.70      0.36     66.44      2.20     0.59   1638.4
      1019 silu_mul                 57581.50      0.44    309.47      1.50     0.00      0.0
      1020 gemm(gemv)               57891.41     25.97     26.94      2.20     0.59     22.7
      1021 scatter_axpy             57944.32     33.32      1.48      1.70     0.00      0.1
      1022 upload_i32               57979.12     55.93     17.08      2.20     0.00      0.0
      1023 upload                   58052.13     35.19     17.85      2.90     0.00      0.0
      1024 gather_rows              58105.17     19.59     20.66      1.90     0.00      0.2
      1025 gemm(gemv)               58145.42     29.06     15.80      3.20     0.59     20.3
      1026 gemm(gemv)               58190.28     30.56     14.55      2.30     0.59     19.3
      1027 silu_mul                 58235.39     28.44     14.19      2.00     0.00      0.0
      1028 gemm(gemv)               58278.02     60.90     17.78      2.00     0.59      9.7
      1029 scatter_axpy             58356.70      0.48     73.23      2.00     0.00      8.5
      1030 warm_read                58430.41     43.96     38.72    172.00     0.00      0.0
      1031 warm_read                58513.09      0.00     17.60    167.90     0.00      0.0
      1032 warm_read                58530.69      4.56     40.24    163.20     0.00      0.0
      1033 upload_paged             58575.49      4.24     57.32    965.00     1.77    417.3
      1034 upload_i32               58637.05     53.40      8.34      7.60     0.00      0.0
      1035 upload                   58698.79     33.62      4.08      2.90     0.00      0.0
      1036 gather_rows              58736.49      0.36     66.00      6.10     0.00     11.4
      1037 gemm(gemv)               58802.85     45.00      0.00      4.20     0.59     13.1
      1038 gemm(gemv)               58847.85      7.72      1.36      2.90     0.59     76.4
      1039 silu_mul                 58856.93     59.48     13.52      3.60     0.00      0.0
      1040 gemm(gemv)               58929.93      0.48     14.32      3.00     0.59   1228.8
      1041 scatter_axpy             58944.73     20.28     18.64      2.80     0.00      0.2
      1042 upload_i32               58983.65     50.68     11.84      2.40     0.00      0.0
      1043 upload                   59046.17     36.14      4.44      2.90     0.00      0.0
      1044 gather_rows              59086.75      0.36     67.52      2.50     0.00     11.4
      1045 gemm(gemv)               59154.63     46.92      0.00      4.00     0.59     12.6
      1046 gemm(gemv)               59201.55      0.44     10.40      2.60     0.59   1340.5
      1047 silu_mul                 59212.39     46.96     14.74      2.90     0.00      0.0
      1048 gemm(gemv)               59274.09      0.44     15.88      2.40     0.59   1340.5
      1049 scatter_axpy             59290.41     20.72     16.40      3.20     0.00      0.2
      1050 upload_i32               59327.53     50.64     11.72      2.40     0.00      0.0
      1051 upload                   59389.89     31.80      4.24      2.70     0.00      0.0
      1052 gather_rows              59425.93      0.36     67.52      2.90     0.00     11.4
      1053 gemm(gemv)               59493.81     46.52      0.00      3.40     0.59     12.7
      1054 gemm(gemv)               59540.33      0.48     10.76      2.80     0.59   1228.8
      1055 silu_mul                 59551.57     46.44     13.84      2.00     0.00      0.0
      1056 gemm(gemv)               59611.85     14.36      4.16      2.70     0.59     41.1
      1057 scatter_axpy             59630.37    135.40     87.94      2.40     0.00      0.0
      1058 upload_i32               59853.71     32.08      2.56      3.30     0.00      0.0
      1059 upload                   59888.35     32.92     16.32      2.70     0.00      0.0
      1060 gather_rows              59937.59      0.36     64.40      2.40     0.00     11.4
      1061 gemm(gemv)               60002.35     45.28      0.00      3.50     0.59     13.0
      1062 gemm(gemv)               60047.63     47.28     14.72      2.40     0.59     12.5
      1063 silu_mul                 60109.63      0.00     22.44      2.10     0.00      0.0
      1064 gemm(gemv)               60132.07      0.00     57.00      3.70     0.59      0.0
      1065 scatter_axpy             60189.07     63.32     32.90      3.00     0.00      0.1
      1066 gemm(gemv)               60285.29      0.32    162.96      3.20     0.59   1843.2
      1067 gemm(gemv)               60448.57     43.16      8.60      2.30     0.59     13.7
      1068 silu_mul                 60500.33      0.00     11.40      2.10     0.00      0.0
      1069 gemm(gemv)               60511.73      0.32     48.64      3.00     0.59   1843.2
      1070 add_inplace              60560.69     41.72      4.80      2.60     0.00      0.0
      1071 add_inplace              60607.21      1.50     10.32      2.40     0.00      0.0
      1072 rmsnorm                  60619.03      0.48     50.68      3.60     0.00      0.0
      1073 gemm(gemv)               60670.19     62.76      2.56      2.80     9.44    150.4
      1074 gemm(gemv)               60735.51      0.36     12.20      2.80     1.18   3276.8
      1075 gemm(gemv)               60748.07     14.20      1.40     60.50     1.72    121.1
      1076 qk_norm                  60763.67     45.00     14.48      4.60     0.00      0.0
      1077 rope                     60823.15      0.00     12.16      3.50     0.00      0.0
      1078 kv_append                60835.31      0.36     45.12      2.60     0.00      0.0
      1079 attention                60880.79     57.00      6.02      7.00     0.00      0.0
      1080 gemm(gemv)               60943.81      1.76      2.88      2.80     0.07     41.9
      1081 softplus_act             60948.45      0.44     21.48      2.40     0.00      0.0
      1082 mul_head_bcast           60970.37      0.36     44.92      2.20     0.00      0.0
      1083 gemm(gemv)               61015.65     61.24      6.76      2.00     9.44    154.1
      1084 add_inplace              61083.65      0.36      8.32      2.30     0.00      0.0
      1085 rmsnorm                  61092.33      0.48     18.24      2.20     0.00      0.0
      1086 fill0                    61111.05     12.08     39.80      3.20     0.00      0.0
      1087 gemm(gemv)               61162.93     66.50     13.38      2.40     1.05     15.8
      1088 download_f32             61242.81     79.76     94.80     99.40     0.00      0.0
      1089 upload_i32               61417.37     17.76     18.96      6.00     0.00      0.0
      1090 upload                   61454.09     58.60     17.84      3.20     0.00      0.0
      1091 gather_rows              61530.53      0.00     18.08      4.80     0.00      0.0
      1092 gemm(gemv)               61548.61      0.36     66.60      3.50     0.59   1638.4
      1093 gemm(gemv)               61615.57     46.76      0.00      2.30     0.59     12.6
      1094 silu_mul                 61662.33      6.20      2.68      2.80     0.00      0.0
      1095 gemm(gemv)               61671.21     62.76     20.36      3.10     0.86     13.7
      1096 scatter_axpy             61754.33      0.36     10.84      2.50     0.00     11.4
      1097 upload_i32               61765.53     68.28     10.94      3.60     0.00      0.0
      1098 upload                   61844.75     28.40      4.32      2.40     0.00      0.0
      1099 gather_rows              61877.47      0.36     65.56      1.80     0.00     11.4
      1100 gemm(gemv)               61943.39     46.20      0.00      2.80     0.59     12.8
      1101 gemm(gemv)               61989.59      0.00     12.64      2.60     0.59      0.0
      1102 silu_mul                 62002.23      0.36     48.44      1.90     0.00      0.0
      1103 gemm(gemv)               62051.03      0.56     23.36      2.60     0.86   1536.0
      1104 scatter_axpy             62074.95      0.36     48.64     85.60     0.00     11.4
      1105 upload_i32               62123.95     53.80      6.98      3.30     0.00      0.0
      1106 upload                   62184.73     37.02      4.08      2.70     0.00      0.0
      1107 gather_rows              62225.83      0.36     68.28      2.70     0.00     11.4
      1108 gemm(gemv)               62294.47      0.44     22.04      2.50     0.59   1340.5
      1109 gemm(gemv)               62316.95      0.36     55.32      3.50     0.59   1638.4
      1110 silu_mul                 62372.63     45.08      0.00      1.90     0.00      0.0
      1111 gemm(gemv)               62417.71      9.80      4.20      2.40     0.86     87.8
      1112 scatter_axpy             62431.71     42.28     11.48      2.30     0.00      0.1
      1113 warm_read                62485.47      4.16      2.72    467.60     0.00      0.0
      1114 warm_read                62492.35     39.68     13.12    140.60     0.00      0.0
      1115 warm_read                62545.15     87.80      5.72    271.60     0.00      0.0
      1116 upload_paged             62638.67    421.28    440.80    461.70     2.04      4.8
      1117 upload_i32               63500.75     80.68     20.88      5.50     0.00      0.0
      1118 upload                   63602.31     32.96      4.28      2.60     0.00      0.0
      1119 gather_rows              63639.55     20.80     17.32      5.10     0.00      0.2
      1120 gemm(gemv)               63677.67     22.08     11.52      3.10     0.59     26.7
      1121 gemm(gemv)               63711.27     48.80     13.52      2.00     0.59     12.1
      1122 silu_mul                 63773.59      0.44     10.64      2.70     0.00      0.0
      1123 gemm(gemv)               63784.67     47.12      0.56      2.70     0.86     18.3
      1124 scatter_axpy             63832.35     96.60     49.98      2.40     0.00      0.0
      1125 upload_i32               63978.93      0.00      2.72      3.60     0.00      0.0
      1126 upload                   63981.65      1.48     61.12      2.50     0.00      0.0
      1127 gather_rows              64044.25      0.36     54.44      1.90     0.00     11.4
      1128 gemm(gemv)               64099.05     49.16      3.60      4.00     0.59     12.0
      1129 gemm(gemv)               64151.81      0.80     13.64      2.60     0.59    737.3
      1130 silu_mul                 64166.25      0.36     52.00      2.60     0.00      0.0
      1131 gemm(gemv)               64218.61    357.24     12.68      2.40     0.86      2.4
      1132 scatter_axpy             64588.53     55.84     23.92      2.40     0.00      0.1
      1133 upload_i32               64668.29     54.32      0.00      3.30     0.00      0.0
      1134 upload                   64722.61     40.64      4.24      2.40     0.00      0.0
      1135 gather_rows              64767.49      0.36     70.48      1.90     0.00     11.4
      1136 gemm(gemv)               64838.33     46.48     10.40      3.70     0.59     12.7
      1137 gemm(gemv)               64895.21      0.00     17.80      2.10     0.59      0.0
      1138 silu_mul                 64913.01      0.36     65.04      1.90     0.00      0.0
      1139 gemm(gemv)               64978.41     51.16      1.60      2.10     0.86     16.8
      1140 scatter_axpy             65031.17      0.76     15.08      2.20     0.00      5.4
      1141 upload_i32               65047.01     16.56     59.24      3.00     0.00      0.0
      1142 upload                   65122.81      0.00     72.88      2.60     0.00      0.0
      1143 gather_rows              65195.69      0.36     51.60      2.80     0.00     11.4
      1144 gemm(gemv)               65247.65     45.72     11.36      3.20     0.59     12.9
      1145 gemm(gemv)               65304.73      0.48     18.12      2.30     0.59   1228.8
      1146 silu_mul                 65323.33      0.36     47.36      1.90     0.00      0.0
      1147 gemm(gemv)               65371.05     44.52     12.56      3.00     0.86     19.3
      1148 scatter_axpy             65428.13      0.00     16.28      2.10     0.00      0.0
      1149 warm_read                65444.41      4.24     43.68    131.90     0.00      0.0
      1150 warm_read                65492.33     44.84     10.48    133.60     0.00      0.0
      1151 warm_read                65547.65      8.12      4.44    194.30     0.00      0.0
      1152 upload_paged             65560.21      4.28     99.40    489.90     2.04    476.6
      1153 upload_i32               65663.89     56.64     12.22      6.10     0.00      0.0
      1154 upload                   65732.75     68.44      8.46      3.50     0.00      0.0
      1155 gather_rows              65809.65     51.64      4.24      4.50     0.00      0.1
      1156 gemm(gemv)               65865.53     20.40      2.32      3.50     0.59     28.9
      1157 gemm(gemv)               65888.25      0.36     52.84      3.10     0.59   1638.4
      1158 silu_mul                 65941.45     70.60     19.06      2.80     0.00      0.0
      1159 gemm(gemv)               66031.11     44.72      2.30      3.00     0.86     19.2
      1160 scatter_axpy             66078.13     50.70      6.78      2.40     0.00      0.1
      1161 gemm(gemv)               66135.61     76.08     48.00      2.50     0.59      7.8
      1162 gemm(gemv)               66259.69      2.96     20.56      2.20     0.59    199.3
      1163 silu_mul                 66283.21      0.36     81.52      2.00     0.00      0.0
      1164 gemm(gemv)               66365.09     52.84      0.00      2.40     0.86     16.3
      1165 add_inplace              66417.93      0.36     10.12      2.50     0.00      0.0
      1166 add_inplace              66428.41     59.28     16.68      2.20     0.00      0.0
      1167 rmsnorm                  66504.37      0.00     15.64      3.00     0.00      0.0
      1168 gemm_group               66520.01     37.08     41.08      4.50     0.00      0.0
      1169 qk_norm                  66598.17     13.18     11.96      4.10     0.00      0.0
      1170 rope                     66623.31      0.36     68.88      3.70     0.00      0.0
      1171 kv_append                66692.55     47.40      0.00      3.00     0.00      0.0
      1172 attention                66739.95     68.40     26.20      8.80     0.00      0.0
      1173 gemm(gemv)               66834.55      0.00    119.04      2.60     0.07      0.0
      1174 softplus_act             66953.59      0.44     74.84      2.10     0.00      0.0
      1175 mul_head_bcast           67028.87     19.96     15.80      2.10     0.00      0.0
      1176 gemm(gemv)               67064.63     65.92      0.00      3.20     9.44    143.2
      1177 add_inplace              67130.55      0.36      8.80      2.60     0.00      0.0
      1178 rmsnorm                  67139.71      2.28     19.04      1.90     0.00      0.0
      1179 fill0                    67161.03      0.36     47.00      2.90     0.00      0.0
      1180 gemm(gemv)               67208.39     63.00      8.24      3.00     1.05     16.6
      1181 download_f32             67279.63     74.72    110.80    110.70     0.00      0.0
      1182 upload_i32               67465.15     60.12      0.00      6.40     0.00      0.0
      1183 upload                   67525.27      6.32    188.12      3.90     0.00      0.0
      1184 gather_rows              67719.71     20.76     18.64      5.60     0.00      0.2
      1185 gemm(gemv)               67759.11     45.88      3.74      4.30     0.59     12.9
      1186 gemm(gemv)               67808.73      8.08      1.40      3.00     0.59     73.0
      1187 silu_mul                 67818.21     41.72     14.20      3.00     0.00      0.0
      1188 gemm(gemv)               67874.13     12.40      2.56      2.30     0.59     47.6
      1189 scatter_axpy             67889.09     44.00     12.16      2.20     0.00      0.1
      1190 upload_i32               67945.25     11.06     16.04      2.70     0.00      0.0
      1191 upload                   67972.35      3.40     51.20      2.80     0.00      0.0
      1192 gather_rows              68026.95      0.36     47.20      2.40     0.00     11.4
      1193 gemm(gemv)               68074.51     49.68      9.04      3.40     0.59     11.9
      1194 gemm(gemv)               68133.23    356.28    298.32      3.30     0.59      1.7
      1195 silu_mul                 68787.83     55.20     49.76      1.80     0.00      0.0
      1196 gemm(gemv)               68892.79     89.08      0.00      2.80     0.59      6.6
      1197 scatter_axpy             68981.87     60.84      4.20      1.90     0.00      0.1
      1198 upload_i32               69046.91    114.60     29.68      3.10     0.00      0.0
      1199 upload                   69191.19    143.20     12.40      3.00     0.00      0.0
      1200 gather_rows              69346.79     78.40      4.28      3.00     0.00      0.1
      1201 gemm(gemv)               69429.47      0.00     54.96      4.30     0.59      0.0
      1202 gemm(gemv)               69484.43      0.48    266.60      2.50     0.59   1228.8
      1203 silu_mul                 69751.51     12.32     42.76      2.50     0.00      0.0
      1204 gemm(gemv)               69806.59     64.72     20.54      2.40     0.59      9.1
      1205 scatter_axpy             69891.85      0.00     11.00      2.20     0.00      0.0
      1206 upload_i32               69902.85      4.84     54.16      2.40     0.00      0.0
      1207 upload                   69961.85      4.88     50.92      2.40     0.00      0.0
      1208 gather_rows              70017.65     42.68     17.16      1.90     0.00      0.1
      1209 gemm(gemv)               70077.49      7.88      2.52      4.40     0.59     74.9
      1210 gemm(gemv)               70087.89     46.28     10.96      2.30     0.59     12.7
      1211 silu_mul                 70145.13      0.00     11.32      1.90     0.00      0.0
      1212 gemm(gemv)               70156.45      0.36     49.60      3.10     0.59   1638.4
      1213 scatter_axpy             70206.41     44.00      3.44      2.40     0.00      0.1
      1214 upload_i32               70253.85     19.54      2.76      2.90     0.00      0.0
      1215 upload                   70276.15     45.10     18.80      3.10     0.00      0.0
      1216 gather_rows              70340.05      0.36     66.28      2.10     0.00     11.4
      1217 gemm(gemv)               70406.69     46.76      0.00      2.80     0.59     12.6
      1218 gemm(gemv)               70453.45      0.92     11.92      2.60     0.59    641.1
      1219 silu_mul                 70466.29      0.36     50.68      2.30     0.00      0.0
      1220 gemm(gemv)               70517.33     46.88      3.46      3.00     0.59     12.6
      1221 scatter_axpy             70567.67      0.36     11.00      2.50     0.00     11.4
      1222 warm_read                70579.03     43.68     14.86    196.90     0.00      0.0
      1223 warm_read                70637.57      3.88      4.24    137.20     0.00      0.0
      1224 warm_read                70645.69      4.28     40.04    139.00     0.00      0.0
      1225 upload_paged             70690.01     43.80      8.18    547.70     1.77     40.4
      1226 upload_i32               70741.99     16.12     17.40      6.30     0.00      0.0
      1227 upload                   70775.51     67.72     16.80      3.30     0.00      0.0
      1228 gather_rows              70860.03     15.76      4.24      5.10     0.00      0.3
      1229 gemm(gemv)               70880.03     21.72     11.80      4.10     0.59     27.2
      1230 gemm(gemv)               70913.55     44.00     12.64      2.60     0.59     13.4
      1231 silu_mul                 70970.19      0.48     12.84      2.40     0.00      0.0
      1232 gemm(gemv)               70983.51     43.92     16.64      2.80     0.59     13.4
      1233 scatter_axpy             71044.07      0.00     15.00      2.40     0.00      0.0
      1234 warm_read                71059.07      5.64     43.44    145.90     0.00      0.0
      1235 warm_read                71108.15     58.50      9.92    141.30     0.00      0.0
      1236 warm_read                71176.57      5.48     58.32    150.20     0.00      0.0
      1237 upload_paged             71240.37     40.56      0.00    459.10     1.77     43.6
      1238 upload_i32               71280.93     28.60      5.32      6.80     0.00      0.0
      1239 upload                   71314.85     35.32     18.40      3.70     0.00      0.0
      1240 gather_rows              71368.57     13.72     44.52     68.60     0.00      0.3
      1241 gemm(gemv)               71426.81     43.20     15.56      4.20     0.59     13.7
      1242 gemm(gemv)               71485.57     47.36      3.56      2.20     0.59     12.5
      1243 silu_mul                 71536.49     12.10     13.68      2.80     0.00      0.0
      1244 gemm(gemv)               71562.27      0.32     66.96      3.10     0.59   1843.2
      1245 scatter_axpy             71629.55     47.76      0.00      2.30     0.00      0.1
      1246 upload_i32               71677.31     26.62      2.72      3.70     0.00      0.0
      1247 upload                   71706.65      3.76     58.64      2.90     0.00      0.0
      1248 gather_rows              71769.05      0.36     50.80    548.60     0.00     11.4
      1249 gemm(gemv)               71820.21     48.72      9.48      5.20     0.59     12.1
      1250 gemm(gemv)               71878.41      0.96     15.88      2.80     0.59    614.4
      1251 silu_mul                 71895.25      0.36     50.92      2.70     0.00      0.0
      1252 gemm(gemv)               71946.53     47.64     10.04     44.20     0.59     12.4
      1253 scatter_axpy             72004.21      0.48     16.36      2.70     0.00      8.5
      1254 gemm(gemv)               72021.05      0.36     50.88      3.50     0.59   1638.4
      1255 gemm(gemv)               72072.29     46.80      9.52      2.50     0.59     12.6
      1256 silu_mul                 72128.61      0.00     14.00     45.20     0.00      0.0
      1257 gemm(gemv)               72142.61      0.36     51.56      3.50     0.59   1638.4
      1258 add_inplace              72194.53     43.64      8.24      2.40     0.00      0.0
      1259 add_inplace              72246.41      0.48     16.48      2.90     0.00      0.0
      1260 rmsnorm                  72263.37      0.36     52.08      3.70     0.00      0.0
      1261 gemm_group               72315.81     71.12      8.04     60.70     0.00      0.0
      1262 qk_norm                  72394.97      0.32     11.04      4.50     0.00      0.0
      1263 rope                     72406.33     70.08     15.38      3.60     0.00      0.0
      1264 kv_append                72491.79      0.00     14.72     41.40     0.00      0.0
      1265 attention                72506.51      0.48     66.12      9.00     0.00      0.0
      1266 gemm(gemv)               72573.11     41.56      1.44      2.50     0.07      1.8
      1267 softplus_act             72616.11      0.48     18.96     42.80     0.00      0.0
      1268 mul_head_bcast           72635.55      0.36     53.44      2.50     0.00      0.0
      1269 gemm(gemv)               72689.35     63.12     14.04      2.50     9.44    149.5
      1270 add_inplace              72766.51      0.36      9.68      3.40     0.00      0.0
      1271 rmsnorm                  72776.55     50.24      5.06    110.60     0.00      0.0
      1272 fill0                    72831.85     10.42     18.64      2.70     0.00      0.0
      1273 gemm(gemv)               72860.91      1.30     70.00     96.30     1.05    806.6
      1274 download_f32             72932.21     84.08    127.40    128.50     0.00      0.0
      1275 upload_i32               73143.69      9.44      5.88      6.20     0.00      0.0
      1276 upload                   73159.01     64.88     59.56      3.30     0.00      0.0
      1277 gather_rows              73283.45      0.00     28.68      6.10     0.00      0.0
      1278 gemm(gemv)               73312.13     52.60     49.00      5.10     0.59     11.2
      1279 gemm(gemv)               73413.73     13.76     60.32      2.60     0.59     42.9
      1280 silu_mul                 73487.81     62.72     11.22      3.40     0.00      0.0
      1281 gemm(gemv)               73561.75      0.00     20.80      3.60     0.59      0.0
      1282 scatter_axpy             73582.55      0.36     51.64      4.00     0.00     11.4
      1283 upload_i32               73634.55     53.08     10.92      2.60     0.00      0.0
      1284 upload                   73698.55     57.56      9.30      3.40     0.00      0.0
      1285 gather_rows              73765.41     50.88      5.68      2.80     0.00      0.1
      1286 gemm(gemv)               73821.97      0.48     21.80      2.90     0.59   1228.8
      1287 gemm(gemv)               73844.25      0.36     47.92      3.00     0.59   1638.4
      1288 silu_mul                 73892.53     43.16     11.24      1.70     0.00      0.0
      1289 gemm(gemv)               73946.93      0.44     19.60      2.90     0.59   1340.5
      1290 scatter_axpy             73966.97     43.08     18.56      2.40     0.00      0.1
      1291 upload_i32               74028.61    109.28     18.76      2.90     0.00      0.0
      1292 upload                   74156.65     58.76    135.92      2.70     0.00      0.0
      1293 gather_rows              74351.33      0.00     18.48      2.20     0.00      0.0
      1294 gemm(gemv)               74369.81      0.36     52.24      2.50     0.59   1638.4
      1295 gemm(gemv)               74422.41     49.60      7.20      3.30     0.59     11.9
      1296 silu_mul                 74479.21      7.56     13.64      1.80     0.00      0.0
      1297 gemm(gemv)               74500.41      0.36     65.52      2.20     0.59   1638.4
      1298 scatter_axpy             74566.29      0.48     55.72      1.70     0.00      8.5
      1299 upload_i32               74622.49     57.08     42.48      3.40     0.00      0.0
      1300 upload                   74722.05    212.60     11.96      2.00     0.00      0.0
      1301 gather_rows              74946.61     15.28    231.64      2.10     0.00      0.3
      1302 gemm(gemv)               75193.53     44.20     16.28      2.60     0.59     13.3
      1303 gemm(gemv)               75254.01      0.00     14.80      3.00     0.59      0.0
      1304 silu_mul                 75268.81      0.36     65.28      2.20     0.00      0.0
      1305 gemm(gemv)               75334.45     48.04      1.26      2.10     0.59     12.3
      1306 scatter_axpy             75383.75      0.64     15.12      1.90     0.00      6.4
      1307 upload_i32               75399.51      4.80     53.92      2.70     0.00      0.0
      1308 upload                   75458.23      5.16     53.80      3.30     0.00      0.0
      1309 gather_rows              75517.19      0.36     49.32      2.30     0.00     11.4
      1310 gemm(gemv)               75566.87     45.28     10.76      2.50     0.59     13.0
      1311 gemm(gemv)               75622.91      1.92     16.28      2.20     0.59    307.2
      1312 silu_mul                 75641.11      0.36     50.32      1.90     0.00      0.0
      1313 gemm(gemv)               75691.79     47.48      7.12      1.90     0.59     12.4
      1314 scatter_axpy             75746.39      0.68     14.84      2.30     0.00      6.0
      1315 upload_i32               75761.91      6.32     53.84      3.10     0.00      0.0
      1316 upload                   75822.07      4.92     52.32      3.20     0.00      0.0
      1317 gather_rows              75879.31      0.36     48.96      2.10     0.00     11.4
      1318 gemm(gemv)               75928.63     44.88     10.60      3.10     0.59     13.1
      1319 gemm(gemv)               75984.11     11.92     17.08      2.70     0.59     49.5
      1320 silu_mul                 76013.11      0.36     67.64      1.70     0.00      0.0
      1321 gemm(gemv)               76081.11     48.56      0.00      2.60     0.59     12.1
      1322 scatter_axpy             76129.67      0.00     15.28      2.30     0.00      0.0
      1323 upload_i32               76144.95      4.96     53.88      2.80     0.00      0.0
      1324 upload                   76203.79      4.84     53.40      2.10     0.00      0.0
      1325 gather_rows              76262.03      0.36     49.92      2.10     0.00     11.4
      1326 gemm(gemv)               76312.31     46.16     11.00      2.60     0.59     12.8
      1327 gemm(gemv)               76369.47      2.28     16.40      2.00     0.59    258.7
      1328 silu_mul                 76388.15      0.36     51.00      1.90     0.00      0.0
      1329 gemm(gemv)               76439.51     46.64      9.96      2.30     0.59     12.6
      1330 scatter_axpy             76496.11      0.48     17.44      2.00     0.00      8.5
      1331 upload_i32               76514.03      5.12     53.08      2.40     0.00      0.0
      1332 upload                   76572.23      4.80     52.04      2.30     0.00      0.0
      1333 gather_rows              76629.07     13.76     42.72      2.90     0.00      0.3
      1334 gemm(gemv)               76685.55      0.36     50.32      3.90     0.59   1638.4
      1335 gemm(gemv)               76736.23     45.32     12.96      2.10     0.59     13.0
      1336 silu_mul                 76794.51      2.72     14.72      2.50     0.00      0.0
      1337 gemm(gemv)               76811.95      0.36     55.84      3.60     0.59   1638.4
      1338 scatter_axpy             76868.15     46.48      3.00      2.50     0.00      0.1
      1339 gemm(gemv)               76917.63      1.84     16.48      3.00     0.59    320.6
      1340 gemm(gemv)               76935.95      0.36     53.00      2.90     0.59   1638.4
      1341 silu_mul                 76989.31     45.36      7.60      2.10     0.00      0.0
      1342 gemm(gemv)               77042.27      0.44     19.60      2.50     0.59   1340.5
      1343 add_inplace              77062.31      0.36     44.88      2.70     0.00      0.0
      1344 add_inplace              77107.55     43.08     11.32      1.90     0.00      0.0
      1345 rmsnorm                  77161.95      0.48     19.72      5.10     0.00      0.0
      1346 gemm(gemv)               77182.15     21.84     38.76      3.40     7.08    324.1
      1347 gemm(gemv)               77242.75      0.44     20.96      3.40     1.18   2681.0
      1348 gemm(gemv)               77264.15      0.36     52.08      2.20     1.72   4778.7
      1349 qk_norm                  77316.59     70.00     17.96      5.30     0.00      0.0
      1350 rope                     77404.55      0.36     17.76      4.10     0.00      0.0
      1351 kv_append                77422.67      0.36     47.32      2.70     0.00      0.0
      1352 attention                77470.35     57.88     12.24     18.50     0.00      0.0
      1353 gemm(gemv)               77540.47      1.48      3.04      3.20     0.06     37.4
      1354 softplus_act             77544.99     48.80      2.46      2.40     0.00      0.0
      1355 mul_head_bcast           77596.25      0.48     17.00      2.50     0.00      0.0
      1356 gemm(gemv)               77613.73     21.04     40.76      3.50     7.08    336.4
      1357 add_inplace              77675.53      0.48     18.16      2.40     0.00      0.0
      1358 rmsnorm                  77694.17      0.36     50.60      2.90     0.00      0.0
      1359 fill0                    77745.13     46.24      6.40      2.60     0.00      0.0
      1360 gemm(gemv)               77797.77     14.64     19.44      2.70     1.05     71.6
      1361 download_f32             77831.85     65.48     83.70     83.20     0.00      0.0
      1362 upload_i32               77981.03     20.44      4.24      4.70     0.00      0.0
      1363 upload                   78005.71     29.92     17.72      3.20     0.00      0.0
      1364 gather_rows              78053.35      0.36     67.20      4.80     0.00     11.4
      1365 gemm(gemv)               78120.91     49.16      0.00      4.40     0.59     12.0
      1366 gemm(gemv)               78170.07      8.00      1.32      2.80     0.59     73.7
      1367 silu_mul                 78179.39     40.88     15.32      3.10     0.00      0.0
      1368 gemm(gemv)               78235.59     10.00      3.56      3.60     0.86     86.0
      1369 scatter_axpy             78249.15     42.92     10.80      2.70     0.00      0.1
      1370 upload_i32               78302.87      8.60     13.32      2.80     0.00      0.0
      1371 upload                   78324.79     50.40     50.72      2.80     0.00      0.0
      1372 gather_rows              78425.91      0.36     95.80      3.00     0.00     11.4
      1373 gemm(gemv)               78522.07     51.00      0.00      2.60     0.59     11.6
      1374 gemm(gemv)               78573.07      0.44     12.48      2.90     0.59   1340.5
      1375 silu_mul                 78585.99     62.88     15.28      2.10     0.00      0.0
      1376 gemm(gemv)               78664.15     12.52      3.60      3.10     0.86     68.7
      1377 scatter_axpy             78680.27     46.88      3.20      2.30     0.00      0.1
      1378 upload_i32               78730.35     19.00     15.68      3.10     0.00      0.0
      1379 upload                   78765.03     15.64     45.76      2.60     0.00      0.0
      1380 gather_rows              78826.43     42.64      8.24      2.60     0.00      0.1
      1381 gemm(gemv)               78877.31      0.00     13.20      3.00     0.59      0.0
      1382 gemm(gemv)               78890.51      0.32     48.44      2.70     0.59   1843.2
      1383 silu_mul                 78939.27     42.88      5.14      1.70     0.00      0.0
      1384 gemm(gemv)               78987.29      0.44     16.24      2.00     0.86   1954.9
      1385 scatter_axpy             79003.97      0.36     47.00      2.10     0.00     11.4
      1386 upload_i32               79051.33     73.56     17.68      2.80     0.00      0.0
      1387 upload                   79142.57     97.64      5.84      2.10     0.00      0.0
      1388 gather_rows              79246.05     44.64     18.36      2.50     0.00      0.1
      1389 gemm(gemv)               79309.05     50.40     35.96      3.30     0.59     11.7
      1390 gemm(gemv)               79395.41     35.29     54.39      3.00     0.59     16.7
      1391 silu_mul                 79485.09    112.82     13.43      1.70     0.00      0.0
      1392 gemm(gemv)               79611.34      0.36     12.56      3.00     0.86   2389.3
      1393 scatter_axpy             79624.26      0.36     10.84      1.90     0.00     11.4
      1394 upload_i32               79635.46     46.77     24.09      2.50     0.00      0.0
      1395 upload                   79706.32     33.19      0.00      3.30     0.00      0.0
      1396 gather_rows              79739.51     20.22     18.43      2.00     0.00      0.2
      1397 gemm(gemv)               79778.16     25.39     14.16      2.80     0.59     23.2
      1398 gemm(gemv)               79817.71     46.78     22.51      3.50     0.59     12.6
      1399 silu_mul                 79887.00     32.38      7.22      2.30     0.00      0.0
      1400 gemm(gemv)               79926.60     29.33     13.10      2.30     0.86     29.3
      1401 scatter_axpy             79969.03     21.42      8.64      2.20     0.00      0.2
      1402 upload_i32               79999.09     39.36     18.07      2.60     0.00      0.0
      1403 upload                   80056.52     37.50     42.01      2.90     0.00      0.0
      1404 gather_rows              80136.03     20.26     20.03      2.90     0.00      0.2
      1405 gemm(gemv)               80176.32     25.20     16.23      2.90     0.59     23.4
      1406 gemm(gemv)               80217.75     46.43     11.27      2.30     0.59     12.7
      1407 silu_mul                 80275.45     47.90      3.67      2.80     0.00      0.0
      1408 gemm(gemv)               80327.02      0.36     13.92      2.80     0.86   2389.3
      1409 scatter_axpy             80341.30     21.55     10.24      2.40     0.00      0.2
      1410 warm_read                80373.09     40.82     19.53    149.20     0.00      0.0
      1411 warm_read                80433.44     39.59     14.18    135.10     0.00      0.0
      1412 warm_read                80487.21     43.92      4.21    185.20     0.00      0.0
      1413 upload_paged             80535.34     14.21    150.11    561.00     2.04    143.5
      1414 upload_i32               80699.66     35.48     20.98      6.00     0.00      0.0
      1415 upload                   80756.12     36.75     21.86      3.40     0.00      0.0
      1416 gather_rows              80814.73     20.04     19.20      4.70     0.00      0.2
      1417 gemm(gemv)               80853.97     25.30     15.33      3.00     0.59     23.3
      1418 gemm(gemv)               80894.60     52.21     23.42      2.80     0.59     11.3
      1419 silu_mul                 80970.23     21.21     19.77      3.10     0.00      0.0
      1420 gemm(gemv)               81011.21     30.98     13.00      2.70     0.86     27.8
      1421 scatter_axpy             81055.19     21.30      5.04      2.60     0.00      0.2
      1422 upload_i32               81081.53     37.90     12.29      2.80     0.00      0.0
      1423 upload                   81131.72     18.48     66.64      2.70     0.00      0.0
      1424 gather_rows              81216.84     25.14     16.31    118.00     0.00      0.2
      1425 gemm(gemv)               81258.29    313.66    143.13      3.60     0.59      1.9
      1426 gemm(gemv)               81715.08      0.36      8.96      2.60     0.59   1638.4
      1427 silu_mul                 81724.40     43.17      0.00      2.50     0.00      0.0
      1428 gemm(gemv)               81767.57     29.05     14.00      2.20     0.86     29.6
      1429 scatter_axpy             81810.62     22.22      7.24      2.20     0.00      0.2
      1430 gemm(gemv)               81840.08     23.55     16.42      3.00     0.59     25.0
      1431 gemm(gemv)               81880.05     27.54      0.55      3.00     0.59     21.4
      1432 silu_mul                 81908.14     45.30     22.96      3.10     0.00      0.0
      1433 gemm(gemv)               81976.40      0.44     35.55      2.50     0.86   1954.9
      1434 add_inplace              82012.39     21.92     50.14      3.00     0.00      0.0
      1435 add_inplace              82084.45     41.00      9.15      3.40     0.00      0.0
      1436 rmsnorm                  82134.60     21.88      7.92      2.90     0.00      0.0
      1437 gemm_group               82164.40     87.28     12.30      4.30     0.00      0.0
      1438 qk_norm                  82263.98      0.36     10.64      4.70     0.00      0.0
      1439 rope                     82274.98     43.80      5.82      3.30     0.00      0.0
      1440 kv_append                82324.60      2.24     31.16      3.50     0.00      0.0
      1441 attention                82358.00     21.48     60.68      8.40     0.00      0.0
      1442 gemm(gemv)               82440.16      0.00     17.28      3.20     0.07      0.0
      1443 softplus_act             82457.44      0.36     65.40      2.60     0.00      0.0
      1444 mul_head_bcast           82523.20     68.64     14.04      2.10     0.00      0.0
      1445 gemm(gemv)               82605.88     24.44      3.60      4.10     9.44    386.1
      1446 add_inplace              82633.92     65.20      9.32      3.10     0.00      0.0
      1447 rmsnorm                  82708.44     72.24      7.50      2.50     0.00      0.0
      1448 fill0                    82788.18      9.16      1.48      2.80     0.00      0.0
      1449 gemm(gemv)               82798.82     48.16     13.96      2.30     1.05     21.8
      1450 download_f32             82860.94     64.36     77.70     78.00     0.00      0.0
      1451 upload_i32               83003.00     14.20      4.24      3.80     0.00      0.0
      1452 upload                   83021.44      4.88     58.72      2.90     0.00      0.0
      1453 gather_rows              83085.04     42.88     17.36      2.10     0.00      0.1
      1454 gemm(gemv)               83145.28      7.60      2.52      3.60     0.59     77.6
      1455 gemm(gemv)               83155.40     48.04      7.24      2.40     0.59     12.3
      1456 silu_mul                 83210.68      3.60     13.96      2.60     0.00      0.0
      1457 gemm(gemv)               83228.24      0.44     54.68      2.70     0.59   1340.5
      1458 scatter_axpy             83283.36     48.16      2.78      2.40     0.00      0.1
      1459 upload_i32               83334.30     41.20     17.40      2.00     0.00      0.0
      1460 upload                   83392.90     17.04     20.80      2.00     0.00      0.0
      1461 gather_rows              83430.74     48.16     16.92      2.00     0.00      0.1
      1462 gemm(gemv)               83495.82      0.00     15.52      2.80     0.59      0.0
      1463 gemm(gemv)               83511.34      0.32     50.44      2.70     0.59   1843.2
      1464 silu_mul                 83562.10     23.12     74.72      2.40     0.00      0.0
      1465 gemm(gemv)               83659.94      0.36     81.20      2.10     0.59   1638.4
      1466 scatter_axpy             83741.50     48.04      0.00      2.20     0.00      0.1
      1467 upload_i32               83789.54     41.64     17.72      2.60     0.00      0.0
      1468 upload                   83848.90     73.76      4.12      2.90     0.00      0.0
      1469 gather_rows              83926.78      0.36     70.88      1.80     0.00     11.4
      1470 gemm(gemv)               83998.02     45.76     11.36      2.30     0.59     12.9
      1471 gemm(gemv)               84055.14    153.68     14.88      2.00     0.59      3.8
      1472 silu_mul                 84223.70      0.36    206.24      1.90     0.00      0.0
      1473 gemm(gemv)               84430.30     48.76      0.00      2.70     0.59     12.1
      1474 scatter_axpy             84479.06      0.50     14.44      1.70     0.00      8.2
      1475 upload_i32               84494.00      4.84     54.96      2.50     0.00      0.0
      1476 upload                   84553.80      5.78     51.12      2.60     0.00      0.0
      1477 gather_rows              84610.70      0.36     50.60      1.90     0.00     11.4
      1478 gemm(gemv)               84661.66     47.44      6.44      2.40     0.59     12.4
      1479 gemm(gemv)               84715.54     11.60     18.16      2.80     0.59     50.8
      1480 silu_mul                 84745.30      0.36     63.88      2.20     0.00      0.0
      1481 gemm(gemv)               84809.54     46.92      0.00      2.30     0.59     12.6
      1482 scatter_axpy             84856.46      0.00     15.64      2.30     0.00      0.0
      1483 upload_i32               84872.10      4.80     53.00      2.20     0.00      0.0
      1484 upload                   84929.90      4.96     52.12      2.60     0.00      0.0
      1485 gather_rows              84986.98      0.36     48.08      2.20     0.00     11.4
      1486 gemm(gemv)               85035.42     46.32      8.48      3.70     0.59     12.7
      1487 gemm(gemv)               85090.22      2.52     15.96      2.60     0.59    234.1
      1488 silu_mul                 85108.70      0.36     50.20      1.60     0.00      0.0
      1489 gemm(gemv)               85159.26     48.20      6.44      2.20     0.59     12.2
      1490 scatter_axpy             85213.90      1.46     14.04      1.80     0.00      2.8
      1491 upload_i32               85229.40      4.80     55.32      2.10     0.00      0.0
      1492 upload                   85289.52      4.96     52.28      2.10     0.00      0.0
      1493 gather_rows              85346.76      0.36     47.68      1.80     0.00     11.4
      1494 gemm(gemv)               85394.80     46.24      9.44      2.30     0.59     12.8
      1495 gemm(gemv)               85450.48      2.74     14.88      2.70     0.59    215.3
      1496 silu_mul                 85468.10      0.36     52.08      2.70     0.00      0.0
      1497 gemm(gemv)               85520.54     49.80      5.06      2.20     0.59     11.8
      1498 scatter_axpy             85575.40      0.36     11.20      2.20     0.00     11.4
      1499 upload_i32               85586.96     67.40     15.80      3.00     0.00      0.0
      1500 upload                   85670.16    102.72     52.44      2.30     0.00      0.0
      1501 gather_rows              85825.32     43.04      4.04      2.10     0.00      0.1
      1502 gemm(gemv)               85872.40     44.12      9.44      3.60     0.59     13.4
      1503 gemm(gemv)               85925.96     44.68      1.32      2.30     0.59     13.2
      1504 silu_mul                 85971.96      0.00     15.20      2.20     0.00      0.0
      1505 gemm(gemv)               85987.16      0.36     68.68      3.20     0.59   1638.4
      1506 scatter_axpy             86056.20     46.88      0.00      1.90     0.00      0.1
      1507 upload_i32               86103.08     56.64     18.24      2.40     0.00      0.0
      1508 upload                   86177.96     18.76     19.32      2.60     0.00      0.0
      1509 gather_rows              86216.04     21.36     17.92      2.20     0.00      0.2
      1510 gemm(gemv)               86255.32     46.08     13.60      3.50     0.59     12.8
      1511 gemm(gemv)               86315.00     36.62     15.08      2.40     0.59     16.1
      1512 silu_mul                 86366.70      0.36    100.28      2.60     0.00      0.0
      1513 gemm(gemv)               86467.34     47.68      0.00      2.40     0.59     12.4
      1514 scatter_axpy             86515.02      0.00     14.84      2.20     0.00      0.0
      1515 gemm(gemv)               86529.86      0.36     50.52      2.60     0.59   1638.4
      1516 gemm(gemv)               86580.74     47.20      4.92      2.70     0.59     12.5
      1517 silu_mul                 86632.86      9.66     10.64      2.30     0.00      0.0
      1518 gemm(gemv)               86653.16      0.36     65.40      1.90     0.59   1638.4
      1519 add_inplace              86718.92     45.80      0.00      2.50     0.00      0.0
      1520 add_inplace              86764.72      0.00     12.88      2.30     0.00      0.0
      1521 rmsnorm                  86777.60      0.48     52.48      2.70     0.00      0.0
      1522 gemm_group               86830.56     74.76      4.54      2.50     0.00      0.0
      1523 qk_norm                  86909.86      0.36     10.60      3.30     0.00      0.0
      1524 rope                     86920.82      0.24     11.64      2.70     0.00      0.0
      1525 kv_append                86932.70      0.36     50.56      2.70     0.00      0.0
      1526 attention                86983.62     59.64      4.88      7.00     0.00      0.0
      1527 gemm(gemv)               87048.14      1.36      2.88      2.40     0.07     54.2
      1528 softplus_act             87052.38     62.72     17.62      2.00     0.00      0.0
      1529 mul_head_bcast           87132.72      0.00     12.44      2.50     0.00      0.0
      1530 gemm(gemv)               87145.16     24.88     45.12      2.30     9.44    379.3
      1531 add_inplace              87215.16     13.12      4.72      2.00     0.00      0.0
      1532 rmsnorm                  87233.00     46.16     13.80      5.30     0.00      0.0
      1533 fill0                    87292.96      7.94     11.16      2.20     0.00      0.0
      1534 gemm(gemv)               87312.06      0.70     73.50      2.40     1.05   1498.0
      1535 download_f32             87386.26     76.44    123.90    123.90     0.00      0.0
      1536 warm_read                87586.60    204.72     10.00    162.20     0.00      0.0
      1537 warm_read                87801.32    104.92      9.44    141.30     0.00      0.0
      1538 warm_read                87915.68    166.16      0.00    151.80     0.00      0.0
      1539 upload_paged             88081.84    441.32    300.44    454.90     1.77      4.0
      1540 upload_i32               88823.60     44.88     25.80      6.70     0.00      0.0
      1541 upload                   88894.28      0.00     24.12      3.80     0.00      0.0
      1542 gather_rows              88918.40     13.72    100.24      6.40     0.00      0.3
      1543 gemm(gemv)               89032.36     57.12     16.16      3.30     0.59     10.3
      1544 gemm(gemv)               89105.64      0.00     19.80      2.50     0.59      0.0
      1545 silu_mul                 89125.44      0.36     66.16      3.10     0.00      0.0
      1546 gemm(gemv)               89191.96     95.68     56.68      2.80     0.59      6.2
      1547 scatter_axpy             89344.32      0.00     39.84      3.30     0.00      0.0
      1548 upload_i32               89384.16    237.04     80.20      2.90     0.00      0.0
      1549 upload                   89701.40     17.04     35.64      2.60     0.00      0.0
      1550 gather_rows              89754.08     47.28      0.00      2.40     0.00      0.1
      1551 gemm(gemv)               89801.36      3.32     16.00      2.60     0.59    177.7
      1552 gemm(gemv)               89820.68      0.36     53.28      2.70     0.59   1638.4
      1553 silu_mul                 89874.32     44.56      9.96      2.20     0.00      0.0
      1554 gemm(gemv)               89928.84      0.48     20.60      2.30     0.59   1228.8
      1555 scatter_axpy             89949.92      0.36     64.36      2.60     0.00     11.4
      1556 upload_i32               90014.64     53.04     10.36      2.90     0.00      0.0
      1557 upload                   90078.04     16.88     29.44      3.30     0.00      0.0
      1558 gather_rows              90124.36     42.64     18.20      2.50     0.00      0.1
      1559 gemm(gemv)               90185.20      7.30     18.88      4.20     0.59     80.8
      1560 gemm(gemv)               90211.38      0.36     64.80      2.70     0.59   1638.4
      1561 silu_mul                 90276.54     45.12      0.00      2.00     0.00      0.0
      1562 gemm(gemv)               90321.66      0.48     18.88      2.60     0.59   1228.8
      1563 scatter_axpy             90341.02      0.36     47.44      2.80     0.00     11.4
      1564 upload_i32               90388.82     52.64     10.04      2.00     0.00      0.0
      1565 upload                   90451.50     95.68     24.14      2.80     0.00      0.0
      1566 gather_rows              90571.32     49.80      0.00      3.30     0.00      0.1
      1567 gemm(gemv)               90621.12     10.48     17.92      2.50     0.59     56.3
      1568 gemm(gemv)               90649.52      0.36     69.12      2.60     0.59   1638.4
      1569 silu_mul                 90719.00     45.08      0.00      2.00     0.00      0.0
      1570 gemm(gemv)               90764.08      0.48     19.64      2.30     0.59   1228.8
      1571 scatter_axpy             90784.20      0.36     46.08      2.30     0.00     11.4
      1572 upload_i32               90830.64     52.16     11.68      2.30     0.00      0.0
      1573 upload                   90894.48     18.16     28.52      2.60     0.00      0.0
      1574 gather_rows              90941.16     63.72     27.14      2.50     0.00      0.1
      1575 gemm(gemv)               91032.02      0.00     16.88      3.40     0.59      0.0
      1576 gemm(gemv)               91048.90      0.36     53.44      2.20     0.59   1638.4
      1577 silu_mul                 91102.70     46.32      4.30      2.90     0.00      0.0
      1578 gemm(gemv)               91153.32      0.44     17.68      2.40     0.59   1340.5
      1579 scatter_axpy             91171.44      0.36     55.24      2.40     0.00     11.4
      1580 upload_i32               91227.04     50.84     13.16      3.20     0.00      0.0
      1581 upload                   91291.04     19.68     28.04      2.50     0.00      0.0
      1582 gather_rows              91338.76     63.56     27.54      2.20     0.00      0.1
      1583 gemm(gemv)               91429.86      0.00     14.96      3.60     0.59      0.0
      1584 gemm(gemv)               91444.82      0.36     64.40      2.60     0.59   1638.4
      1585 silu_mul                 91509.58     46.44      1.34      2.00     0.00      0.0
      1586 gemm(gemv)               91557.36      0.44     18.36      2.80     0.59   1340.5
      1587 scatter_axpy             91576.16      0.36     47.64      2.00     0.00     11.4
      1588 upload_i32               91624.16     52.68      9.20      2.60     0.00      0.0
      1589 upload                   91686.04     17.84     28.48      2.00     0.00      0.0
      1590 gather_rows              91732.36     21.48     16.96      2.30     0.00      0.2
      1591 gemm(gemv)               91770.80     48.52     13.42      2.50     0.59     12.2
      1592 gemm(gemv)               91832.74     12.52      1.44      3.00     0.59     47.1
      1593 silu_mul                 91846.70     61.92     24.22      2.40     0.00      0.0
      1594 gemm(gemv)               91932.84      0.44     18.64      2.30     0.59   1340.5
      1595 scatter_axpy             91951.92      0.36     48.24      2.50     0.00     11.4
      1596 upload_i32               92000.52     53.04      0.00      2.30     0.00      0.0
      1597 upload                   92053.56     19.72     27.20      2.10     0.00      0.0
      1598 gather_rows              92100.48     45.92     17.54      2.30     0.00      0.1
      1599 gemm(gemv)               92163.94      4.06     15.12      2.50     0.59    145.3
      1600 gemm(gemv)               92183.12      0.36     52.96      2.40     0.59   1638.4
      1601 silu_mul                 92236.44     63.24     20.68      1.50     0.00      0.0
      1602 gemm(gemv)               92320.36      0.48     17.84      2.50     0.59   1228.8
      1603 scatter_axpy             92338.68      0.36     47.56      1.80     0.00     11.4
      1604 gemm(gemv)               92386.60     44.92     11.40     48.40     0.59     13.1
      1605 gemm(gemv)               92442.92      0.00     16.12      2.10     0.59      0.0
      1606 silu_mul                 92459.04      0.36     50.60      2.00     0.00      0.0
      1607 gemm(gemv)               92510.00     48.00      7.04      2.10     0.59     12.3
      1608 add_inplace              92565.04      0.78     13.72      2.50     0.00      0.0
      1609 add_inplace              92579.54      0.36     49.92      2.40     0.00      0.0
      1610 rmsnorm                  92629.82     48.76      7.72      3.10     0.00      0.0
      1611 gemm(gemv)               92686.30     30.12      1.44      2.50     9.44    313.3
      1612 gemm(gemv)               92717.86     10.68     19.20      2.30     1.18    110.5
      1613 gemm(gemv)               92747.74      0.36     68.72      2.20     1.72   4778.7
      1614 qk_norm                  92816.82     48.48      4.44      3.70     0.00      0.0
      1615 rope                     92869.74      0.36     16.04      3.30     0.00      0.0
      1616 kv_append                92886.14      0.36     48.20      3.10     0.00      0.0
      1617 attention                92934.70    121.96     61.44      7.30     0.00      0.0
      1618 gemm(gemv)               93118.10      2.44      2.84      2.50     0.07     30.2
      1619 softplus_act             93123.38     75.64      0.00      2.40     0.00      0.0
      1620 mul_head_bcast           93199.02      0.00     15.52      2.80     0.00      0.0
      1621 gemm(gemv)               93214.54      0.44     69.20      2.10     9.44  21448.1
      1622 add_inplace              93284.18     19.28      2.56      2.70     0.00      0.0
      1623 rmsnorm                  93306.02     46.76     13.32      2.50     0.00      0.0
      1624 fill0                    93366.10      0.44     11.64      2.50     0.00      0.0
      1625 gemm(gemv)               93378.18     77.00     14.76      2.20     1.05     13.6
      1626 download_f32             93469.94     79.52    117.70    117.20     0.00      0.0
      1627 upload_i32               93667.16     18.24     24.84      5.40     0.00      0.0
      1628 upload                   93710.24      0.00     50.60      3.30     0.00      0.0
      1629 gather_rows              93760.84      0.36     60.16      5.60     0.00     11.4
      1630 gemm(gemv)               93821.36     48.72     13.60      4.80     0.59     12.1
      1631 gemm(gemv)               93883.68      0.44     17.48      3.00     0.59   1340.5
      1632 silu_mul                 93901.60      0.36     55.36      3.80     0.00      0.0
      1633 gemm(gemv)               93957.32     49.88     12.02      3.30     0.86     17.2
      1634 scatter_axpy             94019.22      2.26     14.96      2.80     0.00      1.8
      1635 upload_i32               94036.44      5.20     55.12      3.10     0.00      0.0
      1636 upload                   94096.76     19.42     54.96      3.00     0.00      0.0
      1637 gather_rows              94171.14      0.36     68.28      2.40     0.00     11.4
      1638 gemm(gemv)               94239.78     48.96     10.32      3.60     0.59     12.0
      1639 gemm(gemv)               94299.06      0.00     18.32      2.50     0.59      0.0
      1640 silu_mul                 94317.38      0.36     50.40      2.30     0.00      0.0
      1641 gemm(gemv)               94368.14     49.48     12.64      2.70     0.86     17.4
      1642 scatter_axpy             94430.26      0.00     16.24      1.90     0.00      0.0
      1643 upload_i32               94446.50     17.22     53.68      3.50     0.00      0.0
      1644 upload                   94517.40     44.72     72.04      2.80     0.00      0.0
      1645 gather_rows              94634.16     20.56     15.72      2.30     0.00      0.2
      1646 gemm(gemv)               94670.44     43.72     18.66      3.80     0.59     13.5
      1647 gemm(gemv)               94732.82      0.00     36.24      2.70     0.59      0.0
      1648 silu_mul                 94769.06     14.24     49.20      2.40     0.00      0.0
      1649 gemm(gemv)               94832.50    325.60    266.16      2.40     0.86      2.6
      1650 scatter_axpy             95424.26     64.92      0.00      2.60     0.00      0.1
      1651 upload_i32               95489.18     52.84     15.32      2.60     0.00      0.0
      1652 upload                   95557.34     57.00      5.72      2.60     0.00      0.0
      1653 gather_rows              95620.06     49.88      3.50      2.70     0.00      0.1
      1654 gemm(gemv)               95673.44      0.00     16.36      2.90     0.59      0.0
      1655 gemm(gemv)               95689.80      0.36     51.52      2.80     0.59   1638.4
      1656 silu_mul                 95741.68     44.40      5.72      2.70     0.00      0.0
      1657 gemm(gemv)               95791.80      0.48     20.20      2.40     0.86   1792.0
      1658 scatter_axpy             95812.48      0.36     64.84      2.40     0.00     11.4
      1659 upload_i32               95877.68     53.20      9.32      3.00     0.00      0.0
      1660 upload                   95940.20     17.20     28.52      2.80     0.00      0.0
      1661 gather_rows              95985.92     44.80     17.36      3.10     0.00      0.1
      1662 gemm(gemv)               96048.08     11.98     16.64      2.50     0.59     49.2
      1663 gemm(gemv)               96076.70      0.36     68.00      3.40     0.59   1638.4
      1664 silu_mul                 96145.06    165.72    116.54      2.50     0.00      0.0
      1665 gemm(gemv)               96427.32     44.84     10.08      2.20     0.86     19.2
      1666 scatter_axpy             96482.24      0.00     18.08      2.80     0.00      0.0
      1667 upload_i32               96500.32      3.16     53.24      2.50     0.00      0.0
      1668 upload                   96556.72      4.52     51.40      3.30     0.00      0.0
      1669 gather_rows              96612.64      0.36     47.24      2.30     0.00     11.4
      1670 gemm(gemv)               96660.24     46.12      6.48      2.70     0.59     12.8
      1671 gemm(gemv)               96712.84      0.36      8.88      2.50     0.59   1638.4
      1672 silu_mul                 96722.08     18.32     16.48      2.20     0.00      0.0
      1673 gemm(gemv)               96756.88     45.84     13.72      3.50     0.86     18.8
      1674 scatter_axpy             96816.44      0.00     14.84      2.00     0.00      0.0
      1675 upload_i32               96831.28      4.88     50.52      2.90     0.00      0.0
      1676 upload                   96886.68     37.26     17.24      2.50     0.00      0.0
      1677 gather_rows              96941.18      0.36     49.68      2.40     0.00     11.4
      1678 gemm(gemv)               96991.22     45.84      3.46      3.40     0.59     12.9
      1679 gemm(gemv)               97040.52      0.92     12.84      3.00     0.59    641.1
      1680 silu_mul                 97054.28      0.36     50.12      2.90     0.00      0.0
      1681 gemm(gemv)               97104.76     48.52      5.82      2.50     0.86     17.7
      1682 scatter_axpy             97159.10      0.00     14.16      2.70     0.00      0.0
      1683 warm_read                97173.26      5.68     40.24    179.00     0.00      0.0
      1684 warm_read                97219.18     39.68     11.88    176.10     0.00      0.0
      1685 warm_read                97270.74     28.34      4.28    224.30     0.00      0.0
      1686 upload_paged             97303.36    225.44    167.20   2457.00     2.04      9.0
      1687 upload_i32               97696.00     32.40      4.52      6.30     0.00      0.0
      1688 upload                   97732.92     37.88     39.84      3.90     0.00      0.0
      1689 gather_rows              97810.64     51.40     15.68      5.20     0.00      0.1
      1690 gemm(gemv)               97877.72     78.04     18.74      3.60     0.59      7.6
      1691 gemm(gemv)               97974.50      0.36    147.88      2.40     0.59   1638.4
      1692 silu_mul                 98122.74     43.84     10.24      3.20     0.00      0.0
      1693 gemm(gemv)               98176.82      0.60     20.12      2.70     0.86   1433.6
      1694 scatter_axpy             98197.54      0.36     64.60      1.80     0.00     11.4
      1695 gemm(gemv)               98262.50     47.16      9.68      3.00     0.59     12.5
      1696 gemm(gemv)               98319.34      0.00     15.44      2.60     0.59      0.0
      1697 silu_mul                 98334.78      0.36     52.00      2.00     0.00      0.0
      1698 gemm(gemv)               98387.14     47.20      5.84      2.60     0.86     18.2
      1699 add_inplace              98440.18      2.96     13.24      2.70     0.00      0.0
      1700 add_inplace              98456.38      0.36     50.56      1.90     0.00      0.0
      1701 rmsnorm                  98507.30     48.92      7.08      2.50     0.00      0.0
      1702 gemm_group               98563.30     35.24      1.44      3.50     0.00      0.0
      1703 qk_norm                  98599.98     45.52      9.48      4.70     0.00      0.0
      1704 rope                     98654.98      0.36     17.96      3.70     0.00      0.0
      1705 kv_append                98673.30      0.36     45.72      3.00     0.00      0.0
      1706 attention                98719.38     57.28     13.24      8.90     0.00      0.0
      1707 gemm(gemv)               98789.90      0.36      6.32      2.70     0.06    153.6
      1708 softplus_act             98796.58     46.84     12.50      2.30     0.00      0.0
      1709 mul_head_bcast           98855.92      0.00     15.72      2.10     0.00      0.0
      1710 gemm(gemv)               98871.64     21.32     42.76      2.20     7.08    332.0
      1711 add_inplace              98935.72      0.48     18.04      2.40     0.00      0.0
      1712 rmsnorm                  98954.24      0.36     49.00      2.00     0.00      0.0
      1713 fill0                    99003.60     46.08      7.80      2.60     0.00      0.0
      1714 gemm(gemv)               99057.48      9.10     18.96      2.90     1.05    115.2
      1715 download_f32             99085.54     64.36     79.60     79.80     0.00      0.0
      1716 upload_i32               99229.50     21.00      4.20      4.30     0.00      0.0
      1717 upload                   99254.70     30.84     18.40      2.90     0.00      0.0
      1718 gather_rows              99303.94      0.36     74.32      4.90     0.00     11.4
      1719 gemm(gemv)               99378.62     24.20     10.24      5.10     0.59     24.4
      1720 gemm(gemv)               99413.06     52.16     12.36      2.50     0.59     11.3
      1721 silu_mul                 99477.58      0.00     12.00      2.80     0.00      0.0
      1722 gemm(gemv)               99489.58      0.44     67.16      2.20     0.59   1340.5
      1723 scatter_axpy             99557.18     49.28      0.00      2.60     0.00      0.1
      1724 upload_i32               99606.46     42.04     18.84      2.90     0.00      0.0
      1725 upload                   99667.34     56.92     13.24      2.80     0.00      0.0
      1726 gather_rows              99737.50      0.00     23.72      2.40     0.00      0.0
      1727 gemm(gemv)               99761.22      0.32     54.68      3.20     0.59   1843.2
      1728 gemm(gemv)               99816.22     48.28      8.20      2.20     0.59     12.2
      1729 silu_mul                 99872.70      7.90     12.92      1.90     0.00      0.0
      1730 gemm(gemv)               99893.52      0.36     65.92      2.50     0.59   1638.4
      1731 scatter_axpy             99959.80     48.64      0.00      2.30     0.00      0.1
      1732 upload_i32              100008.44     57.20     18.40      2.30     0.00      0.0
      1733 upload                  100084.04     19.80     19.24      2.80     0.00      0.0
      1734 gather_rows             100123.08     42.72     17.36      2.00     0.00      0.1
      1735 gemm(gemv)              100183.16      4.74     14.40      3.20     0.59    124.4
      1736 gemm(gemv)              100202.30      0.36     65.08      2.10     0.59   1638.4
      1737 silu_mul                100267.74     46.16      0.86      2.00     0.00      0.0
      1738 gemm(gemv)              100314.76      0.48     18.56      2.10     0.59   1228.8
      1739 scatter_axpy            100333.80    120.28    103.70      1.70     0.00      0.0
      1740 upload_i32              100557.78     33.68      3.56      2.50     0.00      0.0
      1741 upload                  100595.02     51.68     18.36      2.70     0.00      0.0
      1742 gather_rows             100665.06      0.00     23.08      2.50     0.00      0.0
      1743 gemm(gemv)              100688.14     13.80     41.60      3.90     0.59     42.7
      1744 gemm(gemv)              100743.54     45.68     12.08      2.80     0.59     12.9
      1745 silu_mul                100801.30     14.82     15.32      2.00     0.00      0.0
      1746 gemm(gemv)              100831.44      0.36     68.08      2.10     0.59   1638.4
      1747 scatter_axpy            100899.88     79.64      3.26      2.10     0.00      0.1
      1748 upload_i32              100982.78     57.88     22.88      2.40     0.00      0.0
      1749 upload                  101063.54     56.96     23.12      2.50     0.00      0.0
      1750 gather_rows             101143.62      0.48     22.96      1.90     0.00      8.5
      1751 gemm(gemv)              101167.06     16.40     42.28      3.00     0.59     36.0
      1752 gemm(gemv)              101225.74     53.76     13.68      2.80     0.59     11.0
      1753 silu_mul                101293.18      9.14     17.32      2.00     0.00      0.0
      1754 gemm(gemv)              101319.64      0.36     71.44      2.70     0.59   1638.4
      1755 scatter_axpy            101391.44     53.32      0.00      2.00     0.00      0.1
      1756 upload_i32              101444.76     59.40     18.16      2.30     0.00      0.0
      1757 upload                  101522.32     50.12     23.08      2.50     0.00      0.0
      1758 gather_rows             101595.52      0.00     23.36      1.90     0.00      0.0
      1759 gemm(gemv)              101618.88     13.68     42.68      2.80     0.59     43.1
      1760 gemm(gemv)              101675.24     45.96     14.44      2.40     0.59     12.8
      1761 silu_mul                101735.64      0.48     29.64      2.00     0.00      0.0
      1762 gemm(gemv)              101765.76      0.32     46.80      2.30     0.59   1843.2
      1763 scatter_axpy            101812.88     51.56     12.30      2.30     0.00      0.1
      1764 upload_i32              101876.74     58.72     18.56      2.20     0.00      0.0
      1765 upload                  101954.02     19.32     20.00      2.80     0.00      0.0
      1766 gather_rows             101993.34      0.36     46.92      2.20     0.00     11.4
      1767 gemm(gemv)              102040.62     47.04      4.76      2.80     0.59     12.5
      1768 gemm(gemv)              102092.42      0.00     15.80      2.60     0.59      0.0
      1769 silu_mul                102108.22      0.36     49.00      1.70     0.00      0.0
      1770 gemm(gemv)              102157.58     48.80     10.74      3.10     0.59     12.1
      1771 scatter_axpy            102217.12      0.90     14.80      1.80     0.00      4.6
      1772 upload_i32              102232.82      2.82     55.68      2.80     0.00      0.0
      1773 upload                  102291.32      4.92     53.20      2.00     0.00      0.0
      1774 gather_rows             102349.44      0.36     47.84      1.80     0.00     11.4
      1775 gemm(gemv)              102397.64     44.44     10.20      2.30     0.59     13.3
      1776 gemm(gemv)              102452.28      0.00     16.96      2.00     0.59      0.0
      1777 silu_mul                102469.24      0.36     47.52      2.40     0.00      0.0
      1778 gemm(gemv)              102517.12     46.68     11.48      2.00     0.59     12.6
      1779 scatter_axpy            102575.28      3.10     14.96      2.00     0.00      1.3
      1780 gemm(gemv)              102593.34      0.36     51.68     49.10     0.59   1638.4
      1781 gemm(gemv)              102645.38     46.08      5.96      3.40     0.59     12.8
      1782 silu_mul                102697.42      0.48     13.84      2.30     0.00      0.0
      1783 gemm(gemv)              102711.74     44.40     15.68      2.30     0.59     13.3
      1784 add_inplace             102771.82      2.64     13.68      2.30     0.00      0.0
      1785 add_inplace             102788.14      0.36     50.52      1.70     0.00      0.0
      1786 rmsnorm                 102839.02     49.12      6.92      2.30     0.00      0.0
      1787 gemm_group              102895.06     45.52      1.40      3.00     0.00      0.0
      1788 qk_norm                 102941.98     44.32      2.56      4.10     0.00      0.0
      1789 rope                    102988.86     44.48     11.92      3.50     0.00      0.0
      1790 kv_append               103045.26     51.16      0.38      2.30     0.00      0.0
      1791 attention               103096.80     56.56     18.84      6.10     0.00      0.0
      1792 gemm(gemv)              103172.20      6.32     19.52      2.50     0.07     11.7
      1793 softplus_act            103198.04     70.04     40.50      1.60     0.00      0.0
      1794 mul_head_bcast          103308.58    113.60      3.76      2.00     0.00      0.0
      1795 gemm(gemv)              103425.94     90.96     13.80      2.40     9.44    103.8
      1796 add_inplace             103530.70      0.36      9.68      1.90     0.00      0.0
      1797 rmsnorm                 103540.74     70.92      2.70      2.40     0.00      0.0
      1798 fill0                   103614.36      0.00     15.12      2.30     0.00      0.0
      1799 gemm(gemv)              103629.48      0.90     68.90      2.50     1.05   1165.1
      1800 download_f32            103699.28     66.04     83.20     82.80     0.00      0.0
      1801 upload_i32              103848.52     18.96     17.48      5.20     0.00      0.0
      1802 upload                  103884.96     28.18     17.84      2.90     0.00      0.0
      1803 gather_rows             103930.98      0.36     66.96      5.00     0.00     11.4
      1804 gemm(gemv)              103998.30     47.80      0.00      4.70     0.59     12.3
      1805 gemm(gemv)              104046.10      8.72      1.32      3.20     0.59     67.6
      1806 silu_mul                104056.14     19.88     13.16      2.80     0.00      0.0
      1807 gemm(gemv)              104089.18     22.40     14.16      2.50     0.59     26.3
      1808 scatter_axpy            104125.74     60.68     20.66      2.60     0.00      0.1
      1809 upload_i32              104207.08     21.12      2.72      2.80     0.00      0.0
      1810 upload                  104230.92     32.60     15.68      3.20     0.00      0.0
      1811 gather_rows             104279.20      0.36     64.92      2.60     0.00     11.4
      1812 gemm(gemv)              104344.48     45.40      0.00      3.50     0.59     13.0
      1813 gemm(gemv)              104389.88      0.44     12.16      2.50     0.59   1340.5
      1814 silu_mul                104402.48     44.56     12.90      2.00     0.00      0.0
      1815 gemm(gemv)              104459.94      0.00     11.96      3.70     0.59      0.0
      1816 scatter_axpy            104471.90      0.36     48.40      2.40     0.00     11.4
      1817 upload_i32              104520.66     53.52      4.04      2.60     0.00      0.0
      1818 upload                  104578.22     33.88      4.20      2.40     0.00      0.0
      1819 gather_rows             104616.30      0.36     66.24      2.40     0.00     11.4
      1820 gemm(gemv)              104682.90     46.04      0.00      4.20     0.59     12.8
      1821 gemm(gemv)              104728.94      7.28      2.68      2.40     0.59     81.0
      1822 silu_mul                104738.90     44.68     14.00     52.20     0.00      0.0
      1823 gemm(gemv)              104797.58      0.48     15.72      3.70     0.59   1228.8
      1824 scatter_axpy            104813.78      0.36     45.36      2.90     0.00     11.4
      1825 upload_i32              104859.50     51.20      3.60      2.80     0.00      0.0
      1826 upload                  104914.30     26.36      4.24      2.70     0.00      0.0
      1827 gather_rows             104944.90      0.36     47.64      2.20     0.00     11.4
      1828 gemm(gemv)              104992.90     45.08      5.80      2.80     0.59     13.1
      1829 gemm(gemv)              105043.78      0.48     12.48      2.40     0.59   1228.8
      1830 silu_mul                105056.74     46.68     13.96      1.80     0.00      0.0
      1831 gemm(gemv)              105117.38      0.44     15.68      2.00     0.59   1340.5
      1832 scatter_axpy            105133.50      0.36     45.52      2.70     0.00     11.4
      1833 upload_i32              105179.38     51.48      1.12      2.20     0.00      0.0
      1834 upload                  105231.98     42.92      4.40      2.50     0.00      0.0
      1835 gather_rows             105279.30      0.36     72.68      1.80     0.00     11.4
      1836 gemm(gemv)              105352.34     49.84      0.00      3.20     0.59     11.8
      1837 gemm(gemv)              105402.18      0.48     12.04      2.00     0.59   1228.8
      1838 silu_mul                105414.70     59.48     13.24      2.40     0.00      0.0
      1839 gemm(gemv)              105487.42      0.00     19.16      3.10     0.59      0.0
      1840 scatter_axpy            105506.58      0.36     47.04      2.00     0.00     11.4
      1841 upload_i32              105553.98     40.36     23.12      2.30     0.00      0.0
      1842 upload                  105617.46     19.12      4.12      1.80     0.00      0.0
      1843 gather_rows             105640.70     42.60     17.56      2.00     0.00      0.1
      1844 gemm(gemv)              105700.86      7.68      2.48      3.40     0.59     76.8
      1845 gemm(gemv)              105711.02     42.80     12.28      2.60     0.59     13.8
      1846 silu_mul                105766.10      0.48     11.32      1.80     0.00      0.0
      1847 gemm(gemv)              105777.90     49.28     16.48      2.30     0.59     12.0
      1848 scatter_axpy            105843.66      0.36     11.00      1.70     0.00     11.4
      1849 upload_i32              105855.02     69.20     14.26      1.90     0.00      0.0
      1850 upload                  105938.48     27.20      4.28      2.40     0.00      0.0
      1851 gather_rows             105969.96     43.52     14.28      2.60     0.00      0.1
      1852 gemm(gemv)              106027.76      8.20      9.52      2.00     0.59     71.9
      1853 gemm(gemv)              106045.48      0.36     71.12      2.10     0.59   1638.4
      1854 silu_mul                106116.96     45.04      0.00      1.90     0.00      0.0
      1855 gemm(gemv)              106162.00      8.20      4.28      2.30     0.59     71.9
      1856 scatter_axpy            106174.48     47.04     13.08      2.00     0.00      0.1
      1857 upload_i32              106234.60     20.88      2.52      3.20     0.00      0.0
      1858 upload                  106258.00     39.90     16.76      2.50     0.00      0.0
      1859 gather_rows             106314.66      0.36     65.92      2.20     0.00     11.4
      1860 gemm(gemv)              106380.94      0.00     21.56      3.00     0.59      0.0
      1861 gemm(gemv)              106402.50      0.36     46.76      2.30     0.59   1638.4
      1862 silu_mul                106449.62     12.32     19.36      1.80     0.00      0.0
      1863 gemm(gemv)              106481.30      0.36     66.24      2.10     0.59   1638.4
      1864 scatter_axpy            106547.90     46.64      0.00      2.10     0.00      0.1
      1865 gemm(gemv)              106594.54      7.56      2.52      2.30     0.59     78.0
      1866 gemm(gemv)              106604.62     42.96     13.32      2.60     0.59     13.7
      1867 silu_mul                106660.90      6.56      2.68      1.90     0.00      0.0
      1868 gemm(gemv)              106670.14     43.80     12.76      2.10     0.59     13.5
      1869 add_inplace             106726.70      0.36     10.56      2.70     0.00      0.0
      1870 add_inplace             106737.62     59.20     16.28      1.90     0.00      0.0
      1871 rmsnorm                 106813.10      0.44     15.72      2.70     0.00      0.0
      1872 gemm(gemv)              106829.26     64.56      2.24      2.70     9.44    146.2
      1873 gemm(gemv)              106896.06      0.36     11.72      2.30     1.18   3276.8
      1874 gemm(gemv)              106908.14      0.44     14.12      2.50     1.72   3909.8
      1875 qk_norm                 106922.70     63.96     24.90      3.60     0.00      0.0
      1876 rope                    107011.56      8.36      4.16      3.50     0.00      0.0
      1877 kv_append               107024.08     20.84     11.56      2.00     0.00      0.0
      1878 attention               107056.48     57.80     13.64      6.80     0.00      0.0
      1879 gemm(gemv)              107127.92      1.36      2.88      2.20     0.07     54.2
      1880 softplus_act            107132.16      0.48     20.40      2.10     0.00      0.0
      1881 mul_head_bcast          107153.04      0.36     44.96      1.70     0.00      0.0
      1882 gemm(gemv)              107198.36     64.04      0.00      2.00     9.44    147.4
      1883 add_inplace             107262.40      0.36      9.12      2.30     0.00      0.0
      1884 rmsnorm                 107271.88     18.56      4.08      2.20     0.00      0.0
      1885 fill0                   107294.52     63.12     18.54      3.00     0.00      0.0
      1886 gemm(gemv)              107376.18     10.40      4.28      2.40     1.05    100.8
      1887 download_f32            107390.86    119.96    132.20    132.80     0.00      0.0
      1888 upload_i32              107643.02      0.00     17.60      3.20     0.00      0.0
      1889 upload                  107660.62      4.88     67.92      2.60     0.00      0.0
      1890 gather_rows             107733.42      0.36     47.20      2.80     0.00     11.4
      1891 gemm(gemv)              107780.98     52.48      4.24      4.00     0.59     11.2
      1892 gemm(gemv)              107837.70      0.00     11.92      2.60     0.59      0.0
      1893 silu_mul                107849.62      0.36     52.52      2.60     0.00      0.0
      1894 gemm(gemv)              107902.50     46.96      3.42      2.70     0.86     18.3
      1895 scatter_axpy            107952.88      0.36     10.76      2.00     0.00     11.4
      1896 upload_i32              107964.00     54.84     17.22      2.50     0.00      0.0
      1897 upload                  108036.06     22.44     25.40      1.70     0.00      0.0
      1898 gather_rows             108083.90     21.64    246.68      1.60     0.00      0.2
      1899 gemm(gemv)              108352.22     28.24     12.60      3.60     0.59     20.9
      1900 gemm(gemv)              108393.06     47.04     14.36      2.30     0.59     12.5
      1901 silu_mul                108454.46     16.50     12.36      1.70     0.00      0.0
      1902 gemm(gemv)              108483.32      0.36     75.12      2.40     0.86   2389.3
      1903 scatter_axpy            108558.80     49.24      0.00      2.10     0.00      0.1
      1904 upload_i32              108608.04     44.24     15.96      2.10     0.00      0.0
      1905 upload                  108668.24     18.72     19.20      2.20     0.00      0.0
      1906 gather_rows             108706.16     45.00     17.20      2.10     0.00      0.1
      1907 gemm(gemv)              108768.36      8.34     14.40      3.60     0.59     70.7
      1908 gemm(gemv)              108791.10      0.36     69.16      2.40     0.59   1638.4
      1909 silu_mul                108860.62     50.28      2.28      1.90     0.00      0.0
      1910 gemm(gemv)              108913.18      0.44     17.36      2.80     0.86   1954.9
      1911 scatter_axpy            108930.98      0.36     51.04      2.10     0.00     11.4
      1912 upload_i32              108982.38     56.28      3.52      2.60     0.00      0.0
      1913 upload                  109042.18     61.88      4.28      2.70     0.00      0.0
      1914 gather_rows             109108.34     61.00     11.36      2.00     0.00      0.1
      1915 gemm(gemv)              109180.70      0.00     15.40      2.60     0.59      0.0
      1916 gemm(gemv)              109196.10      0.36     53.28      2.90     0.59   1638.4
      1917 silu_mul                109249.74     48.20      6.16      1.70     0.00      0.0
      1918 gemm(gemv)              109304.10      0.48     17.40      2.10     0.86   1792.0
      1919 scatter_axpy            109321.98      0.36     49.60      2.10     0.00     11.4
      1920 upload_i32              109371.94     57.08      7.16      2.10     0.00      0.0
      1921 upload                  109436.18     43.52      4.20      2.90     0.00      0.0
      1922 gather_rows             109483.90      0.36     69.84      2.20     0.00     11.4
      1923 gemm(gemv)              109554.10     87.88     12.50      2.90     0.59      6.7
      1924 gemm(gemv)              109654.48      0.48     22.84      2.50     0.59   1228.8
      1925 silu_mul                109677.80     39.76     14.70      2.40     0.00      0.0
      1926 gemm(gemv)              109732.26     38.76      7.14      2.10     0.86     22.2
      1927 scatter_axpy            109778.16     80.48     27.74      1.90     0.00      0.1
      1928 upload_i32              109886.38     43.56     17.24      2.40     0.00      0.0
      1929 upload                  109947.18     16.84     18.12      2.60     0.00      0.0
      1930 gather_rows             109982.14     20.52     15.76      1.70     0.00      0.2
      1931 gemm(gemv)              110018.42     46.92      0.00      2.10     0.59     12.6
      1932 gemm(gemv)              110065.34      0.36      9.00      1.70     0.59   1638.4
      1933 silu_mul                110074.70     19.52     15.92      2.00     0.00      0.0
      1934 gemm(gemv)              110110.14     49.48     13.20      2.00     0.86     17.4
      1935 scatter_axpy            110172.82      0.36     10.56      2.40     0.00     11.4
      1936 upload_i32              110183.74     52.32     16.16      2.30     0.00      0.0
      1937 upload                  110252.22     47.68     25.44      1.90     0.00      0.0
      1938 gather_rows             110325.34      0.44     16.28      2.40     0.00      9.3
      1939 gemm(gemv)              110342.06      0.36     52.36      2.30     0.59   1638.4
      1940 gemm(gemv)              110394.78    124.28     76.44      2.00     0.59      4.7
      1941 silu_mul                110595.50     10.04      1.32      1.70     0.00      0.0
      1942 gemm(gemv)              110606.86     46.48     15.08      2.10     0.86     18.5
      1943 scatter_axpy            110668.42      0.36     10.72      1.70     0.00     11.4
      1944 upload_i32              110679.50     70.20      0.00      2.10     0.00      0.0
      1945 upload                  110749.70     22.82      4.28      1.80     0.00      0.0
      1946 gather_rows             110776.80      0.44     60.36      2.40     0.00      9.3
      1947 gemm(gemv)              110837.60     46.20     18.40      2.20     0.59     12.8
      1948 gemm(gemv)              110902.20     49.12     30.36      2.40     0.59     12.0
      1949 silu_mul                110981.68    199.12      1.32      2.00     0.00      0.0
      1950 gemm(gemv)              111182.12      0.44     19.44      2.70     0.86   1954.9
      1951 scatter_axpy            111202.00      0.40     46.88      2.10     0.00     10.2
      1952 gemm(gemv)              111249.28     50.48     10.36      2.80     0.59     11.7
      1953 gemm(gemv)              111310.12     12.00      1.48      2.20     0.59     49.2
      1954 silu_mul                111323.60     64.32     26.50      2.40     0.00      0.0
      1955 gemm(gemv)              111414.42      1.54     17.64      2.70     0.86    558.5
      1956 add_inplace             111433.60      0.36     68.96      1.90     0.00      0.0
      1957 add_inplace             111502.92     50.92      0.00      1.50     0.00      0.0
      1958 rmsnorm                 111553.84      0.48     17.28      2.30     0.00      0.0
      1959 gemm_group              111571.60     40.20     43.32      2.30     0.00      0.0
      1960 qk_norm                 111655.12      0.36     11.92      3.50     0.00      0.0
      1961 rope                    111667.40     50.64     10.48      2.70     0.00      0.0
      1962 kv_append               111728.52      0.00     13.64     42.70     0.00      0.0
      1963 attention               111742.16     21.96     46.32      5.50     0.00      0.0
      1964 gemm(gemv)              111810.44      0.48     18.80      2.80     0.07    153.6
      1965 softplus_act            111829.72      0.36     50.36      2.30     0.00      0.0
      1966 mul_head_bcast          111880.44     49.80      7.92      2.10     0.00      0.0
      1967 gemm(gemv)              111938.16     33.20      3.60      2.30     9.44    284.3
      1968 add_inplace             111974.96      0.48     26.12      2.80     0.00      0.0
      1969 rmsnorm                 112001.56      0.36     51.08      2.00     0.00      0.0
      1970 fill0                   112053.00     48.16      4.44      1.70     0.00      0.0
      1971 gemm(gemv)              112105.60      7.80     17.96      2.70     1.05    134.4
      1972 download_f32            112131.36     67.80     87.10     86.50     0.00      0.0
      1973 upload_i32              112286.26     19.84      4.20      5.90     0.00      0.0
      1974 upload                  112310.30     15.80     41.40      2.50     0.00      0.0
      1975 gather_rows             112367.50     47.24      0.00      5.50     0.00      0.1
      1976 gemm(gemv)              112414.74      8.04      2.52      4.40     0.59     73.4
      1977 gemm(gemv)              112425.30     45.40     12.80      2.60     0.59     13.0
      1978 silu_mul                112483.50      6.68      1.32      2.80     0.00      0.0
      1979 gemm(gemv)              112491.50     48.08     13.68      2.40     0.59     12.3
      1980 scatter_axpy            112553.26      1.98     13.96      2.10     0.00      2.1
      1981 upload_i32              112569.20      4.84     59.64      2.10     0.00      0.0
      1982 upload                  112633.68      6.40     55.88      2.70     0.00      0.0
      1983 gather_rows             112695.96      0.36     49.96      2.00     0.00     11.4
      1984 gemm(gemv)              112746.28     51.00      8.20      3.10     0.59     11.6
      1985 gemm(gemv)              112805.48     12.40      1.44      2.30     0.59     47.6
      1986 silu_mul                112819.32     51.64     14.28      2.10     0.00      0.0
      1987 gemm(gemv)              112885.24      0.10     15.36      2.30     0.59   5898.2
      1988 scatter_axpy            112900.70      0.36     50.12      2.20     0.00     11.4
      1989 upload_i32              112951.18     55.40      8.62      2.10     0.00      0.0
      1990 upload                  113015.20     42.96     25.84      2.40     0.00      0.0
      1991 gather_rows             113084.00      0.00     16.24      2.30     0.00      0.0
      1992 gemm(gemv)              113100.24      0.36     51.16      2.90     0.59   1638.4
      1993 gemm(gemv)              113151.76     49.68      7.98      2.40     0.59     11.9
      1994 silu_mul                113209.42      0.48     10.80      2.10     0.00      0.0
      1995 gemm(gemv)              113220.70     66.92     25.44      2.50     0.59      8.8
      1996 scatter_axpy            113313.06      0.36     10.40      2.30     0.00     11.4
      1997 upload_i32              113323.82      9.72     58.76      2.10     0.00      0.0
      1998 upload                  113392.30      4.88     52.08      2.90     0.00      0.0
      1999 gather_rows             113449.26      0.36     50.12      2.20     0.00     11.4
      2000 gemm(gemv)              113499.74     50.84      0.00      2.60     0.59     11.6
      2001 gemm(gemv)              113550.58     11.64      1.44      2.40     0.59     50.7
      2002 silu_mul                113563.66     63.24     23.18      2.50     0.00      0.0
      2003 gemm(gemv)              113650.08      0.48     17.32      2.60     0.59   1228.8
      2004 scatter_axpy            113667.88      0.36     51.16      1.80     0.00     11.4
      2005 upload_i32              113719.40     57.48      0.00      2.50     0.00      0.0
      2006 upload                  113776.88     42.64     24.68      2.60     0.00      0.0
      2007 gather_rows             113844.20      0.48     16.72      1.80     0.00      8.5
      2008 gemm(gemv)              113861.40      0.36     51.04      2.00     0.59   1638.4
      2009 gemm(gemv)              113912.80     50.56      6.10      2.90     0.59     11.7
      2010 silu_mul                113969.46      0.48     10.96      2.20     0.00      0.0
      2011 gemm(gemv)              113980.90     53.20     15.30     32.30     0.59     11.1
      2012 scatter_axpy            114049.40      0.36     11.04      2.40     0.00     11.4
      2013 upload_i32              114060.80     71.40     26.20      2.90     0.00      0.0
      2014 upload                  114158.40     67.04      4.20      2.80     0.00      0.0
      2015 gather_rows             114229.64      0.00     15.44      2.00     0.00      0.0
      2016 gemm(gemv)              114245.08      0.36     51.32      3.60     0.59   1638.4
      2017 gemm(gemv)              114296.76     50.20      8.02      2.10     0.59     11.7
      2018 silu_mul                114354.98      3.62     14.68      2.20     0.00      0.0
      2019 gemm(gemv)              114373.28      0.36     68.12      2.50     0.59   1638.4
      2020 scatter_axpy            114441.76     50.16      3.02      2.40     0.00      0.1
      2021 upload_i32              114494.94     45.44     17.12      2.80     0.00      0.0
      2022 upload                  114557.50     67.60     19.44      2.50     0.00      0.0
      2023 gather_rows             114644.54     13.54     19.80      2.30     0.00      0.3
      2024 gemm(gemv)              114677.88      0.44     65.92      3.00     0.59   1340.5
      2025 gemm(gemv)              114744.24     45.12     17.04      2.50     0.59     13.1
      2026 silu_mul                114806.40      0.00     10.48      1.60     0.00      0.0
      2027 gemm(gemv)              114816.88     77.92     70.10      2.30     0.59      7.6
      2028 scatter_axpy            114964.90     10.36      4.16      2.00     0.00      0.4
      2029 upload_i32              114979.42     52.76     14.48      2.30     0.00      0.0
      2030 upload                  115046.66     59.92      0.00      2.40     0.00      0.0
      2031 gather_rows             115106.58      0.00     23.44      2.00     0.00      0.0
      2032 gemm(gemv)              115130.02      0.36     52.88      3.00     0.59   1638.4
      2033 gemm(gemv)              115183.26     50.76      7.46      2.50     0.59     11.6
      2034 silu_mul                115241.48      7.60     12.44      1.90     0.00      0.0
      2035 gemm(gemv)              115261.52      0.36     70.40      3.40     0.59   1638.4
      2036 scatter_axpy            115332.28     53.28      0.54      2.40     0.00      0.1
      2037 gemm(gemv)              115386.10      0.00     15.16      2.50     0.59      0.0
      2038 gemm(gemv)              115401.26      0.36     52.24      3.40     0.59   1638.4
      2039 silu_mul                115453.86     49.24      8.40      1.90     0.00      0.0
      2040 gemm(gemv)              115511.50      0.60     19.88      2.60     0.59    983.0
      2041 add_inplace             115531.98     43.04     18.28      2.30     0.00      0.0
      2042 add_inplace             115593.30      1.66     14.40      2.20     0.00      0.0
      2043 rmsnorm                 115609.36      0.36     58.84      2.40     0.00      0.0
      2044 gemm_group              115668.56     76.56      3.90      3.00     0.00      0.0
      2045 qk_norm                 115749.02      0.36     10.64      4.70     0.00      0.0
      2046 rope                    115760.02      0.36     17.28      3.40     0.00      0.0
      2047 kv_append               115777.66      0.36     57.04      2.50     0.00      0.0
      2048 attention               115835.06     61.20     13.40      7.60     0.00      0.0
      2049 gemm(gemv)              115909.66      2.44      2.84      2.70     0.06     22.7
      2050 softplus_act            115914.94     61.92     18.32      2.20     0.00      0.0
      2051 mul_head_bcast          115995.18      0.36     46.52      2.20     0.00      0.0
      2052 gemm(gemv)              116042.06     67.60      0.00      2.50     7.08    104.7
      2053 add_inplace             116109.66      0.36      9.60      1.80     0.00      0.0
      2054 rmsnorm                 116119.62     55.24      8.04      1.80     0.00      0.0
      2055 fill0                   116182.90     26.92     13.24      2.20     0.00      0.0
      2056 gemm(gemv)              116223.06      0.00    116.68      2.30     1.05      0.0
      2057 download_f32            116339.74     30.60    100.00     99.70     0.00      0.0
      2058 upload_i32              116470.34     22.52     47.28      4.30     0.00      0.0
      2059 upload                  116540.14     15.84     43.64      2.50     0.00      0.0
      2060 gather_rows             116599.62     49.12      9.32      5.10     0.00      0.1
      2061 gemm(gemv)              116658.06      9.04      1.36      4.00     0.59     65.2
      2062 gemm(gemv)              116668.46     45.12     12.88      3.80     0.59     13.1
      2063 silu_mul                116726.46      6.68      1.32      2.40     0.00      0.0
      2064 gemm(gemv)              116734.46     48.20     13.68      2.60     0.59     12.2
      2065 scatter_axpy            116796.34      0.36     11.12      2.30     0.00     11.4
      2066 upload_i32              116807.82     42.22      9.00      2.10     0.00      0.0
      2067 upload                  116859.04     17.40     62.80      2.10     0.00      0.0
      2068 gather_rows             116939.24     48.00      0.00      2.40     0.00      0.1
      2069 gemm(gemv)              116987.24      7.84      2.52      2.40     0.59     75.2
      2070 gemm(gemv)              116997.60     54.48     16.14      2.80     0.59     10.8
      2071 silu_mul                117068.22     41.80     40.52      2.40     0.00      0.0
      2072 gemm(gemv)              117150.54      0.44     48.08      2.30     0.59   1340.5
      2073 scatter_axpy            117199.06     71.48     49.68      2.10     0.00      0.1
      2074 warm_read               117320.22      4.24     59.36    158.20     0.00      0.0
      2075 warm_read               117383.82     61.60      0.00    129.50     0.00      0.0
      2076 warm_read               117445.42      6.12      5.44    131.20     0.00      0.0
      2077 upload_paged            117456.98    457.04    156.74    898.60     1.77      3.9
      2078 upload_i32              118070.76     19.12     47.20      6.60     0.00      0.0
      2079 upload                  118137.08      0.00     70.32      2.90     0.00      0.0
      2080 gather_rows             118207.40    158.24     61.92      5.30     0.00      0.0
      2081 gemm(gemv)              118427.56      0.36      9.88      3.30     0.59   1638.4
      2082 gemm(gemv)              118437.80      0.36     47.64      2.10     0.59   1638.4
      2083 silu_mul                118485.80     43.28      9.68      2.30     0.00      0.0
      2084 gemm(gemv)              118538.76      0.36     11.56      3.00     0.59   1638.4
      2085 scatter_axpy            118550.68     62.12      5.32      3.10     0.00      0.1
      2086 upload_i32              118618.12     11.58      2.60      2.50     0.00      0.0
      2087 upload                  118632.30     45.22     18.48      2.70     0.00      0.0
      2088 gather_rows             118696.00      0.32     66.84      2.10     0.00     12.8
      2089 gemm(gemv)              118763.16     55.16      0.00      2.80     0.59     10.7
      2090 gemm(gemv)              118818.32      8.16      1.32      2.20     0.59     72.3
      2091 silu_mul                118827.80     20.68     13.40      1.70     0.00      0.0
      2092 gemm(gemv)              118861.88     45.68     14.00      3.20     0.59     12.9
      2093 scatter_axpy            118921.56      0.36     11.24      2.00     0.00     11.4
      2094 warm_read               118933.16     58.72     10.90    588.00     0.00      0.0
      2095 warm_read               119002.78    200.28      4.24    389.20     0.00      0.0
      2096 warm_read               119207.30    184.28     10.84    197.10     0.00      0.0
      2097 upload_paged            119402.42    483.64      5.40    475.60     1.77      3.7
      2098 upload_i32              119891.46     99.88     33.80      6.70     0.00      0.0
      2099 upload                  120025.14    103.56     10.02      2.40     0.00      0.0
      2100 gather_rows             120138.72    100.28      5.94      4.60     0.00      0.0
      2101 gemm(gemv)              120244.94     64.88      3.52      3.40     0.59      9.1
      2102 gemm(gemv)              120313.34     69.16      2.82      3.10     0.59      8.5
      2103 silu_mul                120385.32      2.94     74.20      2.30     0.00      0.0
      2104 gemm(gemv)              120462.46      0.00    109.36      2.30     0.59      0.0
      2105 scatter_axpy            120571.82     52.84    285.52      2.20     0.00      0.1
      2106 upload_i32              120910.18     19.68     16.72      2.50     0.00      0.0
      2107 upload                  120946.58      4.22     16.32      2.80     0.00      0.0
      2108 gather_rows             120967.12      0.36     51.72      2.10     0.00     11.4
      2109 gemm(gemv)              121019.20     30.36      2.82      4.00     0.59     19.4
      2110 gemm(gemv)              121052.38     25.36      7.64      2.90     0.59     23.3
      2111 silu_mul                121085.38     63.60     20.74      2.40     0.00      0.0
      2112 gemm(gemv)              121169.72      0.36     12.12      2.50     0.59   1638.4
      2113 scatter_axpy            121182.20      0.00     29.96      1.70     0.00      0.0
      2114 warm_read               121212.16      4.20     59.80    204.00     0.00      0.0
      2115 warm_read               121276.16     12.46      4.24    151.10     0.00      0.0
      2116 warm_read               121292.86      4.24     49.80    157.10     0.00      0.0
      2117 upload_paged            121346.90     12.22      4.24    455.00     1.77    144.8
      2118 upload_i32              121363.36     15.64     50.48      5.20     0.00      0.0
      2119 upload                  121429.48     54.00      1.28     75.20     0.00      0.0
      2120 gather_rows             121484.76     11.68      4.16      5.10     0.00      0.4
      2121 gemm(gemv)              121500.60     20.80     12.28      3.00     0.59     28.4
      2122 gemm(gemv)              121533.68     47.92     12.12      2.40     0.59     12.3
      2123 silu_mul                121593.72      0.36      7.16      3.00     0.00      0.0
      2124 gemm(gemv)              121601.24     48.72      9.72      2.40     0.59     12.1
      2125 scatter_axpy            121659.68      0.36     10.88    126.30     0.00     11.4
      2126 warm_read               121670.92    169.92     68.94    643.70     0.00      0.0
      2127 warm_read               121909.78    194.00      4.20    188.60     0.00      0.0
      2128 warm_read               122107.98    183.24      4.68    181.90     0.00      0.0
      2129 upload_paged            122295.90    546.16     12.88    557.60     1.77      3.2
      2130 upload_i32              122854.94    109.72     29.72      5.90     0.00      0.0
      2131 upload                  122994.38    100.02     61.16      2.50     0.00      0.0
      2132 gather_rows             123155.56      0.00    143.96      5.30     0.00      0.0
      2133 gemm(gemv)              123299.52      0.00     98.20      3.20     0.59      0.0
      2134 gemm(gemv)              123397.72      0.36     89.64      2.80     0.59   1638.4
      2135 silu_mul                123487.72      0.36     80.80      2.80     0.00      0.0
      2136 gemm(gemv)              123568.88     60.36     56.96      2.40     0.59      9.8
      2137 scatter_axpy            123686.20     61.34     22.62      3.20     0.00      0.1
      2138 gemm(gemv)              123770.16     62.90     29.96      3.50     0.59      9.4
      2139 gemm(gemv)              123863.02     84.57     29.10      2.60     0.59      7.0
      2140 silu_mul                123976.69     27.01      7.52      2.30     0.00      0.0
      2141 gemm(gemv)              124011.22      0.00    129.39     45.30     0.59      0.0
      2142 add_inplace             124140.61      1.72     96.58      4.50     0.00      0.0
      2143 add_inplace             124238.91     68.92     66.80      3.20     0.00      0.0
      2144 rmsnorm                 124374.63     66.90     35.18      3.80     0.00      0.0
      2145 gemm(gemv)              124476.71     84.44     25.00      3.40     9.44    111.8
      2146 gemm(gemv)              124586.15      0.44     39.67      2.30     1.18   2681.0
      2147 gemm(gemv)              124626.26     67.00    144.40      1.90     1.72     25.7
      2148 qk_norm                 124837.66     66.17      7.75      5.40     0.00      0.0
      2149 rope                    124911.58     55.50     74.23      5.10     0.00      0.0
      2150 kv_append               125041.31    145.75     66.50      2.30     0.00      0.0
      2151 attention               125253.56    277.76      2.60     11.10     0.00      0.0
      2152 gemm(gemv)              125533.92     92.60      0.00      3.00     0.07      0.8
      2153 softplus_act            125626.52     63.00      2.56      3.20     0.00      0.0
      2154 mul_head_bcast          125692.08     86.68      9.14      2.60     0.00      0.0
      2155 gemm(gemv)              125787.90     85.16      3.56      3.20     9.44    110.8
      2156 add_inplace             125876.62     62.16      4.16      2.30     0.00      0.0
      2157 rmsnorm                 125942.94    109.48     27.98      2.70     0.00      0.0
      2158 fill0                   126080.40     65.04      1.48      3.30     0.00      0.0
      2159 gemm(gemv)              126146.92     51.58     50.32      3.00     1.05     20.3
      2160 download_f32            126248.82     84.40    100.60    100.00     0.00      0.0
      2161 upload_i32              126433.82     73.44     69.56      5.40     0.00      0.0
      2162 upload                  126576.82    100.76      4.24      2.70     0.00      0.0
      2163 gather_rows             126681.82      0.00    108.96      5.00     0.00      0.0
      2164 gemm(gemv)              126790.78     14.80    104.36      3.30     0.59     39.9
      2165 gemm(gemv)              126909.94     46.28     13.12      3.10     0.59     12.7
      2166 silu_mul                126969.34      0.00     16.16      2.30     0.00      0.0
      2167 gemm(gemv)              126985.50      0.44     52.08      2.70     0.86   1954.9
      2168 scatter_axpy            127038.02     48.24      5.78      3.20     0.00      0.1
      2169 upload_i32              127092.04     22.84      2.72      2.10     0.00      0.0
      2170 upload                  127117.60      5.44     56.76      2.20     0.00      0.0
      2171 gather_rows             127179.80     62.20     16.70      2.30     0.00      0.1
      2172 gemm(gemv)              127258.70      0.44     13.80      2.70     0.59   1340.5
      2173 gemm(gemv)              127272.94     48.40      1.46      2.50     0.59     12.2
      2174 silu_mul                127322.80      7.04      1.44      2.40     0.00      0.0
      2175 gemm(gemv)              127331.28     47.68     14.76      2.60     0.86     18.0
      2176 scatter_axpy            127393.72      8.24     15.64      2.10     0.00      0.5
      2177 upload_i32              127417.60     15.64     59.80      2.30     0.00      0.0
      2178 upload                  127493.04     39.84      7.92      2.90     0.00      0.0
      2179 gather_rows             127540.80      0.36     72.40      2.40     0.00     11.4
      2180 gemm(gemv)              127613.56      0.00     23.68      3.00     0.59      0.0
      2181 gemm(gemv)              127637.24      0.36     53.88      2.30     0.59   1638.4
      2182 silu_mul                127691.48     46.44      4.66      2.10     0.00      0.0
      2183 gemm(gemv)              127742.58      9.04      4.16      2.50     0.86     95.2
      2184 scatter_axpy            127755.78     46.16     10.86      2.50     0.00      0.1
      2185 upload_i32              127812.80     21.62      2.52      2.00     0.00      0.0
      2186 upload                  127836.94     15.72     43.28      2.30     0.00      0.0
      2187 gather_rows             127895.94     20.56      9.24      2.50     0.00      0.2
      2188 gemm(gemv)              127925.74     74.88     30.70      3.50     0.59      7.9
      2189 gemm(gemv)              128031.32      8.24      1.32      2.40     0.59     71.6
      2190 silu_mul                128040.88     47.44      0.00      2.10     0.00      0.0
      2191 gemm(gemv)              128088.32      0.44     19.08      2.70     0.86   1954.9
      2192 scatter_axpy            128107.84     22.40     16.68      2.10     0.00      0.2
      2193 upload_i32              128146.92     52.00     15.28      2.10     0.00      0.0
      2194 upload                  128214.20     46.92     18.12      2.40     0.00      0.0
      2195 gather_rows             128279.24      0.44     21.08      2.20     0.00      9.3
      2196 gemm(gemv)              128300.76      0.36     51.16      3.10     0.59   1638.4
      2197 gemm(gemv)              128352.28     49.48      7.90      2.80     0.59     11.9
      2198 silu_mul                128409.66      0.44      9.08      1.90     0.00      0.0
      2199 gemm(gemv)              128419.18     53.80     14.20      2.60     0.86     16.0
      2200 scatter_axpy            128487.18      0.36     10.56      1.80     0.00     11.4
      2201 upload_i32              128498.10     56.72      9.08      2.50     0.00      0.0
      2202 upload                  128563.90     45.40     19.40      2.70     0.00      0.0
      2203 gather_rows             128628.70      5.66     15.52      2.40     0.00      0.7
      2204 gemm(gemv)              128649.88      0.36     67.24      3.30     0.59   1638.4
      2205 gemm(gemv)              128717.48      0.00     21.64      2.40     0.59      0.0
      2206 silu_mul                128739.12      0.36     47.92      2.10     0.00      0.0
      2207 gemm(gemv)              128787.40    103.76     64.52      2.70     0.86      8.3
      2208 scatter_axpy            128955.68     10.92      4.24      2.10     0.00      0.4
      2209 upload_i32              128970.84     53.20      0.00      2.60     0.00      0.0
      2210 upload                  129024.04     43.64     23.16      2.70     0.00      0.0
      2211 gather_rows             129090.84      7.08      4.20      2.30     0.00      0.6
      2212 gemm(gemv)              129102.12     46.56     13.88      2.90     0.59     12.7
      2213 gemm(gemv)              129162.56     14.90     14.08      2.70     0.59     39.6
      2214 silu_mul                129191.54      0.36     69.44      2.10     0.00      0.0
      2215 gemm(gemv)              129261.34     53.68      0.00      2.20     0.86     16.0
      2216 scatter_axpy            129315.02      0.36     10.56      2.20     0.00     11.4
      2217 upload_i32              129325.94     29.90      9.40      3.80     0.00      0.0
      2218 upload                  129365.24     23.84     54.16      2.30     0.00      0.0
      2219 gather_rows             129443.24      0.36     79.32      2.00     0.00     11.4
      2220 gemm(gemv)              129522.92     51.96      0.00      3.20     0.59     11.4
      2221 gemm(gemv)              129574.88      8.20      1.32      2.20     0.59     71.9
      2222 silu_mul                129584.40     46.04     10.12      2.00     0.00      0.0
      2223 gemm(gemv)              129640.56      0.00     16.20      2.10     0.86      0.0
      2224 scatter_axpy            129656.76      0.36     48.36      2.00     0.00     11.4
      2225 gemm(gemv)              129705.48     48.76      8.72      2.50     0.59     12.1
      2226 gemm(gemv)              129762.96     10.92     12.28      2.50     0.59     54.0
      2227 silu_mul                129786.16      0.36     65.44      2.70     0.00      0.0
      2228 gemm(gemv)              129851.96     55.72      1.00      2.10     0.86     15.4
      2229 add_inplace             129908.68      0.36     10.16      2.40     0.00      0.0
      2230 add_inplace             129919.20     20.04     10.64      2.50     0.00      0.0
      2231 rmsnorm                 129949.88     47.60     15.32      3.00     0.00      0.0
      2232 gemm_group              130012.80     47.68      1.48      3.90     0.00      0.0
      2233 qk_norm                 130061.96      0.36     12.08      3.80     0.00      0.0
      2234 rope                    130074.40     47.00      7.84      3.90     0.00      0.0
      2235 kv_append               130129.24      0.48     16.04      2.40     0.00      0.0
      2236 attention               130145.76     21.20     41.92      7.30     0.00      0.0
      2237 gemm(gemv)              130208.88      0.00     16.04      2.90     0.07      0.0
      2238 softplus_act            130224.92      0.36     49.84      2.80     0.00      0.0
      2239 mul_head_bcast          130275.12     51.92      8.50      3.00     0.00      0.0
      2240 gemm(gemv)              130335.54     30.96      3.84      2.60     9.44    304.8
      2241 add_inplace             130370.34     71.48     17.18      2.40     0.00      0.0
      2242 rmsnorm                 130459.00      9.36      3.56      2.50     0.00      0.0
      2243 fill0                   130471.92     47.12     12.24      2.60     0.00      0.0
      2244 gemm(gemv)              130531.28      1.64     15.80      2.70     1.05    639.4
      2245 download_f32            130548.72     73.88     89.30     89.30     0.00      0.0
      2246 upload_i32              130711.90      3.10      4.32      3.00     0.00      0.0
      2247 upload                  130719.32      4.84     57.68      2.60     0.00      0.0
      2248 gather_rows             130781.84      7.48     42.00      2.90     0.00      0.5
      2249 gemm(gemv)              130831.32     45.84     10.68      3.90     0.59     12.9
      2250 gemm(gemv)              130887.84      3.84     12.44      2.30     0.59    153.6
      2251 silu_mul                130904.12      0.36     65.44      2.70     0.00      0.0
      2252 gemm(gemv)              130969.92     51.64     11.64      2.30     0.59     11.4
      2253 scatter_axpy            131033.20      0.00     14.00      2.60     0.00      0.0
      2254 upload_i32              131047.20      8.04     66.44      2.50     0.00      0.0
      2255 upload                  131121.68     27.98     46.64      2.60     0.00      0.0
      2256 gather_rows             131196.30      0.36     71.12      2.20     0.00     11.4
      2257 gemm(gemv)              131267.78     54.32      0.00      3.70     0.59     10.9
      2258 gemm(gemv)              131322.10      8.04      1.32      2.10     0.59     73.4
      2259 silu_mul                131331.46     44.80      5.32      2.20     0.00      0.0
      2260 gemm(gemv)              131381.58      0.24     15.76      2.20     0.59   2457.6
      2261 scatter_axpy            131397.58      0.36     49.28      2.10     0.00     11.4
      2262 upload_i32              131447.22     60.08      9.36      2.50     0.00      0.0
      2263 upload                  131516.66     21.36     17.96      2.40     0.00      0.0
      2264 gather_rows             131555.98      0.36     66.32      1.90     0.00     11.4
      2265 gemm(gemv)              131622.66      0.00     22.64      3.00     0.59      0.0
      2266 gemm(gemv)              131645.30      0.48     77.32      1.90     0.59   1228.8
      2267 silu_mul                131723.10    108.24     99.30      1.60     0.00      0.0
      2268 gemm(gemv)              131930.64      0.44    174.56      2.30     0.59   1340.5
      2269 scatter_axpy            132105.64     49.88     18.52      1.90     0.00      0.1
      2270 upload_i32              132174.04     76.84      3.56      2.10     0.00      0.0
      2271 upload                  132254.44     44.20     18.72      2.10     0.00      0.0
      2272 gather_rows             132317.36     17.08      4.32      2.30     0.00      0.2
      2273 gemm(gemv)              132338.76    113.16     14.40      2.70     0.59      5.2
      2274 gemm(gemv)              132466.32      9.88      1.40      3.10     0.59     59.7
      2275 silu_mul                132477.60     50.60      0.00      2.40     0.00      0.0
      2276 gemm(gemv)              132528.20      0.48     14.52      2.20     0.59   1228.8
      2277 scatter_axpy            132543.20     47.72      6.70      2.40     0.00      0.1
      2278 upload_i32              132597.62      7.84     13.16      2.40     0.00      0.0
      2279 upload                  132618.62     55.84     15.56      1.90     0.00      0.0
      2280 gather_rows             132690.02     10.84      5.72      1.80     0.00      0.4
      2281 gemm(gemv)              132706.58     45.64     14.28      2.90     0.59     12.9
      2282 gemm(gemv)              132766.50      0.36      9.24      3.20     0.59   1638.4
      2283 silu_mul                132776.10     61.08     20.00      2.50     0.00      0.0
      2284 gemm(gemv)              132857.18      4.42     11.80      2.60     0.59    133.4
      2285 scatter_axpy            132873.40      0.00     64.36      2.20     0.00      0.0
      2286 upload_i32              132937.76      2.96     70.44      2.30     0.00      0.0
      2287 upload                  133011.16     35.22     29.48      2.60     0.00      0.0
      2288 gather_rows             133075.86      0.36    215.72      2.20     0.00     11.4
      2289 gemm(gemv)              133291.94     45.76      8.80      3.20     0.59     12.9
      2290 gemm(gemv)              133346.50      0.00     12.24      2.70     0.59      0.0
      2291 silu_mul                133358.74     31.60     50.50      1.90     0.00      0.0
      2292 gemm(gemv)              133440.84     53.44     16.00      2.50     0.59     11.0
      2293 scatter_axpy            133510.28      0.00     15.60      1.90     0.00      0.0
      2294 upload_i32              133525.88      4.84     56.20      2.50     0.00      0.0
      2295 upload                  133586.92     62.12     42.24      3.00     0.00      0.0
      2296 gather_rows             133691.28      0.36     80.88      2.30     0.00     11.4
      2297 gemm(gemv)              133772.52      0.48     22.60      2.20     0.59   1228.8
      2298 gemm(gemv)              133795.60      0.36     48.28      2.70     0.59   1638.4
      2299 silu_mul                133844.24      0.36     64.04      1.90     0.00      0.0
      2300 gemm(gemv)              133908.64     22.48      4.12      2.30     0.59     26.2
      2301 scatter_axpy            133935.24     45.28      0.00      1.80     0.00      0.1
      2302 upload_i32              133980.52     58.80     21.56      2.20     0.00      0.0
      2303 upload                  134060.88      7.48     15.92      2.30     0.00      0.0
      2304 gather_rows             134084.28     20.60     15.04      2.20     0.00      0.2
      2305 gemm(gemv)              134119.92     64.00     20.22      3.70     0.59      9.2
      2306 gemm(gemv)              134204.14      7.88      1.32      2.10     0.59     74.9
      2307 silu_mul                134213.34     20.20     12.32      1.90     0.00      0.0
      2308 gemm(gemv)              134245.86     21.48     14.12      2.40     0.59     27.5
      2309 scatter_axpy            134281.46     45.92     14.16      2.30     0.00      0.1
      2310 gemm(gemv)              134341.54      8.04      2.48      2.40     0.59     73.4
      2311 gemm(gemv)              134352.06     51.96     11.96      1.90     0.59     11.4
      2312 silu_mul                134415.98      0.36      7.20      2.10     0.00      0.0
      2313 gemm(gemv)              134423.54     47.80      0.90      2.20     0.59     12.3
      2314 add_inplace             134472.24      0.36     10.48      2.60     0.00      0.0
      2315 add_inplace             134483.08     62.76     19.96      2.10     0.00      0.0
      2316 rmsnorm                 134565.80      9.48      4.12      2.40     0.00      0.0
      2317 gemm_group              134579.40     76.20     10.76      2.90     0.00      0.0
      2318 qk_norm                 134666.36      0.32     10.60      3.20     0.00      0.0
      2319 rope                    134677.28      0.36     11.68      3.40     0.00      0.0
      2320 kv_append               134689.32     44.08     16.36      2.80     0.00      0.0
      2321 attention               134749.76     19.84      3.76      6.40     0.00      0.0
      2322 gemm(gemv)              134773.36      0.48     19.20      2.60     0.07    153.6
      2323 softplus_act            134793.04      0.36     45.88     46.50     0.00      0.0
      2324 mul_head_bcast          134839.28     47.28      0.00      2.90     0.00      0.0
      2325 gemm(gemv)              134886.56     30.24      3.64      2.80     9.44    312.1
      2326 add_inplace             134920.44     65.60     17.14      2.40     0.00      0.0
      2327 rmsnorm                 135003.18      0.36     13.20      2.50     0.00      0.0
      2328 fill0                   135016.74     43.16      9.28      2.40     0.00      0.0
      2329 gemm(gemv)              135069.18      0.00     15.04      2.60     1.05      0.0
      2330 download_f32            135084.22     67.28     87.80     86.90     0.00      0.0
      2331 upload_i32              135239.30     44.20     15.04      5.60     0.00      0.0
      2332 upload                  135298.54      3.90      4.68      4.70     0.00      0.0
      2333 gather_rows             135307.12     21.56     18.52      5.10     0.00      0.2
      2334 gemm(gemv)              135347.20     47.24     12.40      3.90     0.59     12.5
      2335 gemm(gemv)              135406.84      0.32      9.12      3.00     0.59   1843.2
      2336 silu_mul                135416.28     47.92     10.52      2.90     0.00      0.0
      2337 gemm(gemv)              135474.72      0.56     19.44      3.00     0.59   1053.3
      2338 scatter_axpy            135494.72     44.76     16.76      2.70     0.00      0.1
      2339 upload_i32              135556.24     43.04     16.44      2.90     0.00      0.0
      2340 upload                  135615.72     30.84      4.12      2.70     0.00      0.0
      2341 gather_rows             135650.68     44.40     17.32      2.30     0.00      0.1
      2342 gemm(gemv)              135712.40      0.48     17.20      6.60     0.59   1228.8
      2343 gemm(gemv)              135730.08      0.36     48.12      2.50     0.59   1638.4
      2344 silu_mul                135778.56     46.16      6.66      2.30     0.00      0.0
      2345 gemm(gemv)              135831.38      8.36      3.60      2.50     0.59     70.6
      2346 scatter_axpy            135843.34     53.30     14.78      2.20     0.00      0.1
      2347 upload_i32              135911.42      4.88     59.96      2.50     0.00      0.0
      2348 upload                  135976.26     32.64     18.32      2.50     0.00      0.0
      2349 gather_rows             136027.22     45.24     14.48      2.10     0.00      0.1
      2350 gemm(gemv)              136086.94      7.96      2.48      3.00     0.59     74.1
      2351 gemm(gemv)              136097.38     48.48      6.24      2.00     0.59     12.2
      2352 silu_mul                136152.10      9.12     13.80      2.20     0.00      0.0
      2353 gemm(gemv)              136175.02      0.36     67.80      2.70     0.59   1638.4
      2354 scatter_axpy            136243.18     49.04      0.00      2.30     0.00      0.1
      2355 upload_i32              136292.22     16.60      2.76      2.50     0.00      0.0
      2356 upload                  136311.58     52.04     18.88      2.50     0.00      0.0
      2357 gather_rows             136382.50      4.50     14.88      2.20     0.00      0.9
      2358 gemm(gemv)              136401.88      0.36     53.76      2.90     0.59   1638.4
      2359 gemm(gemv)              136456.00     50.92      4.18      1.90     0.59     11.6
      2360 silu_mul                136511.10      6.68      1.28      1.80     0.00      0.0
      2361 gemm(gemv)              136519.06     51.88     13.92      2.30     0.59     11.4
      2362 scatter_axpy            136584.86      0.36     10.48      2.70     0.00     11.4
      2363 upload_i32              136595.70     56.16      9.88      2.10     0.00      0.0
      2364 upload                  136661.74     26.44      4.40      2.50     0.00      0.0
      2365 gather_rows             136692.58     62.52     10.70      1.80     0.00      0.1
      2366 gemm(gemv)              136765.80      0.36     10.24      3.30     0.59   1638.4
      2367 gemm(gemv)              136776.40      0.12     56.56      2.40     0.59   4915.2
      2368 silu_mul                136833.08     50.58     47.92      2.00     0.00      0.0
      2369 gemm(gemv)              136931.58      0.00     93.72      1.90     0.59      0.0
      2370 scatter_axpy            137025.30      0.36     79.12      1.80     0.00     11.4
      2371 upload_i32              137104.78     55.32      0.00      3.00     0.00      0.0
      2372 upload                  137160.10     27.00      4.24      1.70     0.00      0.0
      2373 gather_rows             137191.34     45.36     14.48      2.10     0.00      0.1
      2374 gemm(gemv)              137251.18      8.04      2.52      3.10     0.59     73.4
      2375 gemm(gemv)              137261.74     22.40     12.36      2.20     0.59     26.3
      2376 silu_mul                137296.50     43.80     12.52      1.80     0.00      0.0
      2377 gemm(gemv)              137352.82      8.20      4.04      2.20     0.59     71.9
      2378 scatter_axpy            137365.06     50.12     12.92      1.80     0.00      0.1
      2379 upload_i32              137428.10     17.20      2.48      2.60     0.00      0.0
      2380 upload                  137447.78      5.82     52.88      2.20     0.00      0.0
      2381 gather_rows             137506.48      0.36     51.16      2.60     0.00     11.4
      2382 gemm(gemv)              137558.00     52.76      5.58      2.50     0.59     11.2
      2383 gemm(gemv)              137616.34      0.36      8.68      3.00     0.59   1638.4
      2384 silu_mul                137625.38     48.28      8.90      1.60     0.00      0.0
      2385 gemm(gemv)              137682.56      0.00     12.28      1.70     0.59      0.0
      2386 scatter_axpy            137694.84      0.36     49.56      2.60     0.00     11.4
      2387 upload_i32              137744.76     19.24     23.48      2.60     0.00      0.0
      2388 upload                  137787.48     31.72     16.28      3.10     0.00      0.0
      2389 gather_rows             137835.48     48.36     15.36      2.10     0.00      0.1
      2390 gemm(gemv)              137899.20      0.36     10.24      2.80     0.59   1638.4
      2391 gemm(gemv)              137909.80     47.28      9.94      2.00     0.59     12.5
      2392 silu_mul                137967.02      6.72      1.32      1.90     0.00      0.0
      2393 gemm(gemv)              137975.06     46.08     14.44      2.30     0.59     12.8
      2394 scatter_axpy            138035.58      0.36     10.52      1.80     0.00     11.4
      2395 gemm(gemv)              138046.46     51.60     12.38      2.20     0.59     11.4
      2396 gemm(gemv)              138110.44      0.48     10.92      2.20     0.59   1228.8
      2397 silu_mul                138121.84     48.60      9.70      2.30     0.00      0.0
      2398 gemm(gemv)              138180.14      8.44      3.60      2.50     0.59     69.9
      2399 add_inplace             138192.18     20.40     12.72      2.40     0.00      0.0
      2400 add_inplace             138225.30     20.00     14.24      2.00     0.00      0.0
      2401 rmsnorm                 138259.54     51.08     10.90      2.70     0.00      0.0
      2402 gemm(gemv)              138321.52     25.68      3.28      2.70     7.08    275.6
      2403 gemm(gemv)              138350.48      8.42     18.84      2.80     1.18    140.1
      2404 gemm(gemv)              138377.74     14.44     59.68      2.60     1.72    119.1
      2405 qk_norm                 138451.86      0.70     15.08      3.90     0.00      0.0
      2406 rope                    138467.64      0.32     65.68      4.50     0.00      0.0
      2407 kv_append               138533.64      0.00     21.20      2.60     0.00      0.0
      2408 attention               138554.84     20.72     61.64      7.40     0.00      0.0
      2409 gemm(gemv)              138637.20      0.48      9.68      2.50     0.06    115.2
      2410 softplus_act            138647.36     46.28      0.18      2.40     0.00      0.0
      2411 mul_head_bcast          138693.82      6.44      3.64      2.30     0.00      0.0
      2412 gemm(gemv)              138703.90     39.44     14.36      2.80     7.08    179.5
      2413 add_inplace             138757.70      2.14     13.80      2.40     0.00      0.0
      2414 rmsnorm                 138773.64      0.36     50.88      2.50     0.00      0.0
      2415 fill0                   138824.88    110.84     65.76      2.60     0.00      0.0
      2416 gemm(gemv)              139001.48      0.00     12.08      1.80     1.05      0.0
      2417 download_f32            139013.56     68.04     99.40     98.50     0.00      0.0
      2418 upload_i32              139181.00     20.76      4.88      5.00     0.00      0.0
      2419 upload                  139206.64     16.76     41.92      3.10     0.00      0.0
      2420 gather_rows             139265.32     47.60      0.00      5.30     0.00      0.1
      2421 gemm(gemv)              139312.92      0.48     13.64      4.80     0.59   1228.8
      2422 gemm(gemv)              139327.04     70.60     14.38      2.60     0.59      8.4
      2423 silu_mul                139412.02      7.76     23.44      3.00     0.00      0.0
      2424 gemm(gemv)              139443.22      2.48     78.32      2.60     0.86    346.8
      2425 scatter_axpy            139524.02     52.24     21.40      2.90     0.00      0.1
      2426 upload_i32              139597.66     11.96    178.00      2.60     0.00      0.0
      2427 upload                  139787.62      1.54     56.56      2.40     0.00      0.0
      2428 gather_rows             139845.72      0.36     49.48      2.20     0.00     11.4
      2429 gemm(gemv)              139895.56     48.00      6.56      4.10     0.59     12.3
      2430 gemm(gemv)              139950.12     11.36      1.44      3.00     0.59     51.9
      2431 silu_mul                139962.92     43.40     13.24      3.10     0.00      0.0
      2432 gemm(gemv)              140019.56      0.44     15.96      2.70     0.86   1954.9
      2433 scatter_axpy            140035.96     62.56     17.66      1.90     0.00      0.1
      2434 upload_i32              140116.18     19.00     17.12      2.80     0.00      0.0
      2435 upload                  140152.30     61.16     15.96      2.10     0.00      0.0
      2436 gather_rows             140229.42     18.00      4.28      4.00     0.00      0.2
      2437 gemm(gemv)              140251.70     20.52     15.20      2.70     0.59     28.7
      2438 gemm(gemv)              140287.42     47.80     13.68      3.30     0.59     12.3
      2439 silu_mul                140348.90      0.44     11.56      2.90     0.00      0.0
      2440 gemm(gemv)              140360.90     24.12     16.48      2.80     0.86     35.7
      2441 scatter_axpy            140401.50     50.36      5.42      2.60     0.00      0.1
      2442 upload_i32              140457.28     42.52     15.88      2.70     0.00      0.0
      2443 upload                  140515.68     31.20      4.28      2.90     0.00      0.0
      2444 gather_rows             140551.16      0.36     50.00      2.60     0.00     11.4
      2445 gemm(gemv)              140601.52     50.48      2.40      2.10     0.59     11.7
      2446 gemm(gemv)              140654.40      0.48     10.64      2.50     0.59   1228.8
      2447 silu_mul                140665.52     43.76     14.80      1.90     0.00      0.0
      2448 gemm(gemv)              140724.08      0.44     17.64      1.90     0.86   1954.9
      2449 scatter_axpy            140742.16      0.36     46.84      2.00     0.00     11.4
      2450 upload_i32              140789.36     53.36      8.92      3.70     0.00      0.0
      2451 upload                  140851.64     30.50      4.28      3.10     0.00      0.0
      2452 gather_rows             140886.42      0.36     48.80      1.90     0.00     11.4
      2453 gemm(gemv)              140935.58      0.48     25.04      3.10     0.59   1228.8
      2454 gemm(gemv)              140961.10      0.36     67.32      2.80     0.59   1638.4
      2455 silu_mul                141028.78     43.96      6.64      2.40     0.00      0.0
      2456 gemm(gemv)              141079.38      0.44     16.68      2.20     0.86   1954.9
      2457 scatter_axpy            141096.50      0.36     47.20      1.70     0.00     11.4
      2458 upload_i32              141144.06     54.40      7.36      2.20     0.00      0.0
      2459 upload                  141205.82     32.16      4.20      2.70     0.00      0.0
      2460 gather_rows             141242.18      0.36     48.56      2.10     0.00     11.4
      2461 gemm(gemv)              141291.10     46.44      2.48      2.80     0.59     12.7
      2462 gemm(gemv)              141340.02      0.00     18.32      2.60     0.59      0.0
      2463 silu_mul                141358.34      0.36     47.48      1.90     0.00      0.0
      2464 gemm(gemv)              141406.18     52.76      8.66      2.20     0.86     16.3
      2465 scatter_axpy            141467.60      0.36     10.88      2.10     0.00     11.4
      2466 upload_i32              141478.84     70.12     18.00      6.30     0.00      0.0
      2467 upload                  141566.96     34.90      4.28      2.70     0.00      0.0
      2468 gather_rows             141606.14      0.36     66.44      2.80     0.00     11.4
      2469 gemm(gemv)              141672.94     50.72      0.00      3.50     0.59     11.6
      2470 gemm(gemv)              141723.66      0.44     10.56      3.10     0.59   1340.5
      2471 silu_mul                141734.66     45.72     12.88      2.20     0.00      0.0
      2472 gemm(gemv)              141793.26      0.56     17.92      3.30     0.86   1536.0
      2473 scatter_axpy            141811.74      0.36     66.28      2.90     0.00     11.4
      2474 upload_i32              141878.38     53.88      5.16      3.20     0.00      0.0
      2475 upload                  141937.42     35.34      4.28      2.60     0.00      0.0
      2476 gather_rows             141977.04      0.36     67.52      2.50     0.00     11.4
      2477 gemm(gemv)              142044.92     49.28      0.00      3.10     0.59     12.0
      2478 gemm(gemv)              142094.20      0.32      8.44      3.00     0.59   1843.2
      2479 silu_mul                142102.96     42.92     10.92      3.60     0.00      0.0
      2480 gemm(gemv)              142156.80      0.36     13.36      2.30     0.86   2389.3
      2481 scatter_axpy            142170.52      0.36     46.92      2.10     0.00     11.4
      2482 gemm(gemv)              142217.80     45.88      9.00      2.20     0.59     12.9
      2483 gemm(gemv)              142272.68      7.88      1.32      1.70     0.59     74.9
      2484 silu_mul                142281.88     45.76     13.48      2.40     0.00      0.0
      2485 gemm(gemv)              142341.12     10.20      3.60      2.50     0.86     84.3
      2486 add_inplace             142354.92     20.20     10.48      2.90     0.00      0.0
      2487 add_inplace             142385.60     19.44     14.16      2.50     0.00      0.0
      2488 rmsnorm                 142419.20     53.40     16.12      2.70     0.00      0.0
      2489 gemm_group              142488.72     40.84      1.48      3.00     0.00      0.0
      2490 qk_norm                 142531.04      0.36     10.88      3.70     0.00      0.0
      2491 rope                    142542.28     48.60      7.94      4.00     0.00      0.0
      2492 kv_append               142598.82      0.36     10.68      3.90     0.00      0.0
      2493 attention               142609.86     32.64     10.20      7.60     0.00      0.0
      2494 gemm(gemv)              142652.70     19.76     13.96      3.90     0.07      3.7
      2495 softplus_act            142686.42      0.44     34.00      2.30     0.00      0.0
      2496 mul_head_bcast          142720.86      0.36     46.48      2.70     0.00      0.0
      2497 gemm(gemv)              142767.70     40.56      3.56      2.50     9.44    232.7
      2498 add_inplace             142811.82     17.00      4.20      2.60     0.00      0.0
      2499 rmsnorm                 142833.02      9.76     59.84      2.10     0.00      0.0
      2500 fill0                   142902.62     21.92     42.28      2.20     0.00      0.0
      2501 gemm(gemv)              142966.82      0.70     78.30      2.40     1.05   1498.0
      2502 download_f32            143045.82     79.60     98.50     98.10     0.00      0.0
      2503 upload_i32              143223.92      7.40     15.28      5.40     0.00      0.0
      2504 upload                  143246.60     43.60      0.00     46.40     0.00      0.0
      2505 gather_rows             143290.20     47.04     18.80      5.00     0.00      0.1
      2506 gemm(gemv)              143356.04     10.96      3.52      5.40     0.59     53.8
      2507 gemm(gemv)              143370.52     46.88     12.28      3.50     0.59     12.6
      2508 silu_mul                143429.68      0.48      9.00      2.50     0.00      0.0
      2509 gemm(gemv)              143439.16     66.96     22.24      2.40     0.59      8.8
      2510 scatter_axpy            143528.36      0.00     14.08      2.70     0.00      0.0
      2511 upload_i32              143542.44      4.80     59.32      3.10     0.00      0.0
      2512 upload                  143606.56      0.94     54.64      2.20     0.00      0.0
      2513 gather_rows             143662.14      0.36     50.20      2.00     0.00     11.4
      2514 gemm(gemv)              143712.70     52.88      8.24      2.50     0.59     11.2
      2515 gemm(gemv)              143773.82      9.22     13.00      2.70     0.59     64.0
      2516 silu_mul                143796.04      0.36     70.48      2.70     0.00      0.0
      2517 gemm(gemv)              143866.88     53.84      1.86      2.30     0.59     11.0
      2518 scatter_axpy            143922.58      3.18     10.48      2.40     0.00      1.3
      2519 upload_i32              143936.24      1.92     69.68      2.70     0.00      0.0
      2520 upload                  144007.84      6.12     57.52      2.00     0.00      0.0
      2521 gather_rows             144071.48      0.36     51.68      2.20     0.00     11.4
      2522 gemm(gemv)              144123.52     50.12      4.32      3.20     0.59     11.8
      2523 gemm(gemv)              144177.96      7.26     14.12      2.30     0.59     81.2
      2524 silu_mul                144199.34      0.36     66.92      1.90     0.00      0.0
      2525 gemm(gemv)              144266.62     48.48     19.62      2.80     0.59     12.2
      2526 scatter_axpy            144334.72     53.64      3.32      3.00     0.00      0.1
      2527 upload_i32              144391.68     52.88      2.52      3.30     0.00      0.0
      2528 upload                  144447.08     62.40     41.04      2.50     0.00      0.0
      2529 gather_rows             144550.52     11.64     17.68      2.50     0.00      0.4
      2530 gemm(gemv)              144579.84      0.36     72.60      2.40     0.59   1638.4
      2531 gemm(gemv)              144652.80     48.88      0.00      2.50     0.59     12.1
      2532 silu_mul                144701.68     10.84     10.68      1.70     0.00      0.0
      2533 gemm(gemv)              144723.20      0.32     68.20      2.90     0.59   1843.2
      2534 scatter_axpy            144791.72     44.88      6.92      2.10     0.00      0.1
      2535 upload_i32              144843.52     12.04     15.80      4.50     0.00      0.0
      2536 upload                  144871.36      4.92     50.12      2.40     0.00      0.0
      2537 gather_rows             144926.40      0.32     48.16      2.00     0.00     12.8
      2538 gemm(gemv)              144974.88     50.32      0.00      2.40     0.59     11.7
      2539 gemm(gemv)              145025.20      0.44     10.60      2.60     0.59   1340.5
      2540 silu_mul                145036.24     44.28     13.60      1.80     0.00      0.0
      2541 gemm(gemv)              145094.12      0.00     16.20      3.20     0.59      0.0
      2542 scatter_axpy            145110.32      0.36     49.12      2.30     0.00     11.4
      2543 upload_i32              145159.80     56.48      7.72      2.80     0.00      0.0
      2544 upload                  145224.00     43.84     18.24      3.30     0.00      0.0
      2545 gather_rows             145286.08     10.12     14.72      2.30     0.00      0.4
      2546 gemm(gemv)              145310.92      0.36     67.80      2.90     0.59   1638.4
      2547 gemm(gemv)              145379.08     51.44      0.00      2.20     0.59     11.5
      2548 silu_mul                145430.52      6.68      1.32      2.20     0.00      0.0
      2549 gemm(gemv)              145438.52     50.72     12.46      2.70     0.59     11.6
      2550 scatter_axpy            145501.70      0.36     10.48      2.10     0.00     11.4
      2551 upload_i32              145512.54     53.24     10.44      3.30     0.00      0.0
      2552 upload                  145576.22     41.26      4.20      2.30     0.00      0.0
      2553 gather_rows             145621.68     22.63     23.97      2.00     0.00      0.2
      2554 gemm(gemv)              145668.28     26.51     16.93      2.20     0.59     22.2
      2555 gemm(gemv)              145711.72     52.84     26.66      2.80     0.59     11.2
      2556 silu_mul                145791.22     18.68     12.10      1.80     0.00      0.0
      2557 gemm(gemv)              145822.00    132.47     85.98      2.40     0.59      4.5
      2558 scatter_axpy            146040.45      0.44     29.56      1.90     0.00      9.3
      2559 upload_i32              146070.45     47.13     19.31      2.80     0.00      0.0
      2560 upload                  146136.89      0.00     19.53      2.70     0.00      0.0
      2561 gather_rows             146156.42      0.48     58.71      2.60     0.00      8.5
      2562 gemm(gemv)              146215.61     20.35     21.58      2.20     0.59     29.0
      2563 gemm(gemv)              146257.54     21.18     18.00      3.00     0.59     27.8
      2564 silu_mul                146296.72     46.48     16.27      2.10     0.00      0.0
      2565 gemm(gemv)              146359.47     34.60      0.00      2.50     0.59     17.0
      2566 scatter_axpy            146394.07      0.48     61.53      2.00     0.00      8.5
      2567 gemm(gemv)              146456.08     37.01     18.29      2.80     0.59     15.9
      2568 gemm(gemv)              146511.38     19.56     13.68      1.60     0.59     30.2
      2569 silu_mul                146544.62      0.36    196.16      2.80     0.00      0.0
      2570 gemm(gemv)              146741.14     48.32      0.33      2.70     0.59     12.2
      2571 add_inplace             146789.79      0.36     10.32      2.80     0.00      0.0
      2572 add_inplace             146800.47      0.00     29.68      1.70     0.00      0.0
      2573 rmsnorm                 146830.15      0.48     58.92      2.20     0.00      0.0
      2574 gemm_group              146889.55     48.20      2.64      3.20     0.00      0.0
      2575 qk_norm                 146940.39     12.86     18.20      3.50     0.00      0.0
      2576 rope                    146971.45      0.32     67.68      2.70     0.00      0.0
      2577 kv_append               147039.45     50.20      0.00      2.20     0.00      0.0
      2578 attention               147089.65     20.40      3.76      6.60     0.00      0.0
      2579 gemm(gemv)              147113.81     18.52      1.48      2.20     0.07      4.0
      2580 softplus_act            147133.81     61.64     13.12      1.80     0.00      0.0
      2581 mul_head_bcast          147208.57      6.44      3.56      2.20     0.00      0.0
      2582 gemm(gemv)              147218.57     65.28     16.32      2.00     9.44    144.6
      2583 add_inplace             147300.17      0.36     10.28      1.60     0.00      0.0
      2584 rmsnorm                 147310.81      9.56      4.08      2.20     0.00      0.0
      2585 fill0                   147324.45     61.40     13.80      2.60     0.00      0.0
      2586 gemm(gemv)              147399.65     16.06      3.64      2.80     1.05     65.3
      2587 download_f32            147419.35     67.76     96.20     95.00     0.00      0.0
      2588 upload_i32              147583.31     19.68      4.20      5.40     0.00      0.0
      2589 upload                  147607.19     30.08     18.48      3.20     0.00      0.0
      2590 gather_rows             147655.75      0.32     68.00      5.30     0.00     12.8
      2591 gemm(gemv)              147724.07      0.48     22.76      4.80     0.59   1228.8
      2592 gemm(gemv)              147747.31      9.80     41.48      3.00     0.59     60.2
      2593 silu_mul                147798.59      0.00     17.40      3.70     0.00      0.0
      2594 gemm(gemv)              147815.99     21.68     57.68      2.80     0.59     27.2
      2595 scatter_axpy            147895.35     46.16      4.64      2.70     0.00      0.1
      2596 upload_i32              147946.15      8.66     13.08      2.80     0.00      0.0
      2597 upload                  147967.89     15.60     44.04      2.70     0.00      0.0
      2598 gather_rows             148027.53     47.48      6.76      2.50     0.00      0.1
      2599 gemm(gemv)              148081.77      8.16      2.52      3.40     0.59     72.3
      2600 gemm(gemv)              148092.45     45.36     14.08      2.30     0.59     13.0
      2601 silu_mul                148151.89      6.64      1.32      2.10     0.00      0.0
      2602 gemm(gemv)              148159.85     46.04     13.08      2.20     0.59     12.8
      2603 scatter_axpy            148218.97      0.36     11.28      2.60     0.00     11.4
      2604 upload_i32              148230.61     73.92     17.48      2.80     0.00      0.0
      2605 upload                  148322.01     28.76      3.76      3.00     0.00      0.0
      2606 gather_rows             148354.53     76.68     29.06      2.40     0.00      0.1
      2607 gemm(gemv)              148460.27    289.76      5.72      3.70     0.59      2.0
      2608 gemm(gemv)              148755.75      0.36     50.28      2.50     0.59   1638.4
      2609 silu_mul                148806.39     45.48      0.00      1.90     0.00      0.0
      2610 gemm(gemv)              148851.87      8.44      4.20      2.70     0.59     69.9
      2611 scatter_axpy            148864.51     50.48     15.78      2.00     0.00      0.1
      2612 upload_i32              148930.77     23.60      2.68      2.80     0.00      0.0
      2613 upload                  148957.05     60.48     18.28      2.00     0.00      0.0
      2614 gather_rows             149035.81      8.78     23.40      2.10     0.00      0.5
      2615 gemm(gemv)              149067.99      0.36     70.00      2.80     0.59   1638.4
      2616 gemm(gemv)              149138.35     51.80      0.00      2.30     0.59     11.4
      2617 silu_mul                149190.15      5.18     13.32      2.00     0.00      0.0
      2618 gemm(gemv)              149208.65      0.32     67.28      3.60     0.59   1843.2
      2619 scatter_axpy            149276.25     50.80      0.00      2.30     0.00      0.1
      2620 upload_i32              149327.05     61.84     17.04      2.70     0.00      0.0
      2621 upload                  149405.93     42.96     19.44      3.70     0.00      0.0
      2622 gather_rows             149468.33      0.48     16.24      2.70     0.00      8.5
      2623 gemm(gemv)              149485.05      0.36     52.16      2.90     0.59   1638.4
      2624 gemm(gemv)              149537.57     50.12      5.18      2.50     0.59     11.8
      2625 silu_mul                149592.87      0.48     10.80      2.00     0.00      0.0
      2626 gemm(gemv)              149604.15      0.32     49.16      3.00     0.59   1843.2
      2627 scatter_axpy            149653.63     45.72      9.04      2.10     0.00      0.1
      2628 upload_i32              149708.39     61.92     18.40      2.40     0.00      0.0
      2629 upload                  149788.71     19.48     19.12      2.80     0.00      0.0
      2630 gather_rows             149827.31     44.84     17.88      2.40     0.00      0.1
      2631 gemm(gemv)              149890.03     10.24      3.52      3.10     0.59     57.6
      2632 gemm(gemv)              149903.79     52.64     14.26      2.80     0.59     11.2
      2633 silu_mul                149970.69     51.28     12.08      2.20     0.00      0.0
      2634 gemm(gemv)              150034.05      0.32    104.76      2.60     0.59   1843.2
      2635 scatter_axpy            150139.13     65.84      0.00      2.30     0.00      0.1
      2636 upload_i32              150204.97     44.56     17.72      3.20     0.00      0.0
      2637 upload                  150267.25    101.80     28.28      2.20     0.00      0.0
      2638 gather_rows             150397.33     45.00      4.20      2.70     0.00      0.1
      2639 gemm(gemv)              150446.53      0.44     16.84      3.30     0.59   1340.5
      2640 gemm(gemv)              150463.81      0.36     50.04      3.50     0.59   1638.4
      2641 silu_mul                150514.21     64.88      0.00      2.20     0.00      0.0
      2642 gemm(gemv)              150579.09      0.00     18.72      2.70     0.59      0.0
      2643 scatter_axpy            150597.81      0.36     54.56      2.20     0.00     11.4
      2644 warm_read               150652.73     45.16      5.98    238.80     0.00      0.0
      2645 warm_read               150703.87      8.96      4.28    161.40     0.00      0.0
      2646 warm_read               150717.11      4.24     46.08    159.00     0.00      0.0
      2647 upload_paged            150767.43     46.80      8.48    488.30     1.77     37.8
      2648 upload_i32              150822.71     19.36     19.44      5.10     0.00      0.0
      2649 upload                  150861.51     44.90     18.20      3.50     0.00      0.0
      2650 gather_rows             150924.61      0.36     70.44      4.10     0.00     11.4
      2651 gemm(gemv)              150995.41     52.72      0.00      2.80     0.59     11.2
      2652 gemm(gemv)              151048.13      7.48     14.00      2.80     0.59     78.9
      2653 silu_mul                151069.61      0.36     68.72      2.90     0.00      0.0
      2654 gemm(gemv)              151138.69     52.68      0.32      2.40     0.59     11.2
      2655 scatter_axpy            151191.69      5.22     10.60      2.40     0.00      0.8
      2656 gemm(gemv)              151207.51      0.36     66.52      4.00     0.59   1638.4
      2657 gemm(gemv)              151274.39     52.08      1.22      3.10     0.59     11.3
      2658 silu_mul                151327.69      5.24     11.68      2.00     0.00      0.0
      2659 gemm(gemv)              151344.61      0.32     68.16      2.90     0.59   1843.2
      2660 add_inplace             151413.09     52.28      1.82      2.90     0.00      0.0
      2661 add_inplace             151467.19     14.26     15.16     48.90     0.00      0.0
      2662 rmsnorm                 151496.61      0.00     65.48      3.40     0.00      0.0
      2663 gemm(gemv)              151562.09     29.44     47.08      3.50     9.44    320.6
      2664 gemm(gemv)              151638.61     54.08     12.58      2.40     1.18     21.8
      2665 gemm(gemv)              151705.27     23.28      1.44      2.70     1.72     73.9
      2666 qk_norm                 151729.99     45.80     14.64      4.20     0.00      0.0
      2667 rope                    151790.43      2.80      9.96      3.60     0.00      0.0
      2668 kv_append               151803.19     42.88     14.72      3.00     0.00      0.0
      2669 attention               151860.79     26.40      3.72      6.80     0.00      0.0
      2670 gemm(gemv)              151890.91     44.20     13.88      3.30     0.07      1.7
      2671 softplus_act            151948.99      4.56     13.64      2.90     0.00      0.0
      2672 mul_head_bcast          151967.19      0.32     65.56      2.30     0.00      0.0
      2673 gemm(gemv)              152033.07     73.32      2.32      2.30     9.44    128.7
      2674 add_inplace             152108.71      0.36     10.32      1.80     0.00      0.0
      2675 rmsnorm                 152119.39     17.16      3.56      2.60     0.00      0.0
      2676 fill0                   152140.11     47.12     14.08      3.10     0.00      0.0
      2677 gemm(gemv)              152201.31      7.82     17.76      2.40     1.05    134.1
      2678 download_f32            152226.89     69.08     85.50     85.10     0.00      0.0
      2679 upload_i32              152381.47      0.00     15.32      4.30     0.00      0.0
      2680 upload                  152396.79     15.68     41.88      2.90     0.00      0.0
      2681 gather_rows             152454.35     45.68      9.44      4.80     0.00      0.1
      2682 gemm(gemv)              152509.47      7.80      2.72      4.00     0.59     75.6
      2683 gemm(gemv)              152519.99     22.84     12.92     44.90     0.59     25.8
      2684 silu_mul                152555.75     43.88     11.92      3.60     0.00      0.0
      2685 gemm(gemv)              152611.55      0.44     14.08      3.70     0.86   1954.9
      2686 scatter_axpy            152626.07     44.80     11.00      2.50     0.00      0.1
      2687 upload_i32              152681.87     61.76     17.08      3.10     0.00      0.0
      2688 upload                  152760.71     42.76     18.44      3.20     0.00      0.0
      2689 gather_rows             152821.91      0.44     16.64      3.10     0.00      9.3
      2690 gemm(gemv)              152838.99      0.36     51.36      3.80     0.59   1638.4
      2691 gemm(gemv)              152890.71    104.80     10.18      2.50     0.59      5.6
      2692 silu_mul                153005.69      0.36    113.72      2.80     0.00      0.0
      2693 gemm(gemv)              153119.77     46.88     12.52      2.50     0.86     18.3
      2694 scatter_axpy            153179.17      0.36     10.08      2.20     0.00     11.4
      2695 upload_i32              153189.61     15.84     39.12      2.30     0.00      0.0
      2696 upload                  153244.57     51.32      7.48      2.80     0.00      0.0
      2697 gather_rows             153303.37      0.44     18.72      2.50     0.00      9.3
      2698 gemm(gemv)              153322.53      0.00     47.84      3.10     0.59      0.0
      2699 gemm(gemv)              153370.37     66.16     32.20      2.20     0.59      8.9
      2700 silu_mul                153468.73      1.52     11.52      2.10     0.00      0.0
      2701 gemm(gemv)              153481.77    175.90     31.20      3.00     0.86      4.9
      2702 scatter_axpy            153688.87      0.48    165.84      2.00     0.00      8.5
      2703 upload_i32              153855.19     15.44     40.32      2.90     0.00      0.0
      2704 upload                  153910.95     55.80      0.00      2.40     0.00      0.0
      2705 gather_rows             153966.75     10.12     22.88      2.40     0.00      0.4
      2706 gemm(gemv)              153999.75      0.32     69.04      3.70     0.59   1843.2
      2707 gemm(gemv)              154069.11     50.84      0.00      2.30     0.59     11.6
      2708 silu_mul                154119.95      0.48     11.64      1.80     0.00      0.0
      2709 gemm(gemv)              154132.07     70.92     24.84      1.80     0.86     12.1
      2710 scatter_axpy            154227.83      0.48     14.64      2.10     0.00      8.5
      2711 upload_i32              154242.95     72.92     13.76      2.80     0.00      0.0
      2712 upload                  154329.63     34.08      5.96      2.50     0.00      0.0
      2713 gather_rows             154369.67     44.00     17.88      2.40     0.00      0.1
      2714 gemm(gemv)              154431.55      0.00     13.80      3.40     0.59      0.0
      2715 gemm(gemv)              154445.35      0.36     68.84      2.30     0.59   1638.4
      2716 silu_mul                154514.55     50.00      0.40      2.30     0.00      0.0
      2717 gemm(gemv)              154564.95      0.48     17.60      2.90     0.86   1792.0
      2718 scatter_axpy            154583.03      0.36     49.88      2.00     0.00     11.4
      2719 upload_i32              154633.27     54.44      3.58      2.50     0.00      0.0
      2720 upload                  154691.29     41.32     26.60      2.50     0.00      0.0
      2721 gather_rows             154759.21      0.48     14.36      2.10     0.00      8.5
      2722 gemm(gemv)              154774.05      0.36     51.56      3.40     0.59   1638.4
      2723 gemm(gemv)              154825.97     46.48      9.44      2.30     0.59     12.7
      2724 silu_mul                154881.89      4.92     12.44      1.90     0.00      0.0
      2725 gemm(gemv)              154899.25      0.36     58.16      2.20     0.86   2389.3
      2726 scatter_axpy            154957.77     46.28      5.76      1.80     0.00      0.1
      2727 upload_i32              155009.81     18.72     17.36      2.50     0.00      0.0
      2728 upload                  155045.89     31.66     18.80      2.40     0.00      0.0
      2729 gather_rows             155096.35      0.36     53.80      3.00     0.00     11.4
      2730 gemm(gemv)              155150.51     50.72      3.74      2.20     0.59     11.6
      2731 gemm(gemv)              155204.97      6.92     12.16      2.40     0.59     85.2
      2732 silu_mul                155224.05      0.36     65.36      1.70     0.00      0.0
      2733 gemm(gemv)              155289.77     51.20      1.18      2.00     0.86     16.8
      2734 scatter_axpy            155342.15      1.74     10.56      2.10     0.00      2.4
      2735 upload_i32              155354.45      4.88     57.44      2.50     0.00      0.0
      2736 upload                  155416.77      4.88     52.80      2.50     0.00      0.0
      2737 gather_rows             155474.45     45.08     18.80      2.10     0.00      0.1
      2738 gemm(gemv)              155538.33      0.44     14.44      4.30     0.59   1340.5
      2739 gemm(gemv)              155553.21      0.36     50.24      1.80     0.59   1638.4
      2740 silu_mul                155603.81     44.84      7.92      1.60     0.00      0.0
      2741 gemm(gemv)              155656.57      0.48     17.60      2.70     0.86   1792.0
      2742 scatter_axpy            155674.65      0.36     47.08      2.30     0.00     11.4
      2743 gemm(gemv)              155722.09     48.60      6.80      2.00     0.59     12.1
      2744 gemm(gemv)              155777.49      9.02     14.24      2.30     0.59     65.4
      2745 silu_mul                155800.75      0.36     68.36      2.60     0.00      0.0
      2746 gemm(gemv)              155869.47     53.68      0.00      2.80     0.86     16.0
      2747 add_inplace             155923.15      0.36     10.68      2.00     0.00      0.0
      2748 add_inplace             155934.19      0.36     46.20      1.70     0.00      0.0
      2749 rmsnorm                 155980.75     65.36     12.00      2.90     0.00      0.0
      2750 gemm_group              156058.11     35.76      1.40      2.80     0.00      0.0
      2751 qk_norm                 156095.27      0.36     14.56      4.40     0.00      0.0
      2752 rope                    156110.19      0.36     50.64      3.50     0.00      0.0
      2753 kv_append               156161.19     42.68     10.08      2.20     0.00      0.0
      2754 attention               156213.95     23.56      3.72      6.10     0.00      0.0
      2755 gemm(gemv)              156241.23     43.92     14.64      3.00     0.06      1.3
      2756 softplus_act            156299.79      0.00     13.00      2.40     0.00      0.0
      2757 mul_head_bcast          156312.79      0.32     50.96      2.70     0.00      0.0
      2758 gemm(gemv)              156364.07     66.36      7.32      2.70     7.08    106.7
      2759 add_inplace             156437.75      0.36      9.36      2.50     0.00      0.0
      2760 rmsnorm                 156447.47     51.28      4.20      1.80     0.00      0.0
      2761 fill0                   156502.95      5.84     12.20      2.80     0.00      0.0
      2762 gemm(gemv)              156520.99      0.70     71.40      2.20     1.05   1498.0
      2763 download_f32            156593.09     65.20     78.80     79.00     0.00      0.0
      2764 upload_i32              156737.09      3.58     14.92      4.30     0.00      0.0
      2765 upload                  156755.59     15.56     49.16      2.40     0.00      0.0
      2766 gather_rows             156820.31     46.64      0.00      5.30     0.00      0.1
      2767 gemm(gemv)              156866.95      7.64      2.68      3.30     0.59     77.2
      2768 gemm(gemv)              156877.27     51.52     15.44      2.50     0.59     11.4
      2769 silu_mul                156944.23      5.02     11.56      2.50     0.00      0.0
      2770 gemm(gemv)              156960.81      0.44     68.24      2.00     0.59   1340.5
      2771 scatter_axpy            157029.49     49.00      0.00      3.30     0.00      0.1
      2772 upload_i32              157078.49     42.96     15.96      2.80     0.00      0.0
      2773 upload                  157137.41     86.34      4.24      2.20     0.00      0.0
      2774 gather_rows             157227.99      0.36    107.72      2.10     0.00     11.4
      2775 gemm(gemv)              157336.07      0.00     23.96      3.60     0.59      0.0
      2776 gemm(gemv)              157360.03      0.36     70.12      2.70     0.59   1638.4
      2777 silu_mul                157430.51     51.28      0.00      2.00     0.00      0.0
      2778 gemm(gemv)              157481.79      9.60      3.60      2.20     0.59     61.4
      2779 scatter_axpy            157494.99     48.08      8.22      1.60     0.00      0.1
      2780 upload_i32              157551.29     23.12      2.52      2.80     0.00      0.0
      2781 upload                  157576.93     44.62     18.36      2.90     0.00      0.0
      2782 gather_rows             157639.91      0.36     66.76      2.20     0.00     11.4
      2783 gemm(gemv)              157707.03     65.40      6.98      3.10     0.59      9.0
      2784 gemm(gemv)              157779.41      0.00     15.20      2.70     0.59      0.0
      2785 silu_mul                157794.61      0.36     65.96      2.00     0.00      0.0
      2786 gemm(gemv)              157860.93     52.88      2.38      1.80     0.59     11.2
      2787 scatter_axpy            157916.19      1.30     11.12      2.10     0.00      3.2
      2788 upload_i32              157928.61      4.88     58.72      2.30     0.00      0.0
      2789 upload                  157992.21      1.46     54.04      2.00     0.00      0.0
      2790 gather_rows             158047.71      0.36     50.76      2.60     0.00     11.4
      2791 gemm(gemv)              158098.83     54.20      9.28      2.50     0.59     10.9
      2792 gemm(gemv)              158162.31     10.72      1.44      2.00     0.59     55.0
      2793 silu_mul                158174.47     45.68     14.84      2.10     0.00      0.0
      2794 gemm(gemv)              158234.99      0.48     18.92      2.40     0.59   1228.8
      2795 scatter_axpy            158254.39      0.36     48.92      2.00     0.00     11.4
      2796 upload_i32              158303.67     76.96     16.84      2.20     0.00      0.0
      2797 upload                  158397.47     43.52     24.88      2.00     0.00      0.0
      2798 gather_rows             158465.87     42.04      8.14      2.50     0.00      0.1
      2799 gemm(gemv)              158516.05      0.36     58.28      2.60     0.59   1638.4
      2800 gemm(gemv)              158574.69     68.72      0.00      2.70     0.59      8.6
      2801 silu_mul                158643.41     12.68     20.60      1.80     0.00      0.0
      2802 gemm(gemv)              158676.69      0.00     80.12      2.10     0.59      0.0
      2803 scatter_axpy            158756.81      0.36     57.00      1.70     0.00     11.4
      2804 upload_i32              158814.17     59.00      4.34      2.50     0.00      0.0
      2805 upload                  158877.51     49.28     25.48      2.80     0.00      0.0
      2806 gather_rows             158952.27      0.00     15.08      1.90     0.00      0.0
      2807 gemm(gemv)              158967.35      0.36     53.16      3.10     0.59   1638.4
      2808 gemm(gemv)              159020.87     49.84      6.78      2.00     0.59     11.8
      2809 silu_mul                159077.49      0.48     10.88      2.20     0.00      0.0
      2810 gemm(gemv)              159088.85      0.36     56.20      2.80     0.59   1638.4
      2811 scatter_axpy            159145.41     45.76     10.12      1.90     0.00      0.1
      2812 upload_i32              159201.29     61.64     17.12      2.50     0.00      0.0
      2813 upload                  159280.05     42.24     18.40      2.60     0.00      0.0
      2814 gather_rows             159340.69      0.48     16.68      2.60     0.00      8.5
      2815 gemm(gemv)              159357.85      0.36     52.20      2.60     0.59   1638.4
      2816 gemm(gemv)              159410.41     50.20      6.54      2.20     0.59     11.7
      2817 silu_mul                159467.15      0.48     11.96      1.90     0.00      0.0
      2818 gemm(gemv)              159479.59      0.36     50.16      2.30     0.59   1638.4
      2819 scatter_axpy            159530.11     47.68      8.64      1.90     0.00      0.1
      2820 upload_i32              159586.43     61.48     17.04      2.30     0.00      0.0
      2821 upload                  159664.95     19.68     18.92      2.50     0.00      0.0
      2822 gather_rows             159703.55     21.72     17.68      2.00     0.00      0.2
      2823 gemm(gemv)              159742.95     51.16     13.80      3.30     0.59     11.5
      2824 gemm(gemv)              159807.91     10.44      1.44      2.90     0.59     56.5
      2825 silu_mul                159819.79     64.36     25.26      1.80     0.00      0.0
      2826 gemm(gemv)              159909.41      0.00     16.52      2.10     0.59      0.0
      2827 scatter_axpy            159925.93      0.36     51.40      1.60     0.00     11.4
      2828 gemm(gemv)              159977.69     49.96      8.54      2.10     0.59     11.8
      2829 gemm(gemv)              160036.19     12.44      1.36      2.40     0.59     47.4
      2830 silu_mul                160049.99     47.36     14.04      1.90     0.00      0.0
      2831 gemm(gemv)              160111.39     74.82     16.12      2.50     0.59      7.9
      2832 add_inplace             160202.33     13.16    118.00      2.20     0.00      0.0
      2833 add_inplace             160333.49     18.28     15.44      2.20     0.00      0.0
      2834 rmsnorm                 160367.21     23.96     14.16      2.70     0.00      0.0
      2835 gemm_group              160405.33     94.64      0.00      2.40     0.00      0.0
      2836 qk_norm                 160499.97      0.36     10.92      3.40     0.00      0.0
      2837 rope                    160511.25     10.66     11.72      3.20     0.00      0.0
      2838 kv_append               160533.63      0.44     59.48      2.50     0.00      0.0
      2839 attention               160593.55     59.96      0.00      5.30     0.00      0.0
      2840 gemm(gemv)              160653.51      1.02     18.12      3.30     0.07     72.3
      2841 softplus_act            160672.65    167.76     44.24      2.10     0.00      0.0
      2842 mul_head_bcast          160884.65      0.36      9.64      1.80     0.00      0.0
      2843 gemm(gemv)              160894.65     68.28     15.30      2.40     9.44    138.2
      2844 add_inplace             160978.23      0.36     10.56      1.90     0.00      0.0
      2845 rmsnorm                 160989.15     12.92      3.56      2.30     0.00      0.0
      2846 fill0                   161005.63     67.48     28.32      2.90     0.00      0.0
      2847 gemm(gemv)              161101.43      0.00     16.40      2.20     1.05      0.0
      2848 download_f32            161117.83     67.08    107.40     94.40     0.00      0.0
      2849 upload_i32              161292.31     19.16      4.24      4.60     0.00      0.0
      2850 upload                  161315.71     15.40     41.60      3.20     0.00      0.0
      2851 gather_rows             161372.71     48.36      0.00      4.40     0.00      0.1
      2852 gemm(gemv)              161421.07      0.36     10.72      4.00     0.59   1638.4
      2853 gemm(gemv)              161432.15     47.36     11.48      3.20     0.59     12.5
      2854 silu_mul                161490.99      0.44      9.00      2.40     0.00      0.0
      2855 gemm(gemv)              161500.43     50.12     11.48      2.20     0.59     11.8
      2856 scatter_axpy            161562.03      0.36     11.28      2.50     0.00     11.4
      2857 warm_read               161573.67     15.56      8.12    177.30     0.00      0.0
      2858 warm_read               161597.35     76.92     14.80    168.00     0.00      0.0
      2859 warm_read               161689.07    192.44      4.56    190.40     0.00      0.0
      2860 upload_paged            161886.07    444.00      4.24    434.30     1.77      4.0
      2861 upload_i32              162334.31     31.30      4.60      5.40     0.00      0.0
      2862 upload                  162370.21     15.68     41.24     42.80     0.00      0.0
      2863 gather_rows             162427.13     47.60      9.48      4.70     0.00      0.1
      2864 gemm(gemv)              162484.21      8.04      2.52      3.60     0.59     73.4
      2865 gemm(gemv)              162494.77     46.52     12.60      2.60     0.59     12.7
      2866 silu_mul                162553.89      9.44     13.28      2.40     0.00      0.0
      2867 gemm(gemv)              162576.61      0.36     67.40      2.30     0.59   1638.4
      2868 scatter_axpy            162644.37     50.84      0.00      2.80     0.00      0.1
      2869 upload_i32              162695.21     48.20     16.88      2.80     0.00      0.0
      2870 upload                  162760.29     17.28     19.00      2.60     0.00      0.0
      2871 gather_rows             162796.57     44.28     16.96      2.70     0.00      0.1
      2872 gemm(gemv)              162857.81     12.36      2.52      3.50     0.59     47.7
      2873 gemm(gemv)              162872.69     21.56     14.56      2.10     0.59     27.4
      2874 silu_mul                162908.81     47.12      8.76      1.60     0.00      0.0
      2875 gemm(gemv)              162964.69      0.44     16.12      2.70     0.59   1340.5
      2876 scatter_axpy            162981.25      0.36     50.40      3.00     0.00     11.4
      2877 upload_i32              163032.01     62.04     12.56      2.80     0.00      0.0
      2878 upload                  163106.61     17.00     26.24      2.70     0.00      0.0
      2879 gather_rows             163149.85     21.20     17.48      2.00     0.00      0.2
      2880 gemm(gemv)              163188.53     46.00     14.52      3.00     0.59     12.8
      2881 gemm(gemv)              163249.05     12.12      3.52      2.40     0.59     48.7
      2882 silu_mul                163264.69     50.00     11.08      1.90     0.00      0.0
      2883 gemm(gemv)              163325.77      0.48     17.88      3.00     0.59   1228.8
      2884 scatter_axpy            163344.13      0.36     46.88      2.00     0.00     11.4
      2885 upload_i32              163391.37     53.32      8.36      2.30     0.00      0.0
      2886 upload                  163453.05     58.36     25.28      2.20     0.00      0.0
      2887 gather_rows             163536.69      0.44     18.72      2.50     0.00      9.3
      2888 gemm(gemv)              163555.85     46.32     15.72      3.30     0.59     12.7
      2889 gemm(gemv)              163617.89      9.68      1.44      2.40     0.59     60.9
      2890 silu_mul                163629.01     43.48     13.92      2.10     0.00      0.0
      2891 gemm(gemv)              163686.41      0.44     15.88      2.40     0.59   1340.5
      2892 scatter_axpy            163702.73      0.36     47.64      2.70     0.00     11.4
      2893 upload_i32              163750.73     57.80      6.74      2.70     0.00      0.0
      2894 upload                  163815.27     58.28     25.80      2.60     0.00      0.0
      2895 gather_rows             163899.35      0.00     16.20      1.70     0.00      0.0
      2896 gemm(gemv)              163915.55      0.36     53.68      2.70     0.59   1638.4
      2897 gemm(gemv)              163969.59     50.08      6.06      2.10     0.59     11.8
      2898 silu_mul                164025.73      9.28     14.44      1.80     0.00      0.0
      2899 gemm(gemv)              164049.45      0.36     70.16      2.50     0.59   1638.4
      2900 scatter_axpy            164119.97     48.80      0.00      2.00     0.00      0.1
      2901 upload_i32              164168.77     45.80     16.80      2.10     0.00      0.0
      2902 upload                  164231.37     67.38     18.92      1.90     0.00      0.0
      2903 gather_rows             164317.67      0.36     99.88      1.70     0.00     11.4
      2904 gemm(gemv)              164417.91     63.16      0.00      2.20     0.59      9.3
      2905 gemm(gemv)              164481.07      0.00     15.28      2.30     0.59      0.0
      2906 silu_mul                164496.35      0.36     62.36      1.80     0.00      0.0
      2907 gemm(gemv)              164559.07     46.80     14.00      2.20     0.59     12.6
      2908 scatter_axpy            164619.87      0.36     11.88      1.70     0.00     11.4
      2909 upload_i32              164632.11     77.40     18.14      3.00     0.00      0.0
      2910 upload                  164727.65     58.24      3.30      2.20     0.00      0.0
      2911 gather_rows             164789.19     20.52      4.24      2.40     0.00      0.2
      2912 gemm(gemv)              164813.95     70.36     24.00      3.00     0.59      8.4
      2913 gemm(gemv)              164908.31      0.00     12.16      2.40     0.59      0.0
      2914 silu_mul                164920.47      0.36     70.64      2.10     0.00      0.0
      2915 gemm(gemv)              164991.47     52.88      0.00      2.20     0.59     11.2
      2916 scatter_axpy            165044.35      2.58     10.44      2.40     0.00      1.6
      2917 gemm(gemv)              165057.37      0.36     56.40      2.30     0.59   1638.4
      2918 gemm(gemv)              165114.13     52.60      2.14      2.70     0.59     11.2
      2919 silu_mul                165168.87      8.16      1.40      2.10     0.00      0.0
      2920 gemm(gemv)              165178.43     46.48     15.60      1.90     0.59     12.7
      2921 add_inplace             165240.51      2.26     13.20      2.20     0.00      0.0
      2922 add_inplace             165255.97      0.36     53.64      2.20     0.00      0.0
      2923 rmsnorm                 165309.97     55.04      8.00      2.60     0.00      0.0
      2924 gemm(gemv)              165373.01     33.08      1.44      2.20     9.44    285.3
      2925 gemm(gemv)              165407.53     46.72     12.08      2.30     1.18     25.2
      2926 gemm(gemv)              165466.33      3.52     16.72      2.20     1.72    488.7
      2927 qk_norm                 165486.57      0.36     69.28      3.50     0.00      0.0
      2928 rope                    165556.21     64.16      4.16      2.90     0.00      0.0
      2929 kv_append               165624.53      0.36     10.12      2.40     0.00      0.0
      2930 attention               165635.01      0.00     65.28      6.00     0.00      0.0
      2931 gemm(gemv)              165700.29     14.44     51.36      2.10     0.07      5.1
      2932 softplus_act            165766.09     41.64     16.28      2.50     0.00      0.0
      2933 mul_head_bcast          165824.01      0.44     38.16      1.90     0.00      0.0
      2934 gemm(gemv)              165862.61     35.96     40.52      2.30     9.44    262.4
      2935 add_inplace             165939.09      1.26     12.04      3.00     0.00      0.0
      2936 rmsnorm                 165952.39      0.36     55.88      2.30     0.00      0.0
      2937 fill0                   166008.63     43.16      4.52      1.80     0.00      0.0
      2938 gemm(gemv)              166056.31     14.56     22.32      1.90     1.05     72.0
      2939 download_f32            166093.19     70.80     84.60     85.30     0.00      0.0
      2940 upload_i32              166248.59      0.00     14.88      3.80     0.00      0.0
      2941 upload                  166263.47     15.48     44.96      3.60     0.00      0.0
      2942 gather_rows             166323.91     44.12      8.20      4.30     0.00      0.1
      2943 gemm(gemv)              166376.23     11.20      2.56      3.40     0.59     52.7
      2944 gemm(gemv)              166389.99     55.00     15.78      2.10     0.59     10.7
      2945 silu_mul                166460.77      0.00     10.60      2.90     0.00      0.0
      2946 gemm(gemv)              166471.37      9.68     59.32      2.90     0.86     88.9
      2947 scatter_axpy            166540.37      0.00     18.28      2.20     0.00      0.0
      2948 upload_i32              166558.65     15.72     42.84      2.20     0.00      0.0
      2949 upload                  166617.21     53.88      6.14      2.10     0.00      0.0
      2950 gather_rows             166677.23     11.52      4.24      2.60     0.00      0.4
      2951 gemm(gemv)              166692.99     46.92     13.36      3.90     0.59     12.6
      2952 gemm(gemv)              166753.27      0.36      8.48      2.70     0.59   1638.4
      2953 silu_mul                166762.11     46.64      8.04      2.30     0.00      0.0
      2954 gemm(gemv)              166816.79      0.40     14.92      2.90     0.86   2150.4
      2955 scatter_axpy            166832.11     62.56     15.74      2.10     0.00      0.1
      2956 upload_i32              166910.41      4.56     13.12      2.60     0.00      0.0
      2957 upload                  166928.09      4.92     52.56      2.70     0.00      0.0
      2958 gather_rows             166985.57     19.27     21.45      2.60     0.00      0.2
      2959 gemm(gemv)              167026.29     24.55     14.49      2.60     0.59     24.0
      2960 gemm(gemv)              167065.33     47.30     12.52      2.60     0.59     12.5
      2961 silu_mul                167125.15     25.67      0.00      1.90     0.00      0.0
      2962 gemm(gemv)              167150.82     28.71     12.18      2.10     0.86     30.0
      2963 scatter_axpy            167191.71    130.67     68.44      2.00     0.00      0.0
      2964 warm_read               167390.82      4.68      1.32    169.50     0.00      0.0
      2965 warm_read               167396.82      0.00      4.24    156.80     0.00      0.0
      2966 warm_read               167401.06     26.98     40.89    223.90     0.00      0.0
      2967 upload_paged            167468.93    306.21    763.47    989.70     2.04      6.7
      2968 upload_i32              168538.61     38.38     25.10      6.70     0.00      0.0
      2969 upload                  168602.09     33.69     16.47      3.60     0.00      0.0
      2970 gather_rows             168652.25     25.43     18.70      5.00     0.00      0.2
      2971 gemm(gemv)              168696.38     28.04     16.77      3.10     0.59     21.0
      2972 gemm(gemv)              168741.19     29.66     13.52      3.00     0.59     19.9
      2973 silu_mul                168784.37     28.04     14.36      2.30     0.00      0.0
      2974 gemm(gemv)              168826.77     30.99     15.04      2.50     0.86     27.8
      2975 scatter_axpy            168872.80     24.86      8.96      2.40     0.00      0.2
      2976 upload_i32              168906.62     38.65     17.49      3.20     0.00      0.0
      2977 upload                  168962.76     36.98     20.90      3.10     0.00      0.0
      2978 gather_rows             169020.64     24.36     19.79      2.90     0.00      0.2
      2979 gemm(gemv)              169064.79     30.44     15.27      3.90     0.59     19.4
      2980 gemm(gemv)              169110.50     47.77     18.26      2.80     0.59     12.3
      2981 silu_mul                169176.53     19.73     14.23      2.20     0.00      0.0
      2982 gemm(gemv)              169210.49     26.40     17.34      3.10     0.86     32.6
      2983 scatter_axpy            169254.23     28.32     13.74      1.90     0.00      0.1
      2984 upload_i32              169296.29     38.95     14.29      2.50     0.00      0.0
      2985 upload                  169349.53     34.47     20.69      2.50     0.00      0.0
      2986 gather_rows             169404.69     24.65     20.66      2.30     0.00      0.2
      2987 gemm(gemv)              169450.00     27.24     14.09      3.30     0.59     21.7
      2988 gemm(gemv)              169491.33     29.56      0.33      3.80     0.59     20.0
      2989 silu_mul                169521.22     21.08      7.56      1.60     0.00      0.0
      2990 gemm(gemv)              169549.86     24.82     16.59      2.50     0.86     34.7
      2991 scatter_axpy            169591.27     23.29     10.52      3.00     0.00      0.2
      2992 upload_i32              169625.08     32.40     16.88      3.00     0.00      0.0
      2993 upload                  169674.36     44.10     20.00      3.00     0.00      0.0
      2994 gather_rows             169738.46     21.53     29.90      2.10     0.00      0.2
      2995 gemm(gemv)              169789.89     26.85     15.18      2.90     0.59     22.0
      2996 gemm(gemv)              169831.92     26.58     16.36      2.40     0.59     22.2
      2997 silu_mul                169874.86     25.76     13.98      2.10     0.00      0.0
      2998 gemm(gemv)              169914.60     27.96     15.99      2.90     0.86     30.8
      2999 scatter_axpy            169958.55     29.08      7.51      2.20     0.00      0.1
      3000 upload_i32              169995.14     37.99     13.35      2.30     0.00      0.0
      3001 upload                  170046.48     34.19     20.12      2.30     0.00      0.0
      3002 gather_rows             170100.79     23.85     19.59      2.80     0.00      0.2
      3003 gemm(gemv)              170144.23     27.08     14.59      2.80     0.59     21.8
      3004 gemm(gemv)              170185.90     27.92     13.48      2.80     0.59     21.1
      3005 silu_mul                170227.30     31.72     17.77      1.80     0.00      0.0
      3006 gemm(gemv)              170276.79     77.42     25.07      2.70     0.86     11.1
      3007 scatter_axpy            170379.28      0.36     10.60      2.80     0.00     11.4
      3008 gemm(gemv)              170390.24     49.52     12.72      2.40     0.59     11.9
      3009 gemm(gemv)              170452.48     29.63     15.60      1.90     0.59     19.9
      3010 silu_mul                170497.71     57.60     11.55      1.80     0.00      0.0
      3011 gemm(gemv)              170566.86      0.44     68.52      2.70     0.86   1954.9
      3012 add_inplace             170635.82      0.36     57.00      2.60     0.00      0.0
      3013 add_inplace             170693.18      0.36     53.92      2.20     0.00      0.0
      3014 rmsnorm                 170747.46      0.36     59.32      3.60     0.00      0.0
      3015 gemm(gemv)              170807.14    448.84      1.42      2.80     9.44     21.0
      3016 gemm(gemv)              171257.40      0.36      5.84      2.40     1.18   3276.8
      3017 gemm(gemv)              171263.60      0.36     20.08      2.30     1.72   4778.7
      3018 qk_norm                 171284.04      0.36      5.56      3.80     0.00      0.0
      3019 rope                    171289.96      0.36     10.88      3.20     0.00      0.0
      3020 kv_append               171301.20      0.36     10.76      3.00     0.00      0.0
      3021 attention               171312.32    211.64    112.64      7.80     0.00      0.0
      3022 gemm(gemv)              171636.60      0.48     10.08      2.60     0.07    153.6
      3023 softplus_act            171647.16     49.48      0.00      2.00     0.00      0.0
      3024 mul_head_bcast          171696.64      0.36      9.76      2.20     0.00      0.0
      3025 gemm(gemv)              171706.76    529.90     14.90      2.20     9.44     17.8
      3026 add_inplace             172251.56      1.76      2.52      2.40     0.00      0.0
      3027 rmsnorm                 172255.84      0.36     13.28      1.90     0.00      0.0
      3028 fill0                   172269.48      0.36      6.24      2.20     0.00      0.0
      3029 gemm(gemv)              172276.08      0.00     11.80      3.10     1.05      0.0
      3030 download_f32            172287.88     84.68    136.30    137.60     0.00      0.0
      3031 upload_i32              172508.86     78.72     31.52      5.40     0.00      0.0
      3032 upload                  172619.10     28.28      4.28      2.60     0.00      0.0
      3033 gather_rows             172651.66     66.88      8.32     37.70     0.00      0.1
      3034 gemm(gemv)              172726.86      0.00     16.44      4.10     0.59      0.0
      3035 gemm(gemv)              172743.30      0.36     51.56      3.30     0.59   1638.4
      3036 silu_mul                172795.22     45.56     10.16      3.10     0.00      0.0
      3037 gemm(gemv)              172850.94     12.12     19.64      2.60     0.86     71.0
      3038 scatter_axpy            172882.70      0.36     65.92      2.50     0.00     11.4
      3039 upload_i32              172948.98     57.20      1.62      2.70     0.00      0.0
      3040 upload                  173007.80     37.62      4.28      2.80     0.00      0.0
      3041 gather_rows             173049.70      0.36     54.52      1.90     0.00     11.4
      3042 gemm(gemv)              173104.58     49.64      6.12      4.20     0.59     11.9
      3043 gemm(gemv)              173160.34      0.48     10.64      2.00     0.59   1228.8
      3044 silu_mul                173171.46     24.12     12.64      2.50     0.00      0.0
      3045 gemm(gemv)              173208.22     28.36     12.72      2.60     0.86     30.3
      3046 scatter_axpy            173249.30     66.88     25.90      2.60     0.00      0.1
      3047 upload_i32              173342.08     26.80      2.56      2.90     0.00      0.0
      3048 upload                  173371.44     51.44     17.52      2.80     0.00      0.0
      3049 gather_rows             173440.40      0.00     22.88      2.50     0.00      0.0
      3050 gemm(gemv)              173463.28      0.32     69.84      2.50     0.59   1843.2
      3051 gemm(gemv)              173533.44     49.32      0.00      2.60     0.59     12.0
      3052 silu_mul                173582.76      0.48     11.04      2.40     0.00      0.0
      3053 gemm(gemv)              173594.28      0.36     53.64      2.70     0.86   2389.3
      3054 scatter_axpy            173648.28     44.88      9.48      2.40     0.00      0.1
      3055 upload_i32              173702.64     46.40     18.08      3.10     0.00      0.0
      3056 upload                  173767.12     62.16     18.36      3.20     0.00      0.0
      3057 gather_rows             173847.64      2.28     16.32      2.50     0.00      1.8
      3058 gemm(gemv)              173866.24      0.36     54.04      4.30     0.59   1638.4
      3059 gemm(gemv)              173920.64     53.28      8.60      2.60     0.59     11.1
      3060 silu_mul                173982.52      0.44     11.52      2.00     0.00      0.0
      3061 gemm(gemv)              173994.48      0.36     49.28      2.30     0.86   2389.3
      3062 scatter_axpy            174044.12     94.04     29.12      2.40     0.00      0.0
      3063 upload_i32              174167.28     62.92     25.08      2.50     0.00      0.0
      3064 upload                  174255.28      0.00     15.00      2.40     0.00      0.0
      3065 gather_rows             174270.28      0.36     51.52      1.90     0.00     11.4
      3066 gemm(gemv)              174322.16     63.08     51.64      4.00     0.59      9.4
      3067 gemm(gemv)              174436.88      0.36    120.88      2.10     0.59   1638.4
      3068 silu_mul                174558.12     43.00      9.08      1.90     0.00      0.0
      3069 gemm(gemv)              174610.20      0.00     14.00      2.40     0.86      0.0
      3070 scatter_axpy            174624.20      0.36     49.08      2.60     0.00     11.4
      3071 upload_i32              174673.64     55.88      5.66      2.50     0.00      0.0
      3072 upload                  174735.18     32.10      5.72      3.30     0.00      0.0
      3073 gather_rows             174773.00      0.36     68.36      2.20     0.00     11.4
      3074 gemm(gemv)              174841.72     51.12      0.00      3.80     0.59     11.5
      3075 gemm(gemv)              174892.84      7.76     42.72      3.10     0.59     76.0
      3076 silu_mul                174943.32      0.40     65.44      2.00     0.00      0.0
      3077 gemm(gemv)              175009.16     51.92     14.16      2.00     0.86     16.6
      3078 scatter_axpy            175075.24     20.16      6.00      2.10     0.00      0.2
      3079 upload_i32              175101.40    186.64    147.42      2.50     0.00      0.0
      3080 upload                  175435.46     27.00      4.40      2.70     0.00      0.0
      3081 gather_rows             175466.86     53.36     15.08      2.10     0.00      0.1
      3082 gemm(gemv)              175535.30      7.64      2.72      2.30     0.59     77.2
      3083 gemm(gemv)              175545.66     51.28      0.00      2.50     0.59     11.5
      3084 silu_mul                175596.94      0.48      8.92      2.90     0.00      0.0
      3085 gemm(gemv)              175606.34     51.60      7.62      2.20     0.86     16.7
      3086 scatter_axpy            175665.56      0.36     11.36      2.90     0.00     11.4
      3087 upload_i32              175677.28     38.40      6.32      3.10     0.00      0.0
      3088 upload                  175722.00     32.08     15.28      3.30     0.00      0.0
      3089 gather_rows             175769.36      0.32     50.04      2.20     0.00     12.8
      3090 gemm(gemv)              175819.72     49.32      3.24      3.30     0.59     12.0
      3091 gemm(gemv)              175872.28      8.04      1.32      3.30     0.59     73.4
      3092 silu_mul                175881.64     19.20     11.92      2.40     0.00      0.0
      3093 gemm(gemv)              175912.76     24.00     13.72     25.30     0.86     35.8
      3094 scatter_axpy            175950.48     45.48      8.28      2.70     0.00      0.1
      3095 gemm(gemv)              176004.24     88.28      3.56      2.70     0.59      6.7
      3096 gemm(gemv)              176096.08      8.74     14.84      2.10     0.59     67.5
      3097 silu_mul                176119.66      0.32     55.20      2.40     0.00      0.0
      3098 gemm(gemv)              176175.18     52.64      0.98      2.10     0.86     16.3
      3099 add_inplace             176228.80      0.36     10.16      3.00     0.00      0.0
      3100 add_inplace             176239.32      0.48     28.04      1.90     0.00      0.0
      3101 rmsnorm                 176267.84      9.68     40.56      3.10     0.00      0.0
      3102 gemm(gemv)              176318.08     34.28      1.40      2.60     7.08    206.5
      3103 gemm(gemv)              176353.76     22.24      9.60      2.90     1.18     53.0
      3104 gemm(gemv)              176385.60     56.36     13.06      2.70     1.72     30.5
      3105 qk_norm                 176455.02      0.36      9.08      4.30     0.00      0.0
      3106 rope                    176464.46     51.84      7.30      3.50     0.00      0.0
      3107 kv_append               176523.60      0.36     10.16      2.30     0.00      0.0
      3108 attention               176534.12     77.28     14.94     15.70     0.00      0.0
      3109 gemm(gemv)              176626.34      1.32      2.84      3.80     0.06     41.9
      3110 softplus_act            176630.50     17.76      4.44      2.30     0.00      0.0
      3111 mul_head_bcast          176652.70     62.56     16.86      2.30     0.00      0.0
      3112 gemm(gemv)              176732.12    380.54      3.60      2.10     7.08     18.6
      3113 add_inplace             177116.26      1.80      2.48      1.90     0.00      0.0
      3114 rmsnorm                 177120.54      0.36     13.60      3.10     0.00      0.0
      3115 fill0                   177134.50      0.36      5.36      2.20     0.00      0.0
      3116 gemm(gemv)              177140.22      0.00     12.00      2.30     1.05      0.0
      3117 download_f32            177152.22     71.44     98.90     98.40     0.00      0.0
      3118 upload_i32              177322.56     19.44      4.24      5.70     0.00      0.0
      3119 upload                  177346.24     32.08     17.60      2.30     0.00      0.0
      3120 gather_rows             177395.92     43.28     15.08      4.90     0.00      0.1
      3121 gemm(gemv)              177454.28      0.36     12.12      3.50     0.59   1638.4
      3122 gemm(gemv)              177466.76     47.88      9.80      2.40     0.59     12.3
      3123 silu_mul                177524.44      0.44      9.08      2.80     0.00      0.0
      3124 gemm(gemv)              177533.96     48.80      0.00      2.90     0.86     17.6
      3125 scatter_axpy            177582.76      0.36     10.80      2.60     0.00     11.4
      3126 upload_i32              177593.92     32.80      9.60      2.50     0.00      0.0
      3127 upload                  177636.32     15.36     41.40      2.20     0.00      0.0
      3128 gather_rows             177693.08     49.68     10.78      2.50     0.00      0.1
      3129 gemm(gemv)              177753.54      0.00     13.20      2.90     0.59      0.0
      3130 gemm(gemv)              177766.74      8.16     45.12      2.20     0.59     72.3
      3131 silu_mul                177820.02      0.00     17.80      2.10     0.00      0.0
      3132 gemm(gemv)              177837.82      9.52     48.32      2.30     0.86     90.4
      3133 scatter_axpy            177895.66     14.08      4.52      2.00     0.00      0.3
      3134 upload_i32              177914.26     56.68     12.68      2.50     0.00      0.0
      3135 upload                  177983.62     25.60      4.28      1.90     0.00      0.0
      3136 gather_rows             178013.50     19.00     18.20      2.00     0.00      0.2
      3137 gemm(gemv)              178050.70     46.48     11.52      2.70     0.59     12.7
      3138 gemm(gemv)              178108.70      0.36      9.12      2.60     0.59   1638.4
      3139 silu_mul                178118.18     47.76     15.44      2.40     0.00      0.0
      3140 gemm(gemv)              178181.38      0.00     14.56      2.70     0.86      0.0
      3141 scatter_axpy            178195.94      0.36     57.92      2.50     0.00     11.4
      3142 upload_i32              178254.22     59.80     15.52      2.10     0.00      0.0
      3143 upload                  178329.54     92.84     55.48      1.90     0.00      0.0
      3144 gather_rows             178477.86    354.24      8.58      2.00     0.00      0.0
      3145 gemm(gemv)              178840.68     65.24     12.24      2.70     0.59      9.0
      3146 gemm(gemv)              178918.16      1.20     19.68      2.50     0.59    491.5
      3147 silu_mul                178939.04      0.36     65.16      1.90     0.00      0.0
      3148 gemm(gemv)              179004.56     51.00     12.36      2.70     0.86     16.9
      3149 scatter_axpy            179067.92      0.00     15.56      2.00     0.00      0.0
      3150 warm_read               179083.48      4.24     58.88    160.60     0.00      0.0
      3151 warm_read               179146.60     47.44     16.32    131.20     0.00      0.0
      3152 warm_read               179210.36     49.28      5.64    231.90     0.00      0.0
      3153 upload_paged            179265.28      4.72     94.40    749.80     2.04    432.2
      3154 upload_i32              179364.40     56.00     16.00      7.30     0.00      0.0
      3155 upload                  179436.40     58.08     11.08      3.50     0.00      0.0
      3156 gather_rows             179505.56     62.88     17.92      5.40     0.00      0.1
      3157 gemm(gemv)              179586.36     44.00      3.96      4.20     0.59     13.4
      3158 gemm(gemv)              179634.32     50.00      7.08      2.80     0.59     11.8
      3159 silu_mul                179691.40     42.12      1.40      2.80     0.00      0.0
      3160 gemm(gemv)              179734.92     49.60      9.60      2.50     0.86     17.3
      3161 scatter_axpy            179794.12      0.48     22.48      2.60     0.00      8.5
      3162 upload_i32              179817.08      2.72     54.88      3.60     0.00      0.0
      3163 upload                  179874.68     39.28     49.72      2.50     0.00      0.0
      3164 gather_rows             179963.68      0.36     50.08      2.50     0.00     11.4
      3165 gemm(gemv)              180014.12      0.48     56.56      3.90     0.59   1228.8
      3166 gemm(gemv)              180071.16      0.36     58.96      3.00     0.59   1638.4
      3167 silu_mul                180130.48     51.84     15.60      2.10     0.00      0.0
      3168 gemm(gemv)              180197.92      8.44     18.12      2.60     0.86    101.9
      3169 scatter_axpy            180224.48      0.36     71.84      3.20     0.00     11.4
      3170 upload_i32              180296.68     59.64      0.00      2.80     0.00      0.0
      3171 upload                  180356.32     48.84     25.48      2.40     0.00      0.0
      3172 gather_rows             180430.64      0.48     16.88      3.10     0.00      8.5
      3173 gemm(gemv)              180448.00      0.36     52.04      3.20     0.59   1638.4
      3174 gemm(gemv)              180500.40     63.00      5.88      3.60     0.59      9.4
      3175 silu_mul                180569.28      0.48     56.52      2.90     0.00      0.0
      3176 gemm(gemv)              180626.28      0.36     49.64      2.80     0.86   2389.3
      3177 scatter_axpy            180676.28     46.64      8.76      2.00     0.00      0.1
      3178 upload_i32              180731.68     44.44     18.92      2.60     0.00      0.0
      3179 upload                  180795.04     19.28     20.28      2.40     0.00      0.0
      3180 gather_rows             180834.60     44.40     17.60      2.40     0.00      0.1
      3181 gemm(gemv)              180896.60      7.52     14.56      3.90     0.59     78.4
      3182 gemm(gemv)              180918.68      0.36     67.04      2.80     0.59   1638.4
      3183 silu_mul                180986.08     49.12      0.20      2.00     0.00      0.0
      3184 gemm(gemv)              181035.40     10.02     18.96      2.90     0.86     85.8
      3185 scatter_axpy            181064.38      0.36     71.44      3.10     0.00     11.4
      3186 gemm(gemv)              181136.18     51.12      0.00      2.60     0.59     11.5
      3187 gemm(gemv)              181187.30      6.64     13.84      2.50     0.59     88.8
      3188 silu_mul                181207.78     43.28     58.08      3.00     0.00      0.0
      3189 gemm(gemv)              181309.14      0.44     17.80      3.20     0.86   1954.9
      3190 add_inplace             181327.38      0.36     49.92      2.90     0.00      0.0
      3191 add_inplace             181377.66     49.00      2.02      2.50     0.00      0.0
      3192 rmsnorm                 181428.68      0.44     17.40      3.40     0.00      0.0
      3193 gemm(gemv)              181446.52     30.92     43.56      3.40     9.44    305.2
      3194 gemm(gemv)              181521.00      0.48     13.72      3.10     1.18   2457.6
      3195 gemm(gemv)              181535.20    145.96     96.88      3.10     1.72     11.8
      3196 qk_norm                 181778.04      0.32     26.20      4.40     0.00      0.0
      3197 rope                    181804.56      0.36     49.76      4.10     0.00      0.0
      3198 kv_append               181854.68     44.04     10.04      2.70     0.00      0.0
      3199 attention               181908.76     27.08      3.80      7.50     0.00      0.0
      3200 gemm(gemv)              181939.64     52.92     13.28      2.90     0.07      1.4
      3201 softplus_act            182005.84      0.00     22.20      2.00     0.00      0.0
      3202 mul_head_bcast          182028.04      0.44     80.88      2.10     0.00      0.0
      3203 gemm(gemv)              182109.36      0.44     70.60      2.80     9.44  21448.1
      3204 add_inplace             182180.40     26.44      0.00      2.20     0.00      0.0
      3205 rmsnorm                 182206.84    182.92     47.56      2.80     0.00      0.0
      3206 fill0                   182437.32      0.00     19.00      2.30     0.00      0.0
      3207 gemm(gemv)              182456.32      0.80     69.90      2.90     1.05   1310.7
      3208 download_f32            182527.02     68.84     94.70     94.10     0.00      0.0
      3209 upload_i32              182690.56     44.24     15.00      6.00     0.00      0.0
      3210 upload                  182749.80     19.36      4.64      2.60     0.00      0.0
      3211 gather_rows             182773.80      0.36     48.68     49.20     0.00     11.4
      3212 gemm(gemv)              182822.84     53.08      0.00      4.60     0.59     11.1
      3213 gemm(gemv)              182875.92      7.92      1.32      3.00     0.59     74.5
      3214 silu_mul                182885.16     42.88     12.16      4.90     0.00      0.0
      3215 gemm(gemv)              182940.20      0.56     16.40      3.20     0.86   1536.0
      3216 scatter_axpy            182957.16      0.36     50.44      3.30     0.00     11.4
      3217 upload_i32              183007.96     54.64     10.24      2.80     0.00      0.0
      3218 upload                  183072.84     40.72      4.24      2.30     0.00      0.0
      3219 gather_rows             183117.80     44.28     17.64      2.20     0.00      0.1
      3220 gemm(gemv)              183179.72      0.00     14.00      2.60     0.59      0.0
      3221 gemm(gemv)              183193.72      0.36     52.44      3.30     0.59   1638.4
      3222 silu_mul                183246.52     46.68      4.40      1.90     0.00      0.0
      3223 gemm(gemv)              183297.60     12.84      3.60      2.90     0.86     67.0
      3224 scatter_axpy            183314.04     48.24     12.68      2.80     0.00      0.1
      3225 upload_i32              183374.96     37.84      2.52      2.80     0.00      0.0
      3226 upload                  183415.32      0.00     74.76      3.60     0.00      0.0
      3227 gather_rows             183490.08      0.36     50.92      2.60     0.00     11.4
      3228 gemm(gemv)              183541.36     50.92      7.82      3.00     0.59     11.6
      3229 gemm(gemv)              183600.10      3.56     13.12      2.50     0.59    165.7
      3230 silu_mul                183616.78      0.36     55.08      2.00     0.00      0.0
      3231 gemm(gemv)              183672.22     54.68      6.66      2.50     0.86     15.7
      3232 scatter_axpy            183733.56      6.88      4.20      2.30     0.00      0.6
      3233 upload_i32              183744.64     31.08     15.36      2.50     0.00      0.0
      3234 upload                  183791.08      4.92     56.12      2.50     0.00      0.0
      3235 gather_rows             183852.12      0.36     49.88      2.70     0.00     11.4
      3236 gemm(gemv)              183902.36     48.72      1.82      3.80     0.59     12.1
      3237 gemm(gemv)              183952.90     11.42     15.36      3.10     0.59     51.6
      3238 silu_mul                183979.68      0.36     67.48      2.70     0.00      0.0
      3239 gemm(gemv)              184047.52     51.00      0.00      2.30     0.86     16.9
      3240 scatter_axpy            184098.52      0.36     10.44      2.60     0.00     11.4
      3241 upload_i32              184109.32     60.64     19.60      2.80     0.00      0.0
      3242 upload                  184189.56     26.02      4.24      2.70     0.00      0.0
      3243 gather_rows             184219.82      0.36     48.80      1.90     0.00     11.4
      3244 gemm(gemv)              184268.98     48.68      8.04      2.40     0.59     12.1
      3245 gemm(gemv)              184325.70      0.44     21.28      2.50     0.59   1340.5
      3246 silu_mul                184347.42      0.36     46.20      2.30     0.00      0.0
      3247 gemm(gemv)              184393.98      0.44     27.20      2.80     0.86   1954.9
      3248 scatter_axpy            184421.62      0.36     49.84      2.40     0.00     11.4
      3249 upload_i32              184471.82     53.76      4.00      2.10     0.00      0.0
      3250 upload                  184529.58     32.60      4.20      2.50     0.00      0.0
      3251 gather_rows             184566.38      0.36     48.92      2.20     0.00     11.4
      3252 gemm(gemv)              184615.66     45.32      2.48      3.70     0.59     13.0
      3253 gemm(gemv)              184663.46      0.48     19.16      2.90     0.59   1228.8
      3254 silu_mul                184683.10      0.36     45.84      1.90     0.00      0.0
      3255 gemm(gemv)              184729.30     46.40      4.16      2.30     0.86     18.5
      3256 scatter_axpy            184779.86      0.00     15.48      2.30     0.00      0.0
      3257 upload_i32              184795.34     15.44     42.36      3.20     0.00      0.0
      3258 upload                  184853.14     54.56     10.50      2.50     0.00      0.0
      3259 gather_rows             184918.20      0.44     16.12      2.70     0.00      9.3
      3260 gemm(gemv)              184934.76     20.16     15.44      2.80     0.59     29.3
      3261 gemm(gemv)              184970.36     47.00     12.76      2.50     0.59     12.5
      3262 silu_mul                185030.12      0.44      9.00      2.60     0.00      0.0
      3263 gemm(gemv)              185039.56     49.08      8.98      2.40     0.86     17.5
      3264 scatter_axpy            185097.62      0.36     10.68      1.80     0.00     11.4
      3265 upload_i32              185108.66     54.76     10.28      2.70     0.00      0.0
      3266 upload                  185173.70     25.76      4.28      2.00     0.00      0.0
      3267 gather_rows             185203.74     20.16     15.08      1.80     0.00      0.2
      3268 gemm(gemv)              185238.98     49.40     11.92      3.10     0.59     11.9
      3269 gemm(gemv)              185300.30      0.36      8.80      2.50     0.59   1638.4
      3270 silu_mul                185309.46     45.28     15.28      2.60     0.00      0.0
      3271 gemm(gemv)              185370.02     54.72      0.92      2.20     0.86     15.7
      3272 scatter_axpy            185425.66      0.36     10.56      2.20     0.00     11.4
      3273 gemm(gemv)              185436.58     53.32     15.56      2.70     0.59     11.1
      3274 gemm(gemv)              185505.46      7.96      1.36      2.70     0.59     74.1
      3275 silu_mul                185514.78     61.44     13.00      2.60     0.00      0.0
      3276 gemm(gemv)              185589.22     10.16      3.60      2.30     0.86     84.7
      3277 add_inplace             185602.98     61.32     11.86      2.40     0.00      0.0
      3278 add_inplace             185676.16      6.40      3.60      2.70     0.00      0.0
      3279 rmsnorm                 185686.16     52.70      9.58      2.40     0.00      0.0
      3280 gemm(gemv)              185748.44     30.84     47.12      2.70     9.44    306.0
      3281 gemm(gemv)              185826.40     12.36      2.56      3.20     1.18     95.4
      3282 gemm(gemv)              185841.32     51.44      5.52      2.30     1.72     33.4
      3283 qk_norm                 185898.28      0.36     11.80      4.00     0.00      0.0
      3284 rope                    185910.44     53.04     12.10      4.30     0.00      0.0
      3285 kv_append               185975.58      0.36     10.20      3.20     0.00      0.0
      3286 attention               185986.14     76.08     14.90      7.40     0.00      0.0
      3287 gemm(gemv)              186077.12      9.48      1.44      2.30     0.07      7.8
      3288 softplus_act            186088.04     46.36      7.00      2.20     0.00      0.0
      3289 mul_head_bcast          186141.40      0.36     10.04      2.40     0.00      0.0
      3290 gemm(gemv)              186151.80     85.76     19.14      2.20     9.44    110.0
      3291 add_inplace             186256.70      0.36      8.28      2.30     0.00      0.0
      3292 rmsnorm                 186265.34      0.30     12.40      2.30     0.00      0.0
      3293 fill0                   186278.04      0.36     56.88      3.10     0.00      0.0
      3294 gemm(gemv)              186335.28     58.06      9.80      2.40     1.05     18.1
      3295 download_f32            186403.14     71.12     91.80     91.70     0.00      0.0
      3296 upload_i32              186566.06     19.88      4.24      4.70     0.00      0.0
      3297 upload                  186590.18     15.34     16.52      3.20     0.00      0.0
      3298 gather_rows             186622.04      0.36     48.52      5.00     0.00     11.4
      3299 gemm(gemv)              186670.92     54.08      8.92      5.30     0.59     10.9
      3300 gemm(gemv)              186733.92      8.28      1.32      2.90     0.59     71.2
      3301 silu_mul                186743.52     49.80     10.02      2.90     0.00      0.0
      3302 gemm(gemv)              186803.34      0.56     19.16      3.00     0.86   1536.0
      3303 scatter_axpy            186823.06      0.36     51.36      2.30     0.00     11.4
      3304 upload_i32              186874.78     56.32      5.36      2.90     0.00      0.0
      3305 upload                  186936.46     43.28      4.20      4.00     0.00      0.0
      3306 gather_rows             186983.94      0.36     66.00      2.10     0.00     11.4
      3307 gemm(gemv)              187050.30     54.88      0.34      3.70     0.59     10.7
      3308 gemm(gemv)              187105.52     12.80      1.44      2.40     0.59     46.1
      3309 silu_mul                187119.76     51.80     15.68      1.70     0.00      0.0
      3310 gemm(gemv)              187187.24     48.72     19.04      2.90     0.86     17.7
      3311 scatter_axpy            187255.00      0.36     10.72      2.50     0.00     11.4
      3312 upload_i32              187266.08     69.34     46.92      2.50     0.00      0.0
      3313 upload                  187382.34      0.00    100.60      2.10     0.00      0.0
      3314 gather_rows             187482.94     13.76     47.04      2.30     0.00      0.3
      3315 gemm(gemv)              187543.74     49.88     14.80      3.40     0.59     11.8
      3316 gemm(gemv)              187608.42     12.70     13.52      3.00     0.59     46.4
      3317 silu_mul                187634.64      0.36     69.20      1.70     0.00      0.0
      3318 gemm(gemv)              187704.20     53.16      0.00      2.30     0.86     16.2
      3319 scatter_axpy            187757.36      2.02     10.92      2.50     0.00      2.0
      3320 upload_i32              187770.30      4.80     57.12      2.90     0.00      0.0
      3321 upload                  187832.22      4.80     53.20      2.10     0.00      0.0
      3322 gather_rows             187890.22      0.36     48.40      2.70     0.00     11.4
      3323 gemm(gemv)              187938.98     54.72      7.52      3.60     0.59     10.8
      3324 gemm(gemv)              188001.22      0.00     12.76      1.90     0.59      0.0
      3325 silu_mul                188013.98      0.36     53.72      1.80     0.00      0.0
      3326 gemm(gemv)              188068.06     55.88      5.02      2.00     0.86     15.4
      3327 scatter_axpy            188128.96      6.52      4.56      2.50     0.00      0.6
      3328 upload_i32              188140.04     51.32     17.24      3.10     0.00      0.0
      3329 upload                  188208.60     28.48      4.20      2.50     0.00      0.0
      3330 gather_rows             188241.28      0.36     66.60      2.10     0.00     11.4
      3331 gemm(gemv)              188308.24     48.28      7.68      3.10     0.59     12.2
      3332 gemm(gemv)              188364.20      0.44     10.68      2.00     0.59   1340.5
      3333 silu_mul                188375.32     45.68      2.96      1.80     0.00      0.0
      3334 gemm(gemv)              188423.96      0.36     14.44      2.10     0.86   2389.3
      3335 scatter_axpy            188438.76     45.04      8.24      3.00     0.00      0.1
      3336 upload_i32              188492.04      8.04     13.12      2.40     0.00      0.0
      3337 upload                  188513.20     32.88     15.24      3.30     0.00      0.0
      3338 gather_rows             188561.32     20.92     14.20      2.00     0.00      0.2
      3339 gemm(gemv)              188596.44    213.64    154.34      3.30     0.59      2.8
      3340 gemm(gemv)              188964.42      0.48     10.68      2.10     0.59   1228.8
      3341 silu_mul                188975.58     61.56      0.00      1.70     0.00      0.0
      3342 gemm(gemv)              189037.14     10.24      3.56      1.90     0.86     84.0
      3343 scatter_axpy            189050.94     62.04      9.74      1.60     0.00      0.1
      3344 upload_i32              189122.72      7.30     14.56      2.30     0.00      0.0
      3345 upload                  189144.58     20.28     69.04      2.70     0.00      0.0
      3346 gather_rows             189233.90     46.12      7.48      2.10     0.00      0.1
      3347 gemm(gemv)              189287.50     19.54     13.24      3.70     0.59     30.2
      3348 gemm(gemv)              189320.28      0.00     59.40      2.50     0.59      0.0
      3349 silu_mul                189379.68    170.68     43.64      2.30     0.00      0.0
      3350 gemm(gemv)              189594.00      0.48     16.80      2.60     0.86   1792.0
      3351 scatter_axpy            189611.28      0.36     48.76      2.20     0.00     11.4
      3352 upload_i32              189660.40     16.68     24.68      3.20     0.00      0.0
      3353 upload                  189701.76     32.16     18.00      2.40     0.00      0.0
      3354 gather_rows             189751.92     22.16     14.44      2.20     0.00      0.2
      3355 gemm(gemv)              189788.52     44.76     13.72      3.30     0.59     13.2
      3356 gemm(gemv)              189847.00      0.36      9.08      1.90     0.59   1638.4
      3357 silu_mul                189856.44     43.44     10.84      2.10     0.00      0.0
      3358 gemm(gemv)              189910.72      1.42     12.84      2.80     0.86    605.7
      3359 scatter_axpy            189924.98      0.36     48.80      2.30     0.00     11.4
      3360 gemm(gemv)              189974.14     54.88      8.84      2.30     0.59     10.7
      3361 gemm(gemv)              190037.86      0.48     10.60      2.80     0.59   1228.8
      3362 silu_mul                190048.94     45.16      3.24      2.70     0.00      0.0
      3363 gemm(gemv)              190097.34     10.08      4.20      2.60     0.86     85.3
      3364 add_inplace             190111.62     41.64     10.84      2.60     0.00      0.0
      3365 add_inplace             190164.10      0.36     10.16      2.50     0.00      0.0
      3366 rmsnorm                 190174.62     22.84     12.64      2.40     0.00      0.0
      3367 gemm(gemv)              190210.10     42.60     11.12      2.50     9.44    221.5
      3368 gemm(gemv)              190263.82      9.36      2.48      2.80     1.18    126.0
      3369 gemm(gemv)              190275.66     25.00     10.80      2.50     1.72     68.8
      3370 qk_norm                 190311.46     23.04      7.96      3.50     0.00      0.0
      3371 rope                    190342.46     48.04     11.52      3.50     0.00      0.0
      3372 kv_append               190402.02      0.36     10.16      3.50     0.00      0.0
      3373 attention               190412.54     33.32     10.52      7.40     0.00      0.0
      3374 gemm(gemv)              190456.38      1.08     15.92      2.40     0.07     68.3
      3375 softplus_act            190473.38      0.36     48.44      2.30     0.00      0.0
      3376 mul_head_bcast          190522.18     48.36      6.80      2.40     0.00      0.0
      3377 gemm(gemv)              190577.34      4.90     32.44      2.30     9.44   1926.0
      3378 add_inplace             190614.68      0.36     56.08      2.10     0.00      0.0
      3379 rmsnorm                 190671.12     51.00      0.00      1.90     0.00      0.0
      3380 fill0                   190722.12      8.40      1.44      2.30     0.00      0.0
      3381 gemm(gemv)              190731.96     63.88     14.48      2.40     1.05     16.4
      3382 download_f32            190810.32     76.88     95.90     96.10     0.00      0.0
      3383 upload_i32              190983.10      0.00     15.00      3.90     0.00      0.0
      3384 upload                  190998.10     16.04     49.20      2.90     0.00      0.0
      3385 gather_rows             191063.34     45.60      0.00      4.70     0.00      0.1
      3386 gemm(gemv)              191108.94      7.92      2.68      3.60     0.59     74.5
      3387 gemm(gemv)              191119.54     49.24     12.36      2.50     0.59     12.0
      3388 silu_mul                191181.14      9.48      1.36      2.90     0.00      0.0
      3389 gemm(gemv)              191191.98     49.92     18.46      2.80     0.86     17.2
      3390 scatter_axpy            191260.36      6.76      4.20      2.90     0.00      0.6
      3391 upload_i32              191271.32     43.40     24.62      2.60     0.00      0.0
      3392 upload                  191339.34     47.52     24.78     45.10     0.00      0.0
      3393 gather_rows             191411.64     21.63     42.04      3.10     0.00      0.2
      3394 gemm(gemv)              191475.31     21.90     18.56      2.60     0.59     26.9
      3395 gemm(gemv)              191515.77     26.61     13.24      2.80     0.59     22.2
      3396 silu_mul                191555.62     21.12     10.44      2.40     0.00      0.0
      3397 gemm(gemv)              191587.18     23.56     17.15      2.20     0.86     36.5
      3398 scatter_axpy            191627.89     23.74      8.88      2.10     0.00      0.2
      3399 upload_i32              191660.51     32.70     14.05      3.00     0.00      0.0
      3400 upload                  191707.26     30.15     18.75      2.00     0.00      0.0
      3401 gather_rows             191756.16     23.01     18.43      2.30     0.00      0.2
      3402 gemm(gemv)              191797.60     28.34      1.14      2.50     0.59     20.8
      3403 gemm(gemv)              191827.08     22.00      7.52      2.30     0.59     26.8
      3404 silu_mul                191856.60     21.88     14.99      2.10     0.00      0.0
      3405 gemm(gemv)              191893.47     28.87     12.45      1.90     0.86     29.8
      3406 scatter_axpy            191934.79     21.87      6.28      2.60     0.00      0.2
      3407 upload_i32              191962.94     30.00     15.23      2.30     0.00      0.0
      3408 upload                  192008.17     29.65     18.16      2.70     0.00      0.0
      3409 gather_rows             192055.98     24.70     18.49      2.60     0.00      0.2
      3410 gemm(gemv)              192099.17     44.59     20.17      2.30     0.59     13.2
      3411 gemm(gemv)              192163.93     21.71      8.76      2.70     0.59     27.2
      3412 silu_mul                192194.40     23.59     13.24      2.20     0.00      0.0
      3413 gemm(gemv)              192231.23     27.90     12.90      2.10     0.86     30.8
      3414 scatter_axpy            192272.03     22.08      6.48      1.80     0.00      0.2
      3415 upload_i32              192300.59     30.38     14.43      2.40     0.00      0.0
      3416 upload                  192345.40     28.51     19.35      2.00     0.00      0.0
      3417 gather_rows             192393.26     24.12     19.03      2.10     0.00      0.2
      3418 gemm(gemv)              192436.41     28.00      0.93      2.90     0.59     21.1
      3419 gemm(gemv)              192465.34     20.91      8.88      3.00     0.59     28.2
      3420 silu_mul                192495.13     43.12     14.73      2.00     0.00      0.0
      3421 gemm(gemv)              192552.98      0.36     13.52      2.40     0.86   2389.3
      3422 scatter_axpy            192566.86     27.17      7.78      2.50     0.00      0.2
      3423 upload_i32              192601.81     32.31     12.43      2.70     0.00      0.0
      3424 upload                  192646.55     32.47     18.19      3.20     0.00      0.0
      3425 gather_rows             192697.21     30.12     14.76      2.20     0.00      0.1
      3426 gemm(gemv)              192742.09     27.43     11.65      2.70     0.59     21.5
      3427 gemm(gemv)              192781.17     44.48     20.27      2.30     0.59     13.3
      3428 silu_mul                192845.92     15.35     27.87      2.00     0.00      0.0
      3429 gemm(gemv)              192889.14     21.93     48.46      2.80     0.86     39.2
      3430 scatter_axpy            192959.53     25.50     13.71      2.20     0.00      0.2
      3431 upload_i32              192998.74     38.38     13.60      2.50     0.00      0.0
      3432 upload                  193050.72     15.98     17.24      2.80     0.00      0.0
      3433 gather_rows             193083.94     19.51     23.79      2.60     0.00      0.2
      3434 gemm(gemv)              193127.24     25.27     16.00      2.90     0.59     23.3
      3435 gemm(gemv)              193168.51     20.36     11.53      2.80     0.59     29.0
      3436 silu_mul                193200.40     25.96     15.83      1.80     0.00      0.0
      3437 gemm(gemv)              193242.19     29.10     10.85      2.50     0.86     29.6
      3438 scatter_axpy            193282.14     20.79      7.48      2.40     0.00      0.2
      3439 upload_i32              193310.41     55.49     24.63      2.40     0.00      0.0
      3440 upload                  193390.53     35.06     18.77      2.40     0.00      0.0
      3441 gather_rows             193444.36     19.40     21.52      1.70     0.00      0.2
      3442 gemm(gemv)              193485.28     24.53     15.82      3.30     0.59     24.0
      3443 gemm(gemv)              193525.63     47.69      9.71      2.20     0.59     12.4
      3444 silu_mul                193583.03      0.44     29.34      1.60     0.00      0.0
      3445 gemm(gemv)              193612.81     22.14     20.14      2.10     0.86     38.9
      3446 scatter_axpy            193655.09     26.24      0.75      3.40     0.00      0.2
      3447 gemm(gemv)              193682.08     28.93     13.66      2.00     0.59     20.4
      3448 gemm(gemv)              193724.67     46.97     20.67      2.00     0.59     12.6
      3449 silu_mul                193792.31     19.44     10.56      2.30     0.00      0.0
      3450 gemm(gemv)              193822.31     23.74     18.03      2.30     0.86     36.2
      3451 add_inplace             193864.08     26.47      0.46      3.20     0.00      0.0
      3452 add_inplace             193891.01     26.03     12.03      2.20     0.00      0.0
      3453 rmsnorm                 193929.07     29.34     13.02      3.60     0.00      0.0
      3454 gemm(gemv)              193971.43   7385.39      6.72      2.50   168.59     22.8
      3455 logits_topk             201363.54     38.60    114.80     16.80     0.00      0.0
      3456 download                201516.94    530.20     92.80     91.50     0.00      0.0
           rolled up                  n    dev us   idle us   host us
           gemm(gemv)              1234  42202.46  27991.29   4513.10
           upload_i32               312  13340.11   6655.11   1191.40
           upload                   312  10562.96   9140.20   1124.20
           silu_mul                 352   8944.05   9451.56   1288.20
           gather_rows              312   6599.85  11102.55   1716.40
           scatter_axpy             312   6384.41   7530.54   1113.80
           upload_paged              21   4748.37   2612.62  15133.90
           warm_read                 60   2844.15   1155.69  11510.80
           download_f32              39   2748.77   3718.90   3705.30
           rmsnorm                   81   2375.00   1816.91    324.40
           add_inplace              119   2002.51   2415.19    868.60
           attention                 40   1852.38   1074.87    310.20
           gemm_group                21   1120.72    296.24    259.90
           fill0                     39   1035.69    773.92    102.10
           softplus_act              40   1002.44    927.34    180.40
           rope                      40    963.52    985.15    187.40
           kv_append                 40    782.26    837.26    190.30
           mul_head_bcast            40    673.52   1182.84     99.30
           qk_norm                   40    655.91    658.68    158.70
           download                   1    530.20     92.80     91.50
           logits_topk                1     38.60    114.80     16.80
           embed                      1      0.48    197.12    157.60
     component           ops   %dev      dev us     idle us     host us
     projections        1255  38.9%    43323.18    28287.53     4773.00
     transfer            685  28.7%    31930.41    22219.63    21246.30
     other               763  15.7%    17537.62    21745.54    14542.40
     ffn-activate        352   8.0%     8944.05     9451.56     1288.20
     attention           160   3.8%     4254.07     3555.96      846.60
     norms                81   2.1%     2375.00     1816.91      324.40
     residual            119   1.8%     2002.51     2415.19      868.60
     recurrent            40   0.9%     1002.44      927.34      180.40
     head+sample           1   0.0%       38.60      114.80       16.80
     embed                 1   0.0%        0.48      197.12      157.60
   instrumentation floor, 256 empty ops timed through the same begin/end path: 0.63 us host, 19.63 us device each.
   Every row pays that, so dev and idle are upper bounds and a row sitting on the floor is the recorder, not the kernel. The host column carries the same ~0.63 us on each of the 3457 ops (2169 us of 44244 us submitted).
   Order, counts and GB/s are exact; use KRK_TIME=<op> or a --bench wall delta for an undistorted device time.

== KRK_TIME per-op device time (124870 ops)
op                            calls     dev ms   idle ms   host ms        MB     GB/s  TFLOP/s
upload_paged                   4599    1432.19    945.70   2500.15   8751.73      6.1     0.00
gemm(gemv)                    33366    1047.61    877.63    116.05  37428.65     35.7     0.11
upload                        11124     839.96    751.49    464.04      0.00      0.0     0.00
warm_read                     13770     607.64    374.56   2194.79      0.00      0.0     0.00
upload_i32                    10602     491.18    253.41     51.97      0.00      0.0     0.00
silu_mul                      11562     297.23    304.57     39.92      0.00      0.0     0.00
scatter_axpy                  10602     295.29    326.05     31.97     67.73      0.2     0.00
gather_rows                   10602     234.70    437.83     42.90     67.73      0.3     0.00
gemm(wmma)                     5654     223.23    147.08     24.77   4315.24     19.3     0.65
download_f32                    936      69.25     89.71     91.29      0.00      0.0     0.00
add_inplace                    2856      53.31     58.17      9.24      0.00      0.0     0.00
rmsnorm                        1944      43.95     53.97      7.40      0.00      0.0     0.00
attention                       960      34.00     27.47      9.99      0.00      0.0     0.00
rope                            960      27.93     21.71      6.31      0.00      0.0     0.00
gemm_group                      483      26.62      8.66      2.04      0.00      0.0     0.00
fill0                           938      25.98     66.76      3.09      0.00      0.0     0.00
softplus_act                    960      21.94     23.43      3.07      0.00      0.0     0.00
qk_norm                         960      18.47     14.65      4.72      0.00      0.0     0.00
kv_append                       960      16.51     23.43      3.83      0.00      0.0     0.00
mul_head_bcast                  960      16.10     26.11      3.08      0.00      0.0     0.00
embed                            24       8.18      1.88      7.81      0.00      0.0     0.00
download                         24       2.00      2.18      2.13      0.00      0.0     0.00
logits_topk                      24       0.79      2.85      0.38      0.00      0.0     0.00
TOTAL                        124870    5834.08   4839.31
device spans are 49.3% of 11832.1 ms wall; 4839.3 ms idle between ops (40.9%); 1158.7 ms neither (not ops)
