[info ] HIP 7.16.26323 | AMD Radeon RX 9070 XT | gfx1201 | 64 CU | 15.9 GiB VRAM
[info ] rope: YaRN over 64 of 128 dims, base 500000, factor 32.0, original context 4096, beta_fast/slow 64/1
[info ] rope pairing: NeoX half-split (channel j with j + 32)
[info ] loaded Laguna XS.2 (laguna): 40 layers, 2048 embd, 64/8 heads, hd=128, ff=8192, vocab=100352
[info ] hybrid attention: 3 of every 4 layers attend fully, the rest within 512 tokens; rope 128/128 dims at base 10000 on the windowed layers
[info ] expert cache: budget 8443.8 MiB + WARM 18102 MiB pageable, 256 experts x top-8, 40 layers, policy LFU+aging (pin at 24 hits, decay every 64); cold reads are read-through
[info ] workspaces ready: chunk=256 ctx=4096 KV=640 MiB (load 866 ms)

[stats ] load      867 ms, 1.16 GiB uploaded of 1.16 GiB weights in 475 ms = 2.4 GB/s
[stats ] prefill   30 tok in 4298.3 ms = 7.0 tok/s
[stats ] decode    24 tok in 5301.9 ms = 4.5 tok/s (220.9 ms/tok)
[stats ] device    15.04 GiB in use of 15.92 GiB (0.88 GiB free)
[stats ] experts   8444 MiB VRAM budget, 4340/4340 slots resident, 0 pinned | WARM 18102 MiB pageable, 4590 held (8329 MiB, 0 MiB prefetched)
[stats ] cache     10602 acquires | HOT hits 6003 (56.6%) | WARM hits 9 (0.1%) | COLD misses 4590 (43.3%)
[stats ] transfer  9 promotions, 18 MiB in 10.5 ms = 1.6 GB/s (1161.2 us/expert) | 259 VRAM evictions kept in WARM, 484 MiB | 8329 MiB read from the file (347.03 MiB/tok)
[stats ] warm      18102 MiB capacity, 46.0% in use | 4590 admissions, 0 evictions, 0 rejects | 259 device evictions, 0 decay events

== KRK_PROFILE timeline — 2 decode steps (the last of 24 recorded)
-- step 2/24: ops 117907..121412
   3506 ops | host wall  210.809 ms | device spans 122.704 ms ( 58.2%) | device idle  93.845 ms ( 44.5%) | outside every op  -5.740 ms ( -2.7%)
         # op                          t+ us    dev us   idle us   host us       MB     GB/s
         0 embed                        0.00      0.44     88.44     13.40     0.00      0.0
         1 rmsnorm                     88.88      0.36     52.84      2.90     0.00      0.0
         2 gemm(gemv)                 142.08     63.32      9.24      3.10     7.08    111.8
         3 gemm(gemv)                 214.64      0.32     12.36      2.70     1.18   3686.4
         4 gemm(gemv)                 227.32     58.72      0.00      3.10     1.72     29.3
         5 qk_norm                    286.04     10.72      1.44      3.70     0.00      0.0
         6 rope                       298.20    157.88     20.52    387.50     0.00      0.0
         7 kv_append                  476.60     51.16      0.00      2.30     0.00      0.0
         8 attention                  527.76     21.84      3.72      8.20     0.00      0.0
         9 gemm(gemv)                 553.32     62.00     12.56      2.20     0.06      0.9
        10 softplus_act               627.88      0.00     15.00      2.90     0.00      0.0
        11 mul_head_bcast             642.88      0.36     45.92      3.00     0.00      0.0
        12 gemm(gemv)                 689.16     64.20      7.92      2.80     7.08    110.2
        13 add_inplace                761.28      0.32      8.92      2.10     0.00      0.0
        14 rmsnorm                    770.52      0.00     17.84      2.10     0.00      0.0
        15 gemm_group                 788.36     57.20     40.80      4.00     0.00      0.0
        16 silu_mul                   886.36      0.36      6.88      2.20     0.00      0.0
        17 gemm(gemv)                 893.60     47.16      3.56      2.70    13.76    291.8
        18 add_inplace                944.32      9.20      1.44      2.20     0.00      0.0
        19 rmsnorm                    954.96     47.40     13.48      2.90     0.00      0.0
        20 gemm(gemv)                1015.84     32.52      1.44      2.80     9.44    290.2
        21 gemm(gemv)                1049.80      0.36     14.60      2.20     1.18   3276.8
        22 gemm(gemv)                1064.76     51.76      8.90      3.20     1.72     33.2
        23 qk_norm                   1125.42      0.32      9.08      3.60     0.00      0.0
        24 rope                      1134.82    127.56     10.74    751.90     0.00      0.0
        25 kv_append                 1273.12      0.36     10.00      2.20     0.00      0.0
        26 attention                 1283.48      0.36     63.36      5.10     0.00      0.0
        27 gemm(gemv)                1347.20      0.44     23.48      2.00     0.07    167.6
        28 softplus_act              1371.12      0.32     53.12      1.90     0.00      0.0
        29 mul_head_bcast            1424.56     46.88      5.30      2.20     0.00      0.0
        30 gemm(gemv)                1476.74     35.76      3.52      2.20     9.44    263.9
        31 add_inplace               1516.02      0.32     21.32      2.30     0.00      0.0
        32 rmsnorm                   1537.66      0.36     53.80      2.10     0.00      0.0
        33 fill0                     1591.82     69.72     18.24      3.20     0.00      0.0
        34 gemm(gemv)                1679.78      0.00     16.88      2.70     1.05      0.0
        35 download_f32              1696.66    131.68    142.10    141.90     0.00      0.0
        36 upload_i32                1970.44      0.00      4.20      3.50     0.00      0.0
        37 upload                    1974.64      0.00     65.12      2.40     0.00      0.0
        38 gather_rows               2039.76     25.00    224.80      3.00     0.00      0.2
        39 gemm(gemv)                2289.56     44.50     31.00      2.90     0.59     13.3
        40 gemm(gemv)                2365.06     20.25     11.52      2.00     0.59     29.1
        41 silu_mul                  2396.83     63.29      8.23      1.90     0.00      0.0
        42 gemm(gemv)                2468.35      0.44     12.80      2.20     0.86   1954.9
        43 scatter_axpy              2481.59     19.07     12.16      2.40     0.00      0.2
        44 upload_i32                2512.82     54.75     10.54      2.40     0.00      0.0
        45 upload                    2578.11     49.80      6.15      2.50     0.00      0.0
        46 gather_rows               2634.06      0.00     65.56      2.60     0.00      0.0
        47 gemm(gemv)                2699.62     15.26     42.64      2.00     0.59     38.7
        48 gemm(gemv)                2757.52     21.03     77.97      2.10     0.59     28.0
        49 silu_mul                  2856.52      0.00    118.84      1.70     0.00      0.0
        50 gemm(gemv)                2975.36     80.90     62.90      2.60     0.86     10.6
        51 scatter_axpy              3119.16      4.72    107.68      2.40     0.00      0.9
        52 upload_i32                3231.56    123.32     46.20      2.90     0.00      0.0
        53 upload                    3401.08     40.68     84.76      2.00     0.00      0.0
        54 gather_rows               3526.52     52.08      4.20     36.20     0.00      0.1
        55 gemm(gemv)                3582.80     18.96      3.48      3.00     0.59     31.1
        56 gemm(gemv)                3605.24     60.96     15.80      2.80     0.59      9.7
        57 silu_mul                  3682.00      0.00     16.80      2.10     0.00      0.0
        58 gemm(gemv)                3698.80      0.44     82.16      2.70     0.86   1954.9
        59 scatter_axpy              3781.40     60.00      1.20      2.40     0.00      0.1
        60 warm_read                 3842.60      9.24      3.56    142.00     0.00      0.0
        61 warm_read                 3855.40      4.16     44.76    146.90     0.00      0.0
        62 warm_read                 3904.32     54.92      6.08    204.20     0.00      0.0
        63 upload_paged              3965.32     10.60     43.76    700.00     2.04    192.4
        64 upload_i32                4019.68      5.40     50.40      6.50     0.00      0.0
        65 upload                    4075.48      4.68     50.00      3.10     0.00      0.0
        66 gather_rows               4130.16      0.36     48.20      4.70     0.00     11.4
        67 gemm(gemv)                4178.72     45.88      9.88      3.30     0.59     12.9
        68 gemm(gemv)                4234.48      2.62     16.00      2.30     0.59    225.1
        69 silu_mul                  4253.10      0.36     49.04      2.60     0.00      0.0
        70 gemm(gemv)                4302.50     46.72     10.08      3.30     0.86     18.4
        71 scatter_axpy              4359.30      0.00     13.68      2.70     0.00      0.0
        72 upload_i32                4372.98      6.20     52.24      2.80     0.00      0.0
        73 upload                    4431.42      5.32     49.68      2.60     0.00      0.0
        74 gather_rows               4486.42      0.32     46.36      1.90     0.00     12.8
        75 gemm(gemv)                4533.10     47.16      8.84      2.60     0.59     12.5
        76 gemm(gemv)                4589.10      0.54     11.64      2.70     0.59   1092.3
        77 silu_mul                  4601.28     14.60     76.68      2.10     0.00      0.0
        78 gemm(gemv)                4692.56     47.44     16.32      2.70     0.86     18.1
        79 scatter_axpy              4756.32     70.78     10.48      2.00     0.00      0.1
        80 upload_i32                4837.58     27.72    112.56      2.70     0.00      0.0
        81 upload                    4977.86     68.64      0.00      2.50     0.00      0.0
        82 gather_rows               5046.50      7.60     18.36      2.90     0.00      0.5
        83 gemm(gemv)                5072.46      0.32     63.60      3.80     0.59   1843.2
        84 gemm(gemv)                5136.38     45.28      0.38      5.20     0.59     13.0
        85 silu_mul                  5182.04      8.84      2.24      3.30     0.00      0.0
        86 gemm(gemv)                5193.12      0.52     56.00      2.40     0.86   1654.2
        87 scatter_axpy              5249.64     43.32     18.32      1.60     0.00      0.1
        88 upload_i32                5311.28     54.52     12.88      3.10     0.00      0.0
        89 upload                    5378.68    161.76     70.04      2.70     0.00      0.0
        90 gather_rows               5610.48      0.44     18.92      2.90     0.00      9.3
        91 gemm(gemv)                5629.84      0.36     45.52      2.10     0.59   1638.4
        92 gemm(gemv)                5675.72     45.80      0.00      2.50     0.59     12.9
        93 silu_mul                  5721.52      7.82     10.28      2.50     0.00      0.0
        94 gemm(gemv)                5739.62      0.56     67.52      2.90     0.86   1536.0
        95 scatter_axpy              5807.70     47.32      0.00      2.10     0.00      0.1
        96 upload_i32                5855.02      5.80     15.48      2.90     0.00      0.0
        97 upload                    5876.30      4.80     50.96      2.80     0.00      0.0
        98 gather_rows               5932.06      0.36     48.04      2.00     0.00     11.4
        99 gemm(gemv)                5980.46     44.96      4.04      2.10     0.59     13.1
       100 gemm(gemv)                6029.46      0.60     12.44      2.80     0.59    983.0
       101 silu_mul                  6042.50      0.36     46.48      1.60     0.00      0.0
       102 gemm(gemv)                6089.34     48.12      6.06      2.10     0.86     17.9
       103 scatter_axpy              6143.52      0.36     10.40      1.90     0.00     11.4
       104 gemm(gemv)                6154.28     61.56     17.22      2.90     0.59      9.6
       105 gemm(gemv)                6233.06      0.00     12.32      2.10     0.59      0.0
       106 silu_mul                  6245.38      0.32     62.08      2.40     0.00      0.0
       107 gemm(gemv)                6307.78     48.00      0.60      2.20     0.86     17.9
       108 add_inplace               6356.38      0.36     10.04      2.80     0.00      0.0
       109 add_inplace               6366.78     60.24     16.40      1.60     0.00      0.0
       110 rmsnorm                   6443.42     17.48      3.56      3.00     0.00      0.0
       111 gemm(gemv)                6464.46     25.32     43.76      2.30     9.44    372.7
       112 gemm(gemv)                6533.54      0.00     13.96      3.30     1.18      0.0
       113 gemm(gemv)                6547.50      0.32     49.84      2.80     1.72   5376.0
       114 qk_norm                   6597.66     46.68      2.60      4.60     0.00      0.0
       115 rope                      6646.94      0.32     13.52      3.50     0.00      0.0
       116 kv_append                 6660.78      0.36     45.60      2.60     0.00      0.0
       117 attention                 6706.74     53.80      7.46      7.70     0.00      0.0
       118 gemm(gemv)                6768.00      2.36      2.80      3.40     0.07     31.2
       119 softplus_act              6773.16     59.04     14.84      2.80     0.00      0.0
       120 mul_head_bcast            6847.04      0.00     12.08      2.60     0.00      0.0
       121 gemm(gemv)                6859.12     69.48     47.60      2.90     9.44    135.8
       122 add_inplace               6976.20      0.36      7.60      3.00     0.00      0.0
       123 rmsnorm                   6984.16      0.00     20.04     53.10     0.00      0.0
       124 fill0                     7004.20      0.36     47.36      3.00     0.00      0.0
       125 gemm(gemv)                7051.92     59.28      8.00      3.30     1.05     17.7
       126 download_f32              7119.20     63.60     76.70     76.50     0.00      0.0
       127 upload_i32                7259.50     12.74      4.16      3.70     0.00      0.0
       128 upload                    7276.40      6.04     54.48      2.20     0.00      0.0
       129 gather_rows               7336.92      0.36     47.00      4.50     0.00     11.4
       130 gemm(gemv)                7384.28     46.04      0.52      3.40     0.59     12.8
       131 gemm(gemv)                7430.84      0.36      8.68      2.20     0.59   1638.4
       132 silu_mul                  7439.88     12.60     37.88      2.10     0.00      0.0
       133 gemm(gemv)                7490.36     46.88     15.64      2.60     0.86     18.3
       134 scatter_axpy              7552.88      1.14     13.88      2.80     0.00      3.6
       135 upload_i32                7567.90      4.64     51.64      2.40     0.00      0.0
       136 upload                    7624.18      4.68     50.32      3.00     0.00      0.0
       137 gather_rows               7679.18      0.36     46.56      1.70     0.00     11.4
       138 gemm(gemv)                7726.10     43.32     10.12      2.60     0.59     13.6
       139 gemm(gemv)                7779.54      0.36     16.44      3.50     0.59   1638.4
       140 silu_mul                  7796.34      0.36     44.52      1.90     0.00      0.0
       141 gemm(gemv)                7841.22     46.08     10.72      2.30     0.86     18.7
       142 scatter_axpy              7898.02      0.00     14.40      2.70     0.00      0.0
       143 upload_i32                7912.42      4.36     51.12      2.60     0.00      0.0
       144 upload                    7967.90      4.68     50.48      2.40     0.00      0.0
       145 gather_rows               8023.06      0.36     46.28      2.30     0.00     11.4
       146 gemm(gemv)                8069.70     44.12      9.20      2.70     0.59     13.4
       147 gemm(gemv)                8123.02      0.36     16.40      2.30     0.59   1638.4
       148 silu_mul                  8139.78      0.36     45.12      1.70     0.00      0.0
       149 gemm(gemv)                8185.26     47.44     15.36      2.10     0.86     18.1
       150 scatter_axpy              8248.06      0.32     14.24      1.80     0.00     12.8
       151 upload_i32                8262.62      4.72     50.68      2.30     0.00      0.0
       152 upload                    8318.02      4.64     50.64      2.80     0.00      0.0
       153 gather_rows               8373.30      0.36     46.96      2.50     0.00     11.4
       154 gemm(gemv)                8420.62     44.64     10.32      4.40     0.59     13.2
       155 gemm(gemv)                8475.58     10.98     16.16      2.40     0.59     53.7
       156 silu_mul                  8502.72      0.36     62.76      1.50     0.00      0.0
       157 gemm(gemv)                8565.84     47.92      9.04      2.80     0.86     17.9
       158 scatter_axpy              8622.80      0.00     10.96      1.90     0.00      0.0
       159 upload_i32                8633.76      4.60     55.16      2.30     0.00      0.0
       160 upload                    8693.52      4.52     50.80      2.00     0.00      0.0
       161 gather_rows               8748.84      0.36     46.92      2.00     0.00     11.4
       162 gemm(gemv)                8796.12     45.72      9.04      2.80     0.59     12.9
       163 gemm(gemv)                8850.88      8.30     15.28      1.80     0.59     71.1
       164 silu_mul                  8874.46      0.36     65.40      2.10     0.00      0.0
       165 gemm(gemv)                8940.22     96.24     44.44      2.50     0.86      8.9
       166 scatter_axpy              9080.90      0.00     10.32      2.30     0.00      0.0
       167 upload_i32                9091.22      0.00     69.32      2.90     0.00      0.0
       168 upload                    9160.54      0.00     57.40      2.20     0.00      0.0
       169 gather_rows               9217.94      0.36     48.48      2.40     0.00     11.4
       170 gemm(gemv)                9266.78     46.52      9.44      1.90     0.59     12.7
       171 gemm(gemv)                9322.74      0.44     16.80      2.10     0.59   1340.5
       172 silu_mul                  9339.98      0.36     48.04      1.70     0.00      0.0
       173 gemm(gemv)                9388.38     48.92     11.16      2.00     0.86     17.6
       174 scatter_axpy              9448.46      6.34     11.04      2.10     0.00      0.6
       175 upload_i32                9465.84      0.00     67.04      2.40     0.00      0.0
       176 upload                    9532.88      6.24     52.80      2.30     0.00      0.0
       177 gather_rows               9591.92      0.36     47.36      2.90     0.00     11.4
       178 gemm(gemv)                9639.64     48.28      9.24      2.40     0.59     12.2
       179 gemm(gemv)                9697.16      3.50     15.52      2.10     0.59    168.5
       180 silu_mul                  9716.18      0.36     51.76      1.70     0.00      0.0
       181 gemm(gemv)                9768.30     49.88      6.18      2.60     0.86     17.2
       182 scatter_axpy              9824.36     46.72     12.92      2.40     0.00      0.1
       183 upload_i32                9884.00     57.24     19.68      3.00     0.00      0.0
       184 upload                    9960.92     58.04     52.64      2.80     0.00      0.0
       185 gather_rows              10071.60      0.48     19.60      1.90     0.00      8.5
       186 gemm(gemv)               10091.68      0.32     46.40      2.60     0.59   1843.2
       187 gemm(gemv)               10138.40     45.32     10.36      2.10     0.59     13.0
       188 silu_mul                 10194.08      7.76     13.84      1.90     0.00      0.0
       189 gemm(gemv)               10215.68      0.48     67.84      3.40     0.86   1792.0
       190 scatter_axpy             10284.00     45.16      5.96      2.70     0.00      0.1
       191 gemm(gemv)               10335.12      0.36     16.44      2.20     0.59   1638.4
       192 gemm(gemv)               10351.92      0.36     45.68      1.90     0.59   1638.4
       193 silu_mul                 10397.96     41.88     10.04      1.70     0.00      0.0
       194 gemm(gemv)               10449.88      0.44     20.76      2.10     0.86   1954.9
       195 add_inplace              10471.08      0.36     51.04      2.00     0.00      0.0
       196 add_inplace              10522.48     42.04     10.16      2.00     0.00      0.0
       197 rmsnorm                  10574.68     17.12      4.16      2.70     0.00      0.0
       198 gemm(gemv)               10595.96     60.56     14.60      2.40     9.44    155.8
       199 gemm(gemv)               10671.12      0.36     11.16      2.10     1.18   3276.8
       200 gemm(gemv)               10682.64     50.20      3.68      2.20     1.72     34.3
       201 qk_norm                  10736.52      3.76     15.20      3.00     0.00      0.0
       202 rope                     10755.48      0.32     67.52      2.60     0.00      0.0
       203 kv_append                10823.32     40.48     10.48      2.30     0.00      0.0
       204 attention                10874.28      0.36     25.64      6.10     0.00      0.0
       205 gemm(gemv)               10900.28      0.32     44.04      3.40     0.07    230.4
       206 softplus_act             10944.64     41.00      9.76      1.90     0.00      0.0
       207 mul_head_bcast           10995.40      0.36     16.48      1.90     0.00      0.0
       208 gemm(gemv)               11012.24     24.48     38.24      2.80     9.44    385.5
       209 add_inplace              11074.96      0.44     13.56      2.50     0.00      0.0
       210 rmsnorm                  11088.96      0.36     50.44      2.30     0.00      0.0
       211 fill0                    11139.76     43.72      5.96      2.90     0.00      0.0
       212 gemm(gemv)               11189.44     17.64      4.20      2.60     1.05     59.4
       213 download_f32             11211.28     59.60     75.70     75.00     0.00      0.0
       214 upload_i32               11346.58     19.44     14.60      4.10     0.00      0.0
       215 upload                   11380.62     58.80     15.08      3.30     0.00      0.0
       216 gather_rows              11454.50      0.00     18.64      4.70     0.00      0.0
       217 gemm(gemv)               11473.14      0.32     49.96      4.50     0.59   1843.2
       218 gemm(gemv)               11523.42     45.40      2.42      2.40     0.59     13.0
       219 silu_mul                 11571.24      6.84      1.32      2.90     0.00      0.0
       220 gemm(gemv)               11579.40     63.72     16.32      2.40     0.86     13.5
       221 scatter_axpy             11659.44     23.26     15.24      2.10     0.00      0.2
       222 upload_i32               11697.94     75.12     51.20      2.00     0.00      0.0
       223 upload                   11824.26     87.50    176.48      2.50     0.00      0.0
       224 gather_rows              12088.24      0.36     73.24      2.20     0.00     11.4
       225 gemm(gemv)               12161.84     16.44     38.04      3.00     0.59     35.9
       226 gemm(gemv)               12216.32      0.32     67.44      2.20     0.59   1843.2
       227 silu_mul                 12284.08    441.96     39.76      2.00     0.00      0.0
       228 gemm(gemv)               12765.80     69.56      9.04      2.50     0.86     12.4
       229 scatter_axpy             12844.40      0.00     13.80      1.80     0.00      0.0
       230 upload_i32               12858.20     80.24     62.64      2.80     0.00      0.0
       231 upload                   13001.08     41.24     17.48      2.10     0.00      0.0
       232 gather_rows              13059.80      0.44     16.00      1.80     0.00      9.3
       233 gemm(gemv)               13076.24      0.32     45.64      2.10     0.59   1843.2
       234 gemm(gemv)               13122.20     44.72      6.72      2.50     0.59     13.2
       235 silu_mul                 13173.64      1.26     14.80      2.30     0.00      0.0
       236 gemm(gemv)               13189.70      0.44     56.44      2.10     0.86   1954.9
       237 scatter_axpy             13246.58     56.96      5.56      2.00     0.00      0.1
       238 upload_paged             13309.10     14.68     45.92   1253.80     2.04    139.0
       239 upload_i32               13369.70     92.44     41.40      5.90     0.00      0.0
       240 upload                   13503.54      7.72     65.16      3.00     0.00      0.0
       241 gather_rows              13576.42      0.36     46.12      4.80     0.00     11.4
       242 gemm(gemv)               13622.90      0.32    217.84      4.00     0.59   1843.2
       243 gemm(gemv)               13841.06     13.96     41.96      2.10     0.59     42.3
       244 silu_mul                 13896.98     41.24     12.48      2.10     0.00      0.0
       245 gemm(gemv)               13950.70      0.36     16.24      2.50     0.86   2389.3
       246 scatter_axpy             13967.30     46.80      0.00      2.70     0.00      0.1
       247 upload_i32               14014.10      6.06     15.64      2.50     0.00      0.0
       248 upload                   14035.80      4.72     49.84      2.60     0.00      0.0
       249 gather_rows              14090.36      0.32     47.96      2.20     0.00     12.8
       250 gemm(gemv)               14138.64     45.84      5.16    110.90     0.59     12.9
       251 gemm(gemv)               14189.64     10.72      1.28      8.00     0.59     55.0
       252 silu_mul                 14201.64     19.08     11.52      3.60     0.00      0.0
       253 gemm(gemv)               14232.24     44.56     14.28      3.10     0.86     19.3
       254 scatter_axpy             14291.08      0.32     10.44      2.70     0.00     12.8
       255 upload_i32               14301.84     69.04     17.06      4.80     0.00      0.0
       256 upload                   14387.94     57.76     22.12      2.60     0.00      0.0
       257 gather_rows              14467.82      0.00     13.92      3.20     0.00      0.0
       258 gemm(gemv)               14481.74      0.32     47.96      3.40     0.59   1843.2
       259 gemm(gemv)               14530.02     44.08      5.72      2.20     0.59     13.4
       260 silu_mul                 14579.82      9.16      1.28      1.90     0.00      0.0
       261 gemm(gemv)               14590.26     22.76     13.44      2.10     0.86     37.8
       262 scatter_axpy             14626.46     43.12     11.08      2.40     0.00      0.1
       263 upload_i32               14680.66     23.66      2.52      2.90     0.00      0.0
       264 upload                   14706.84      4.72     52.48      2.50     0.00      0.0
       265 gather_rows              14764.04      0.36     46.48      2.70     0.00     11.4
       266 gemm(gemv)               14810.88     45.56      3.76      3.50     0.59     12.9
       267 gemm(gemv)               14860.20      0.62     12.32      2.30     0.59    951.3
       268 silu_mul                 14873.14      0.36     46.00      2.00     0.00      0.0
       269 gemm(gemv)               14919.50     48.56      8.24      2.50     0.86     17.7
       270 scatter_axpy             14976.30      0.36     10.96      2.30     0.00     11.4
       271 upload_paged             14987.62      4.20     78.32    699.20     2.04    485.7
       272 upload_i32               15070.14     16.92     26.12      5.20     0.00      0.0
       273 upload                   15113.18     33.56     14.40      3.10     0.00      0.0
       274 gather_rows              15161.14      0.36     50.56      4.00     0.00     11.4
       275 gemm(gemv)               15212.06     45.56      2.48     60.50     0.59     12.9
       276 gemm(gemv)               15260.10      0.32     12.36      4.20     0.59   1843.2
       277 silu_mul                 15272.78     46.72     13.26      2.80     0.00      0.0
       278 gemm(gemv)               15332.76      0.60     16.52      2.70     0.86   1433.6
       279 scatter_axpy             15349.88     20.24     16.24     10.50     0.00      0.2
       280 gemm(gemv)               15386.36     44.36     11.96      2.70     0.59     13.3
       281 gemm(gemv)               15442.68      0.00     12.36      2.70     0.59      0.0
       282 silu_mul                 15455.04      0.36     46.56      4.60     0.00      0.0
       283 gemm(gemv)               15501.96     47.52      5.68      2.70     0.86     18.1
       284 add_inplace              15555.16      0.20     12.88      2.60     0.00      0.0
       285 add_inplace              15568.24      0.36     50.20      2.20     0.00      0.0
       286 rmsnorm                  15618.80     47.24      4.24      3.10     0.00      0.0
       287 gemm(gemv)               15670.28      0.32     24.00      2.70     7.08  22118.4
       288 gemm(gemv)               15694.60     44.68      2.44      2.80     1.18     26.4
       289 gemm(gemv)               15741.72     13.08      1.40      2.30     1.72    131.5
       290 qk_norm                  15756.20      2.52     27.68      4.00     0.00      0.0
       291 rope                     15786.40    138.36     21.54   1887.30     0.00      0.0
       292 kv_append                15946.30     44.10     10.24      2.60     0.00      0.0
       293 attention                16000.64      0.32    109.56      6.50     0.00      0.0
       294 gemm(gemv)               16110.52     42.20      4.20      2.40     0.06      1.3
       295 softplus_act             16156.92      0.00     17.60      2.30     0.00      0.0
       296 mul_head_bcast           16174.52      0.36     62.28      2.20     0.00      0.0
       297 gemm(gemv)               16237.16     57.80      1.36      2.30     7.08    122.5
       298 add_inplace              16296.32      0.36      9.36      2.00     0.00      0.0
       299 rmsnorm                  16306.04     52.12     10.28     43.10     0.00      0.0
       300 fill0                    16368.44      0.00     15.12      2.90     0.00      0.0
       301 gemm(gemv)               16383.56     30.74     52.36      2.70     1.05     34.1
       302 download_f32             16466.66     82.68     82.50     92.00     0.00      0.0
       303 upload_i32               16631.84     18.76     18.64      4.80     0.00      0.0
       304 upload                   16669.24     18.50     17.12      2.50     0.00      0.0
       305 gather_rows              16704.86      0.36     47.76      4.60     0.00     11.4
       306 gemm(gemv)               16752.98     46.52      5.08      3.70     0.59     12.7
       307 gemm(gemv)               16804.58     20.72     11.56      2.70     0.59     28.5
       308 silu_mul                 16836.86      0.00     59.80      2.50     0.00      0.0
       309 gemm(gemv)               16896.66      0.36     56.44      2.30     0.86   2389.3
       310 scatter_axpy             16953.46     61.32      6.90      2.30     0.00      0.1
       311 upload_i32               17021.68     33.04      4.24      2.70     0.00      0.0
       312 upload                   17058.96      4.76     51.88      2.40     0.00      0.0
       313 gather_rows              17115.60     42.40     17.16      2.00     0.00      0.1
       314 gemm(gemv)               17175.16      0.00     12.72      2.60     0.59      0.0
       315 gemm(gemv)               17187.88      0.36     46.68      2.90     0.59   1638.4
       316 silu_mul                 17234.92     44.44      8.26      2.00     0.00      0.0
       317 gemm(gemv)               17287.62      0.36     15.32      2.30     0.86   2389.3
       318 scatter_axpy             17303.30      0.36     46.28      2.30     0.00     11.4
       319 upload_i32               17349.94     51.84      5.04     76.30     0.00      0.0
       320 upload                   17406.82     44.68     22.80     39.00     0.00      0.0
       321 gather_rows              17474.30      0.98     15.60      2.90     0.00      4.2
       322 gemm(gemv)               17490.88      0.36     49.92      2.90     0.59   1638.4
       323 gemm(gemv)               17541.16     49.08      7.82      2.50     0.59     12.0
       324 silu_mul                 17598.06      9.12      1.28      2.20     0.00      0.0
       325 gemm(gemv)               17608.46     47.92     11.52     45.30     0.86     17.9
       326 scatter_axpy             17667.90      6.64      4.12      2.70     0.00      0.6
       327 warm_read                17678.66     47.60     20.02    560.20     0.00      0.0
       328 warm_read                17746.28      0.00      6.92    184.10     0.00      0.0
       329 warm_read                17753.20     71.64     42.24    227.10     0.00      0.0
       330 upload_paged             17867.08    341.52    203.60    389.20     2.04      6.0
       331 upload_i32               18412.20      7.76     66.52     59.90     0.00      0.0
       332 upload                   18486.48      4.84     50.36      3.70     0.00      0.0
       333 gather_rows              18541.68     42.52     18.12      4.10     0.00      0.1
       334 gemm(gemv)               18602.32      0.20     12.48      2.90     0.59   2949.1
       335 gemm(gemv)               18615.00      0.48     49.84      2.30     0.59   1228.8
       336 silu_mul                 18665.32     44.04      3.88      2.30     0.00      0.0
       337 gemm(gemv)               18713.24      0.36     16.32      2.10     0.86   2389.3
       338 scatter_axpy             18729.92      0.32     44.28      3.10     0.00     12.8
       339 upload_i32               18774.52     51.44      5.28      3.00     0.00      0.0
       340 upload                   18831.24    202.76     21.96      2.20     0.00      0.0
       341 gather_rows              19055.96      3.22     14.72      2.70     0.00      1.3
       342 gemm(gemv)               19073.90      0.48     52.28      3.20     0.59   1228.8
       343 gemm(gemv)               19126.66     46.28      2.04      1.90     0.59     12.7
       344 silu_mul                 19174.98      0.36      8.84      1.80     0.00      0.0
       345 gemm(gemv)               19184.18     64.60     20.62      2.40     0.86     13.3
       346 scatter_axpy             19269.40     66.72      5.60      1.80     0.00      0.1
       347 upload_i32               19341.72      9.44     19.84      2.70     0.00      0.0
       348 upload                   19371.00     13.50     64.80      1.90     0.00      0.0
       349 gather_rows              19449.30      0.36    192.08      2.70     0.00     11.4
       350 gemm(gemv)               19641.74     51.76     13.46      2.80     0.59     11.4
       351 gemm(gemv)               19706.96     10.20      1.32      3.40     0.59     57.8
       352 silu_mul                 19718.48     40.60     12.68      2.00     0.00      0.0
       353 gemm(gemv)               19771.76      0.36     16.68      2.30     0.86   2389.3
       354 scatter_axpy             19788.80      0.36     44.32      2.10     0.00     11.4
       355 upload_i32               19833.48     51.76      0.02      2.90     0.00      0.0
       356 upload                   19885.26     58.52     20.68      2.10     0.00      0.0
       357 gather_rows              19964.46      0.00     13.84      2.60     0.00      0.0
       358 gemm(gemv)               19978.30      0.36     47.44      2.90     0.59   1638.4
       359 gemm(gemv)               20026.10     45.04      6.40      2.70     0.59     13.1
       360 silu_mul                 20077.54      0.36      7.76      2.20     0.00      0.0
       361 gemm(gemv)               20085.66     22.16     15.48      2.10     0.86     38.8
       362 scatter_axpy             20123.30     43.32     10.80      3.90     0.00      0.1
       363 upload_i32               20177.42     64.04      3.48      2.10     0.00      0.0
       364 upload                   20244.94     40.96     14.48      2.70     0.00      0.0
       365 gather_rows              20300.38      0.34     14.28      2.00     0.00     12.0
       366 gemm(gemv)               20315.00      0.36     46.20      3.20     0.59   1638.4
       367 gemm(gemv)               20361.56     44.56      6.24      2.30     0.59     13.2
       368 silu_mul                 20412.36      0.36     10.32      2.20     0.00      0.0
       369 gemm(gemv)               20423.04     50.12     16.16      2.00     0.86     17.2
       370 scatter_axpy             20489.32      0.32     10.48      2.00     0.00     12.8
       371 gemm(gemv)               20500.12     61.00     13.38      3.00     0.59      9.7
       372 gemm(gemv)               20574.50     10.72      1.32      2.40     0.59     55.0
       373 silu_mul                 20586.54     18.44     12.60      2.60     0.00      0.0
       374 gemm(gemv)               20617.58     45.48     14.04      2.70     0.86     18.9
       375 add_inplace              20677.10      0.32      9.44      2.60     0.00      0.0
       376 add_inplace              20686.86      0.00     27.16      2.10     0.00      0.0
       377 rmsnorm                  20714.02      0.48     56.84      2.90     0.00      0.0
       378 gemm_group               20771.34    101.00      4.48      4.20     0.00      0.0
       379 qk_norm                  20876.82      0.36     10.48      3.20     0.00      0.0
       380 rope                     20887.66    146.40      0.00   2406.60     0.00      0.0
       381 kv_append                21034.06      0.00     12.56      2.70     0.00      0.0
       382 attention                21046.62      0.48     59.04      7.20     0.00      0.0
       383 gemm(gemv)               21106.14     41.84      2.52      2.40     0.07      1.8
       384 softplus_act             21150.50      0.44     18.36      2.60     0.00      0.0
       385 mul_head_bcast           21169.30      0.36     53.44      2.10     0.00      0.0
       386 gemm(gemv)               21223.10     61.56      9.08      2.20     9.44    153.3
       387 add_inplace              21293.74      0.36      8.52      1.80     0.00      0.0
       388 rmsnorm                  21302.62     62.48      8.50      2.30     0.00      0.0
       389 fill0                    21373.60      0.00     13.92      2.40     0.00      0.0
       390 gemm(gemv)               21387.52      0.60     70.60      2.80     1.05   1747.6
       391 download_f32             21458.72     61.40     74.20     73.80     0.00      0.0
       392 upload_i32               21594.32     17.36     17.60      3.40     0.00      0.0
       393 upload                   21629.28     58.52     16.76      2.40     0.00      0.0
       394 gather_rows              21704.56      0.00     18.56      2.90     0.00      0.0
       395 gemm(gemv)               21723.12      0.32     51.64      3.50     0.59   1843.2
       396 gemm(gemv)               21775.08     47.52      4.44      1.90     0.59     12.4
       397 silu_mul                 21827.04      0.00     14.00      2.30     0.00      0.0
       398 gemm(gemv)               21841.04      0.36     48.24      2.90     0.59   1638.4
       399 scatter_axpy             21889.64     43.20      8.92      2.40     0.00      0.1
       400 upload_i32               21941.76     32.60      3.52      2.80     0.00      0.0
       401 upload                   21977.88      4.68     50.72      2.20     0.00      0.0
       402 gather_rows              22033.28      0.36     46.44      2.30     0.00     11.4
       403 gemm(gemv)               22080.08     44.16      9.44      2.50     0.59     13.4
       404 gemm(gemv)               22133.68      0.32     15.92      2.30     0.59   1843.2
       405 silu_mul                 22149.92      0.36     45.16      1.70     0.00      0.0
       406 gemm(gemv)               22195.44     44.40     10.28      2.00     0.59     13.3
       407 scatter_axpy             22250.12      0.32     15.20      2.10     0.00     12.8
       408 upload_i32               22265.64      4.68     50.76      2.70     0.00      0.0
       409 upload                   22321.08      4.72     50.36      2.10     0.00      0.0
       410 gather_rows              22376.16      0.36     46.48      2.90     0.00     11.4
       411 gemm(gemv)               22423.00     43.96      9.44      2.20     0.59     13.4
       412 gemm(gemv)               22476.40      0.32     15.96      2.00     0.59   1843.2
       413 silu_mul                 22492.68      0.36     44.80      2.00     0.00      0.0
       414 gemm(gemv)               22537.84     44.16     10.24      3.00     0.59     13.4
       415 scatter_axpy             22592.24      0.32     15.24      2.20     0.00     12.8
       416 upload_i32               22607.80      4.92     51.16      2.50     0.00      0.0
       417 upload                   22663.88      4.60     50.44      2.50     0.00      0.0
       418 gather_rows              22718.92      0.36     46.88      2.20     0.00     11.4
       419 gemm(gemv)               22766.16     45.96      9.04      2.50     0.59     12.8
       420 gemm(gemv)               22821.16      2.86     14.32      1.90     0.59    206.2
       421 silu_mul                 22838.34      0.32     49.44      1.80     0.00      0.0
       422 gemm(gemv)               22888.10     46.20      8.88      2.50     0.59     12.8
       423 scatter_axpy             22943.18      0.32     14.72      2.50     0.00     12.8
       424 upload_i32               22958.22     50.64     51.08      2.10     0.00      0.0
       425 upload                   23059.94      0.00    100.36      2.10     0.00      0.0
       426 gather_rows              23160.30     22.82     30.97      1.80     0.00      0.2
       427 gemm(gemv)               23214.09     28.85     14.73      3.10     0.59     20.4
       428 gemm(gemv)               23257.67     29.47     13.62      2.50     0.59     20.0
       429 silu_mul                 23300.76     20.68     13.88      2.40     0.00      0.0
       430 gemm(gemv)               23335.32     25.35     18.26      2.30     0.59     23.3
       431 scatter_axpy             23378.93     32.42     11.87      3.10     0.00      0.1
       432 upload_i32               23423.22     36.48      7.08      2.40     0.00      0.0
       433 upload                   23466.78     30.26     17.20      2.10     0.00      0.0
       434 gather_rows              23514.24     22.02     21.07      2.10     0.00      0.2
       435 gemm(gemv)               23557.33     26.03     16.94      2.60     0.59     22.7
       436 gemm(gemv)               23600.30     28.28     13.69      2.50     0.59     20.9
       437 silu_mul                 23642.27     24.66     13.72      2.00     0.00      0.0
       438 gemm(gemv)               23680.65     27.06     13.54      1.70     0.59     21.8
       439 scatter_axpy             23721.25     23.09     15.36      2.10     0.00      0.2
       440 upload_i32               23759.70     32.92     12.32      2.40     0.00      0.0
       441 upload                   23804.94     32.61     21.63      1.80     0.00      0.0
       442 gather_rows              23859.18     27.86     18.08      2.70     0.00      0.1
       443 gemm(gemv)               23905.12     45.00     57.48      3.00     0.59     13.1
       444 gemm(gemv)               24007.60      0.36     73.59      2.30     0.59   1638.4
       445 silu_mul                 24081.55      0.32     40.45      1.80     0.00      0.0
       446 gemm(gemv)               24122.32     53.22     20.98      2.10     0.59     11.1
       447 scatter_axpy             24196.52     52.10     11.28      2.10     0.00      0.1
       448 upload_i32               24259.90     62.90     10.20      2.60     0.00      0.0
       449 upload                   24333.00     38.21     21.69      2.30     0.00      0.0
       450 gather_rows              24392.90      0.36     61.90      1.80     0.00     11.4
       451 gemm(gemv)               24455.16     23.74     20.33      2.50     0.59     24.8
       452 gemm(gemv)               24499.23     43.45     10.67      2.20     0.59     13.6
       453 silu_mul                 24553.35     31.16     12.25      2.50     0.00      0.0
       454 gemm(gemv)               24596.76     29.68     15.61      2.70     0.59     19.9
       455 scatter_axpy             24642.05      0.00     34.30      2.20     0.00      0.0
       456 gemm(gemv)               24676.35     22.86     24.99      2.00     0.59     25.8
       457 gemm(gemv)               24724.20     29.22     13.95      2.50     0.59     20.2
       458 silu_mul                 24767.37     27.53     13.27      2.00     0.00      0.0
       459 gemm(gemv)               24808.17     28.04     14.71      2.50     0.59     21.0
       460 add_inplace              24850.92     43.08     22.73      2.10     0.00      0.0
       461 add_inplace              24916.73     27.58     14.69      2.00     0.00      0.0
       462 rmsnorm                  24959.00     28.97     15.48      3.20     0.00      0.0
       463 gemm_group               25003.45     84.64     24.00      2.60     0.00      0.0
       464 qk_norm                  25112.09      0.32     10.72      4.50     0.00      0.0
       465 rope                     25123.13     26.71     14.14      3.40     0.00      0.0
       466 kv_append                25163.98     29.33      0.00      2.40     0.00      0.0
       467 attention                25193.31     34.77     16.41      5.30     0.00      0.0
       468 gemm(gemv)               25244.49      0.00     25.53      2.70     0.07      0.0
       469 softplus_act             25270.02     19.25     23.28      2.50     0.00      0.0
       470 mul_head_bcast           25312.55     27.79     16.67      2.10     0.00      0.0
       471 gemm(gemv)               25357.01     42.67     12.39      2.10     9.44    221.2
       472 add_inplace              25412.07     14.33     12.12      2.00     0.00      0.0
       473 rmsnorm                  25438.52     27.46     43.39      2.90     0.00      0.0
       474 fill0                    25509.37     22.28      6.88      2.10     0.00      0.0
       475 gemm(gemv)               25538.53     64.32     14.77      2.20     1.05     16.3
       476 download_f32             25617.62     45.29     77.10     76.20     0.00      0.0
       477 upload_i32               25740.01     51.03     12.51     49.30     0.00      0.0
       478 upload                   25803.55     31.34     17.92      3.50     0.00      0.0
       479 gather_rows              25852.81     24.29     18.30      5.20     0.00      0.2
       480 gemm(gemv)               25895.40    122.95     91.42      4.10     0.59      4.8
       481 gemm(gemv)               26109.77     33.50      0.00      2.40     0.59     17.6
       482 silu_mul                 26143.27     27.53      8.30      2.00     0.00      0.0
       483 gemm(gemv)               26179.10     28.80     12.87      2.00     0.59     20.5
       484 scatter_axpy             26220.77     46.71     24.10      2.30     0.00      0.1
       485 upload_i32               26291.58     92.10     12.29      2.80     0.00      0.0
       486 upload                   26395.97     37.69     42.81      2.30     0.00      0.0
       487 gather_rows              26476.47     18.96     55.01      2.40     0.00      0.2
       488 gemm(gemv)               26550.44    162.80      1.53      2.70     0.59      3.6
       489 gemm(gemv)               26714.77      0.36    171.16      2.60     0.59   1638.4
       490 silu_mul                 26886.29     44.80      0.00      2.10     0.00      0.0
       491 gemm(gemv)               26931.09      0.56     18.32      2.30     0.59   1053.3
       492 scatter_axpy             26949.97     43.56     18.00      2.20     0.00      0.1
       493 upload_i32               27011.53     45.00     17.48      2.00     0.00      0.0
       494 upload                   27074.01     16.32     20.28      2.30     0.00      0.0
       495 gather_rows              27110.61     42.16     17.24      1.80     0.00      0.1
       496 gemm(gemv)               27170.01      0.00     13.96      3.00     0.59      0.0
       497 gemm(gemv)               27183.97      0.36     49.04      2.50     0.59   1638.4
       498 silu_mul                 27233.37     43.96      7.44      2.10     0.00      0.0
       499 gemm(gemv)               27284.77      0.44     18.84      2.00     0.59   1340.5
       500 scatter_axpy             27304.05      0.36     63.24      2.60     0.00     11.4
       501 upload_i32               27367.65     50.72      9.44      2.70     0.00      0.0
       502 upload                   27427.81     16.40     27.96      2.20     0.00      0.0
       503 gather_rows              27472.17     42.72     16.60      2.40     0.00      0.1
       504 gemm(gemv)               27531.49      0.58     17.60      2.70     0.59   1016.9
       505 gemm(gemv)               27549.67      0.32     49.56      2.30     0.59   1843.2
       506 silu_mul                 27599.55     43.52      7.68      2.40     0.00      0.0
       507 gemm(gemv)               27650.75      0.48     18.80      2.60     0.59   1228.8
       508 scatter_axpy             27670.03      0.36     54.60      2.30     0.00     11.4
       509 upload_i32               27724.99     51.48      8.20      2.20     0.00      0.0
       510 upload                   27784.67     16.24     27.84      3.10     0.00      0.0
       511 gather_rows              27828.75     42.20     16.52      2.20     0.00      0.1
       512 gemm(gemv)               27887.47      0.44     14.28      3.30     0.59   1340.5
       513 gemm(gemv)               27902.19      0.32     48.08      2.30     0.59   1843.2
       514 silu_mul                 27950.59     41.96      9.36      2.40     0.00      0.0
       515 gemm(gemv)               28001.91      0.48     18.48      2.30     0.59   1228.8
       516 scatter_axpy             28020.87     42.52     17.32      1.90     0.00      0.1
       517 upload_i32               28080.71     18.96     17.80      1.90     0.00      0.0
       518 upload                   28117.47      4.64     49.64      2.20     0.00      0.0
       519 gather_rows              28171.75      0.36     47.00      2.30     0.00     11.4
       520 gemm(gemv)               28219.11     44.44      9.32      2.50     0.59     13.3
       521 gemm(gemv)               28272.87     11.58     15.32      2.10     0.59     50.9
       522 silu_mul                 28299.77      0.00     74.16      2.10     0.00      0.0
       523 gemm(gemv)               28373.93      0.36     51.36      2.60     0.59   1638.4
       524 scatter_axpy             28425.65     44.52      6.28      2.20     0.00      0.1
       525 upload_i32               28476.45     17.72     18.36      2.40     0.00      0.0
       526 upload                   28512.53     44.50     17.40      2.10     0.00      0.0
       527 gather_rows              28574.43      0.36     64.64      2.40     0.00     11.4
       528 gemm(gemv)               28639.43     47.32      8.16      2.60     0.59     12.5
       529 gemm(gemv)               28694.91      1.10     15.12      2.40     0.59    536.2
       530 silu_mul                 28711.13      0.32     64.64      2.00     0.00      0.0
       531 gemm(gemv)               28776.09     46.36      9.24      2.70     0.59     12.7
       532 scatter_axpy             28831.69      0.00     14.16      2.10     0.00      0.0
       533 upload_i32               28845.85      4.68     51.12      2.30     0.00      0.0
       534 upload                   28901.65      4.60     50.00      1.90     0.00      0.0
       535 gather_rows              28956.25      0.36     46.60      2.50     0.00     11.4
       536 gemm(gemv)               29003.21     44.80      9.52      3.10     0.59     13.2
       537 gemm(gemv)               29057.53      0.32     77.72      1.70     0.59   1843.2
       538 silu_mul                 29135.57      0.36     43.16      1.60     0.00      0.0
       539 gemm(gemv)               29179.09     51.12     12.28      2.60     0.59     11.5
       540 scatter_axpy             29242.49      0.36     14.92      1.80     0.00     11.4
       541 gemm(gemv)               29257.77      7.32     40.48      2.30     0.59     80.6
       542 gemm(gemv)               29305.57     47.48     14.40      2.70     0.59     12.4
       543 silu_mul                 29367.45      7.82     12.08      2.30     0.00      0.0
       544 gemm(gemv)               29387.35      0.44     64.68      2.30     0.59   1340.5
       545 add_inplace              29452.47     42.00      7.08      2.20     0.00      0.0
       546 add_inplace              29501.55      0.32     16.44      2.30     0.00      0.0
       547 rmsnorm                  29518.31      0.36     47.28      2.50     0.00      0.0
       548 gemm(gemv)               29565.95     62.08      7.40      2.10     9.44    152.0
       549 gemm(gemv)               29635.43      0.32     12.04      2.90     1.18   3686.4
       550 gemm(gemv)               29647.79     64.20      0.66      2.20     1.72     26.8
       551 qk_norm                  29712.65      0.00     13.28      4.10     0.00      0.0
       552 rope                     29725.93      0.36     64.68      2.80     0.00      0.0
       553 kv_append                29790.97     43.56      7.80      2.70     0.00      0.0
       554 attention                29842.33     22.24      2.44      5.30     0.00      0.0
       555 gemm(gemv)               29867.01     46.08      6.72      3.10     0.07      1.6
       556 softplus_act             29919.81      0.00     13.80      2.30     0.00      0.0
       557 mul_head_bcast           29933.61      0.36     46.80      2.20     0.00      0.0
       558 gemm(gemv)               29980.77     62.04      8.96      2.30     9.44    152.1
       559 add_inplace              30051.77      0.36     10.12      1.80     0.00      0.0
       560 rmsnorm                  30062.25     64.68     16.56      2.60     0.00      0.0
       561 fill0                    30143.49      0.36     10.12      2.70     0.00      0.0
       562 gemm(gemv)               30153.97      0.70    106.24      3.30     1.05   1498.0
       563 download_f32             30260.91     79.40     92.30     91.90     0.00      0.0
       564 upload_i32               30432.61      0.00      4.16      4.20     0.00      0.0
       565 upload                   30436.77      5.82     55.48      2.90     0.00      0.0
       566 gather_rows              30498.07      0.32     53.52      5.20     0.00     12.8
       567 gemm(gemv)               30551.91     52.64      5.36      3.50     0.59     11.2
       568 gemm(gemv)               30609.91      9.68      1.40      2.70     0.59     60.9
       569 silu_mul                 30620.99     45.68      9.98      2.50     0.00      0.0
       570 gemm(gemv)               30676.65      0.00     17.40      2.90     0.86      0.0
       571 scatter_axpy             30694.05      0.36     56.84      2.70     0.00     11.4
       572 upload_i32               30751.25     51.64      9.68      2.20     0.00      0.0
       573 upload                   30812.57     60.12     23.64      2.10     0.00      0.0
       574 gather_rows              30896.33      0.00     13.52      1.90     0.00      0.0
       575 gemm(gemv)               30909.85      0.44     48.64      3.10     0.59   1340.5
       576 gemm(gemv)               30958.93     60.64     12.62      2.80     0.59      9.7
       577 silu_mul                 31032.19      0.36     11.04      2.30     0.00      0.0
       578 gemm(gemv)               31043.59     68.36     19.86      2.30     0.86     12.6
       579 scatter_axpy             31131.81      0.36     10.56      2.00     0.00     11.4
       580 upload_i32               31142.73     85.56     11.22      2.50     0.00      0.0
       581 upload                   31239.51     50.32      6.44      2.40     0.00      0.0
       582 gather_rows              31296.27     13.20     49.08      2.10     0.00      0.3
       583 gemm(gemv)               31358.55      0.36     70.04      3.20     0.59   1638.4
       584 gemm(gemv)               31428.95     41.50      9.00      2.80     0.59     14.2
       585 silu_mul                 31479.45     15.44     52.76      2.60     0.00      0.0
       586 gemm(gemv)               31547.65     74.88     42.84      2.20     0.86     11.5
       587 scatter_axpy             31665.37     68.80      0.00      2.60     0.00      0.1
       588 upload_i32               31734.17     46.48    101.00      2.30     0.00      0.0
       589 upload                   31881.65      5.68     60.64      2.00     0.00      0.0
       590 gather_rows              31947.97      0.36     66.48      2.40     0.00     11.4
       591 gemm(gemv)               32014.81     50.44      0.00      2.80     0.59     11.7
       592 gemm(gemv)               32065.25      3.44     11.92      2.50     0.59    171.5
       593 silu_mul                 32080.61      0.36     62.64      2.60     0.00      0.0
       594 gemm(gemv)               32143.61     48.16      0.00      3.20     0.86     17.9
       595 scatter_axpy             32191.77      0.36     10.40      1.80     0.00     11.4
       596 upload_i32               32202.53     69.56     16.78      2.10     0.00      0.0
       597 upload                   32288.87     57.92     21.96      2.00     0.00      0.0
       598 gather_rows              32368.75      0.00     14.00      1.90     0.00      0.0
       599 gemm(gemv)               32382.75      0.36     46.52      3.50     0.59   1638.4
       600 gemm(gemv)               32429.63     46.32      7.42      2.50     0.59     12.7
       601 silu_mul                 32483.37      0.36     10.72      1.80     0.00      0.0
       602 gemm(gemv)               32494.45     50.72     14.80      2.50     0.86     17.0
       603 scatter_axpy             32559.97      0.32     10.52      1.70     0.00     12.8
       604 upload_i32               32570.81     68.04     13.64      1.80     0.00      0.0
       605 upload                   32652.49     58.20     22.12      2.40     0.00      0.0
       606 gather_rows              32732.81      0.00     13.72      2.30     0.00      0.0
       607 gemm(gemv)               32746.53      0.36     46.64      3.50     0.59   1638.4
       608 gemm(gemv)               32793.53     45.64      6.40      2.60     0.59     12.9
       609 silu_mul                 32845.57      6.92      1.28      1.90     0.00      0.0
       610 gemm(gemv)               32853.77     44.76     14.24      2.30     0.86     19.2
       611 scatter_axpy             32912.77      0.36     10.52      1.90     0.00     11.4
       612 warm_read                32923.65     48.12     17.48    180.90     0.00      0.0
       613 warm_read                32989.25      0.08      4.20    153.40     0.00      0.0
       614 warm_read                32993.53      9.44     41.20    199.90     0.00      0.0
       615 upload_paged             33044.17    136.24    148.86    632.40     2.04     15.0
       616 upload_i32               33329.27      0.00     12.28      5.80     0.00      0.0
       617 upload                   33341.55      0.00     69.68      2.60     0.00      0.0
       618 gather_rows              33411.23      0.36     46.36      5.40     0.00     11.4
       619 gemm(gemv)               33457.95     44.24      7.08      2.90     0.59     13.3
       620 gemm(gemv)               33509.27     17.42      9.04      2.00     0.59     33.9
       621 silu_mul                 33535.73      0.44     56.60      2.60     0.00      0.0
       622 gemm(gemv)               33592.77     63.04     16.72      2.50     0.86     13.6
       623 scatter_axpy             33672.53     35.20      0.00      2.80     0.00      0.1
       624 upload_i32               33707.73      0.00    209.52      3.90     0.00      0.0
       625 upload                   33917.25      4.68     52.88      5.30     0.00      0.0
       626 gather_rows              33974.81      0.32     47.92      3.80     0.00     12.8
       627 gemm(gemv)               34023.05     45.16      2.30      4.40     0.59     13.1
       628 gemm(gemv)               34070.51      0.36     12.36      2.70     0.59   1638.4
       629 silu_mul                 34083.23     46.64     14.52      2.00     0.00      0.0
       630 gemm(gemv)               34144.39      0.44     18.52      2.90     0.86   1954.9
       631 scatter_axpy             34163.35     42.88     15.36      2.20     0.00      0.1
       632 gemm(gemv)               34221.59      8.48      1.32      2.60     0.59     69.6
       633 gemm(gemv)               34231.39     42.40     12.32      1.80     0.59     13.9
       634 silu_mul                 34286.11      0.36     10.96      2.00     0.00      0.0
       635 gemm(gemv)               34297.43     48.32     10.22      2.50     0.86     17.8
       636 add_inplace              34355.97      0.32     10.04      2.10     0.00      0.0
       637 add_inplace              34366.33     47.08     13.62      2.60     0.00      0.0
       638 rmsnorm                  34427.03      0.36     15.32      3.30     0.00      0.0
       639 gemm_group               34442.71     29.40     37.32      3.70     0.00      0.0
       640 qk_norm                  34509.43     15.12      2.48      3.80     0.00      0.0
       641 rope                     34527.03    139.08     17.82   2580.30     0.00      0.0
       642 kv_append                34683.93      0.00     12.48      3.30     0.00      0.0
       643 attention                34696.41      0.44     58.72      7.30     0.00      0.0
       644 gemm(gemv)               34755.57     41.80      2.56      2.90     0.06      1.3
       645 softplus_act             34799.93      0.44     18.92      2.30     0.00      0.0
       646 mul_head_bcast           34819.29      0.36     50.52      2.00     0.00      0.0
       647 gemm(gemv)               34870.17     66.36      8.56      3.90     7.08    106.7
       648 add_inplace              34945.09      0.36      9.56      1.90     0.00      0.0
       649 rmsnorm                  34955.01     67.24     23.80      2.40     0.00      0.0
       650 fill0                    35046.05      0.00     13.92      2.90     0.00      0.0
       651 gemm(gemv)               35059.97      0.70     73.90      2.40     1.05   1498.0
       652 download_f32             35134.57     62.20     73.30     73.00     0.00      0.0
       653 upload_i32               35270.07     14.84      4.16      3.40     0.00      0.0
       654 upload                   35289.07      6.28     55.92      2.70     0.00      0.0
       655 gather_rows              35351.27      0.36     46.28     63.10     0.00     11.4
       656 gemm(gemv)               35397.91     45.96      0.00      5.10     0.59     12.8
       657 gemm(gemv)               35443.87      8.24      1.32      2.50     0.59     71.6
       658 silu_mul                 35453.43     41.04     13.28      2.10     0.00      0.0
       659 gemm(gemv)               35507.75      0.00     14.24      2.50     0.59      0.0
       660 scatter_axpy             35521.99     20.52     18.64      2.30     0.00      0.2
       661 upload_i32               35561.15     67.80     23.94      3.50     0.00      0.0
       662 upload                   35652.89     27.74      4.16      2.60     0.00      0.0
       663 gather_rows              35684.79      0.36     67.68      2.40     0.00     11.4
       664 gemm(gemv)               35752.83     45.60      0.00      3.30     0.59     12.9
       665 gemm(gemv)               35798.43      0.36     12.72      1.80     0.59   1638.4
       666 silu_mul                 35811.51     46.92     12.32      1.70     0.00      0.0
       667 gemm(gemv)               35870.75      0.36     14.28      2.30     0.59   1638.4
       668 scatter_axpy             35885.39      0.36     45.92      2.30     0.00     11.4
       669 upload_i32               35931.67     50.80      1.56      2.20     0.00      0.0
       670 upload                   35984.03     57.96     21.24      2.30     0.00      0.0
       671 gather_rows              36063.23      0.72     13.48      2.50     0.00      5.7
       672 gemm(gemv)               36077.43      0.44     48.92      2.70     0.59   1340.5
       673 gemm(gemv)               36126.79     44.72      3.74      2.00     0.59     13.2
       674 silu_mul                 36175.25      8.38     11.00      1.90     0.00      0.0
       675 gemm(gemv)               36194.63      0.56     56.44      2.60     0.59   1053.3
       676 scatter_axpy             36251.63     44.80      0.00      2.80     0.00      0.1
       677 upload_i32               36296.43     15.68     12.52      2.70     0.00      0.0
       678 upload                   36324.63      5.00     56.16      3.00     0.00      0.0
       679 gather_rows              36385.79     20.48     18.16      2.40     0.00      0.2
       680 gemm(gemv)               36424.43     61.96     15.70      2.50     0.59      9.5
       681 gemm(gemv)               36502.09      8.20      1.32      2.40     0.59     71.9
       682 silu_mul                 36511.61     19.68     14.04      1.90     0.00      0.0
       683 gemm(gemv)               36545.33     22.44     14.20      2.40     0.59     26.3
       684 scatter_axpy             36581.97     47.88      3.16      2.00     0.00      0.1
       685 upload_i32               36633.01     19.60      2.68      2.40     0.00      0.0
       686 upload                   36655.29     51.40     16.52      2.90     0.00      0.0
       687 gather_rows              36723.21      0.00     19.84      2.30     0.00      0.0
       688 gemm(gemv)               36743.05      0.36     47.36      2.90     0.59   1638.4
       689 gemm(gemv)               36790.77     44.08      4.78      2.10     0.59     13.4
       690 silu_mul                 36839.63      0.36     10.88      1.70     0.00      0.0
       691 gemm(gemv)               36850.87     50.00     15.38      2.30     0.59     11.8
       692 scatter_axpy             36916.25      0.36     11.00      1.80     0.00     11.4
       693 upload_i32               36927.61     68.12     13.14      2.30     0.00      0.0
       694 upload                   37008.87     30.02      4.16      2.50     0.00      0.0
       695 gather_rows              37043.05      0.36     67.24      2.30     0.00     11.4
       696 gemm(gemv)               37110.65     45.16      0.00      3.00     0.59     13.1
       697 gemm(gemv)               37155.81      0.00     12.72      2.30     0.59      0.0
       698 silu_mul                 37168.53      0.32     44.60      1.60     0.00      0.0
       699 gemm(gemv)               37213.45     47.16      8.58      2.00     0.59     12.5
       700 scatter_axpy             37269.19     46.46     11.08      2.60     0.00      0.1
       701 upload_i32               37326.73      4.64     98.32      2.40     0.00      0.0
       702 upload                   37429.69      0.00     49.88      2.20     0.00      0.0
       703 gather_rows              37479.57      7.20     45.12      1.80     0.00      0.6
       704 gemm(gemv)               37531.89     20.16     12.52      2.70     0.59     29.3
       705 gemm(gemv)               37564.57     44.92     11.96      2.50     0.59     13.1
       706 silu_mul                 37621.45      7.72      1.40      2.30     0.00      0.0
       707 gemm(gemv)               37630.57     64.80     17.20      2.60     0.59      9.1
       708 scatter_axpy             37712.57      6.68      4.04      2.40     0.00      0.6
       709 upload_i32               37723.29     71.60     13.58      2.20     0.00      0.0
       710 upload                   37808.47     28.66      4.24      1.80     0.00      0.0
       711 gather_rows              37841.37      0.36     65.36      2.20     0.00     11.4
       712 gemm(gemv)               37907.09     46.68      0.00      2.90     0.59     12.6
       713 gemm(gemv)               37953.77     10.72      1.28      2.50     0.59     55.0
       714 silu_mul                 37965.77     40.60     11.32      1.80     0.00      0.0
       715 gemm(gemv)               38017.69      0.00     11.76      2.20     0.59      0.0
       716 scatter_axpy             38029.45      0.44     49.20      2.10     0.00      9.3
       717 gemm(gemv)               38079.09     45.52      3.86      2.60     0.59     13.0
       718 gemm(gemv)               38128.47      0.14     12.04      2.50     0.59   4213.0
       719 silu_mul                 38140.65      0.32     46.32      2.20     0.00      0.0
       720 gemm(gemv)               38187.29     46.64      6.16      2.60     0.59     12.6
       721 add_inplace              38240.09      0.36     10.40      2.30     0.00      0.0
       722 add_inplace              38250.85     61.28     18.70      1.90     0.00      0.0
       723 rmsnorm                  38330.83      0.32     15.84      2.40     0.00      0.0
       724 gemm_group               38346.99     37.16     37.44      2.20     0.00      0.0
       725 qk_norm                  38421.59      0.36     11.76      3.90     0.00      0.0
       726 rope                     38433.71    145.64     14.54   2999.60     0.00      0.0
       727 kv_append                38593.89      0.32     10.32      2.40     0.00      0.0
       728 attention                38604.53     21.40     38.08      6.20     0.00      0.0
       729 gemm(gemv)               38664.01     42.72      6.20      2.00     0.07      1.7
       730 softplus_act             38712.93      0.00     15.20      2.00     0.00      0.0
       731 mul_head_bcast           38728.13      0.36     63.00      2.40     0.00      0.0
       732 gemm(gemv)               38791.49     61.08      9.88      3.00     9.44    154.5
       733 add_inplace              38862.45      0.32      7.48      2.60     0.00      0.0
       734 rmsnorm                  38870.25      0.00     24.44      2.10     0.00      0.0
       735 fill0                    38894.69      0.36     52.12      2.20     0.00      0.0
       736 gemm(gemv)               38947.17     63.80     30.32      2.80     1.05     16.4
       737 download_f32             39041.29     82.72     95.20     94.60     0.00      0.0
       738 upload_i32               39219.21     61.96      0.00      4.00     0.00      0.0
       739 upload                   39281.17     27.92      4.20      2.70     0.00      0.0
       740 gather_rows              39313.29     42.52     15.00      4.60     0.00      0.1
       741 gemm(gemv)               39370.81      7.46     12.24      3.40     0.59     79.1
       742 gemm(gemv)               39390.51      0.36     71.48      2.60     0.59   1638.4
       743 silu_mul                 39462.35     45.80      0.00      3.60     0.00      0.0
       744 gemm(gemv)               39508.15      0.00     17.76      3.50     0.59      0.0
       745 scatter_axpy             39525.91      0.36     48.16      2.10     0.00     11.4
       746 upload_i32               39574.43     51.60      9.64      2.30     0.00      0.0
       747 upload                   39635.67     39.40     29.64      1.90     0.00      0.0
       748 gather_rows              39704.71      0.44     16.16      2.10     0.00      9.3
       749 gemm(gemv)               39721.31      0.36     48.20      3.20     0.59   1638.4
       750 gemm(gemv)               39769.87     44.80      8.44      2.30     0.59     13.2
       751 silu_mul                 39823.11      0.08     14.32      2.60     0.00      0.0
       752 gemm(gemv)               39837.51      0.44     49.12      2.30     0.59   1340.5
       753 scatter_axpy             39887.07     44.84      7.08      1.80     0.00      0.1
       754 upload_i32               39938.99     17.80     18.84      2.10     0.00      0.0
       755 upload                   39975.63      4.72     49.92      2.00     0.00      0.0
       756 gather_rows              40030.27      0.32     46.40      2.30     0.00     12.8
       757 gemm(gemv)               40076.99     45.28      9.12      2.90     0.59     13.0
       758 gemm(gemv)               40131.39     12.56     15.76      2.30     0.59     47.0
       759 silu_mul                 40159.71      0.36     64.84      2.50     0.00      0.0
       760 gemm(gemv)               40224.91    181.44    123.60      2.50     0.59      3.3
       761 scatter_axpy             40529.95      0.36     19.28      2.00     0.00     11.4
       762 upload_i32               40549.59      0.00     49.32      2.40     0.00      0.0
       763 upload                   40598.91      0.08     57.52      2.80     0.00      0.0
       764 gather_rows              40656.51      0.36     48.32      2.70     0.00     11.4
       765 gemm(gemv)               40705.19     45.84      8.64      2.50     0.59     12.9
       766 gemm(gemv)               40759.67      0.32     16.28      2.20     0.59   1843.2
       767 silu_mul                 40776.27     10.50     47.24      2.10     0.00      0.0
       768 gemm(gemv)               40834.01     66.12     44.20      2.30     0.59      8.9
       769 scatter_axpy             40944.33      6.08     16.20      2.00     0.00      0.7
       770 upload_i32               40966.61      0.00     62.36      2.00     0.00      0.0
       771 upload                   41028.97    161.56     46.52      2.30     0.00      0.0
       772 gather_rows              41237.05      2.08     22.44      2.30     0.00      2.0
       773 gemm(gemv)               41261.57      1.04     63.36      3.00     0.59    567.1
       774 gemm(gemv)               41325.97      7.36     49.24      1.90     0.59     80.1
       775 silu_mul                 41382.57    182.90     29.50      1.50     0.00      0.0
       776 gemm(gemv)               41594.97      0.44    189.60      2.10     0.59   1340.5
       777 scatter_axpy             41785.01     46.96      0.00      1.70     0.00      0.1
       778 upload_i32               41831.97     18.44     18.52      2.40     0.00      0.0
       779 upload                   41868.93     49.08     18.40      2.30     0.00      0.0
       780 gather_rows              41936.41      8.46     22.44      2.20     0.00      0.5
       781 gemm(gemv)               41967.31      0.36     64.76      3.20     0.59   1638.4
       782 gemm(gemv)               42032.43     45.28      8.80      2.00     0.59     13.0
       783 silu_mul                 42086.51      0.00     14.48      2.70     0.00      0.0
       784 gemm(gemv)               42100.99      0.44     48.32      2.40     0.59   1340.5
       785 scatter_axpy             42149.75     44.44      7.32      2.60     0.00      0.1
       786 upload_i32               42201.51     41.20     18.20      2.90     0.00      0.0
       787 upload                   42260.91     31.48      4.04      2.30     0.00      0.0
       788 gather_rows              42296.43      0.36     45.96      2.40     0.00     11.4
       789 gemm(gemv)               42342.75     46.48      8.12      2.40     0.59     12.7
       790 gemm(gemv)               42397.35     12.34     15.20      2.10     0.59     47.8
       791 silu_mul                 42424.89      0.32     64.28      1.70     0.00      0.0
       792 gemm(gemv)               42489.49     47.28      9.12      2.60     0.59     12.5
       793 scatter_axpy             42545.89      0.36     14.40      1.70     0.00     11.4
       794 upload_i32               42560.65      4.92     51.08      2.80     0.00      0.0
       795 upload                   42616.65      4.72     50.32      2.10     0.00      0.0
       796 gather_rows              42671.69      0.32     46.48      2.10     0.00     12.8
       797 gemm(gemv)               42718.49     44.28      9.04      2.50     0.59     13.3
       798 gemm(gemv)               42771.81      0.36     15.76      2.50     0.59   1638.4
       799 silu_mul                 42787.93      0.36     45.24      2.20     0.00      0.0
       800 gemm(gemv)               42833.53     45.04     10.68      2.20     0.59     13.1
       801 scatter_axpy             42889.25      0.36     15.40      2.20     0.00     11.4
       802 gemm(gemv)               42905.01      0.32     47.28      2.70     0.59   1843.2
       803 gemm(gemv)               42952.61     42.52     11.36      2.70     0.59     13.9
       804 silu_mul                 43006.49      0.00     14.68      2.20     0.00      0.0
       805 gemm(gemv)               43021.17      0.32     47.88      2.20     0.59   1843.2
       806 add_inplace              43069.37     42.76      7.52      2.10     0.00      0.0
       807 add_inplace              43119.65      0.36     16.08      2.10     0.00      0.0
       808 rmsnorm                  43136.09      0.36     47.44      3.10     0.00      0.0
       809 gemm(gemv)               43183.89     61.84      7.68      2.50     9.44    152.6
       810 gemm(gemv)               43253.41      0.36     10.36      2.60     1.18   3276.8
       811 gemm(gemv)               43264.13     56.48      9.74      2.30     1.72     30.5
       812 qk_norm                  43330.35      2.52     10.36      3.10     0.00      0.0
       813 rope                     43343.23     63.84     18.14      3.80     0.00      0.0
       814 kv_append                43425.21      0.00     13.40      2.40     0.00      0.0
       815 attention                43438.61      0.44     57.20      6.20     0.00      0.0
       816 gemm(gemv)               43496.25     42.24      1.44      2.70     0.07      1.7
       817 softplus_act             43539.93      0.48     18.28      1.80     0.00      0.0
       818 mul_head_bcast           43558.69      0.32     53.20      2.40     0.00      0.0
       819 gemm(gemv)               43612.21     62.16      9.24      2.50     9.44    151.8
       820 add_inplace              43683.61      0.36     10.04      1.70     0.00      0.0
       821 rmsnorm                  43694.01     49.04      4.30      1.90     0.00      0.0
       822 fill0                    43747.35      3.88     13.68      2.30     0.00      0.0
       823 gemm(gemv)               43764.91      0.80     69.50      2.20     1.05   1310.7
       824 download_f32             43835.21     66.64     83.60     83.00     0.00      0.0
       825 upload_i32               43985.45     32.28      4.08      4.30     0.00      0.0
       826 upload                   44021.81     58.76     17.80      2.80     0.00      0.0
       827 gather_rows              44098.37      0.00     19.32      4.80     0.00      0.0
       828 gemm(gemv)               44117.69      0.32     49.72      9.20     0.59   1843.2
       829 gemm(gemv)               44167.73     46.00      3.56      2.40     0.59     12.8
       830 silu_mul                 44217.29      0.36      7.48      1.90     0.00      0.0
       831 gemm(gemv)               44225.13     16.12     38.52      2.50     0.86     53.4
       832 scatter_axpy             44279.77     64.52     23.32      2.30     0.00      0.1
       833 upload_i32               44367.61     19.08     18.04      2.70     0.00      0.0
       834 upload                   44404.73     33.90     17.16      2.30     0.00      0.0
       835 gather_rows              44455.79      0.32     64.24      2.00     0.00     12.8
       836 gemm(gemv)               44520.35     47.08      0.00     49.90     0.59     12.5
       837 gemm(gemv)               44567.43      3.80     13.72      3.10     0.59    155.2
       838 silu_mul                 44584.95    119.84    104.90      2.60     0.00      0.0
       839 gemm(gemv)               44809.69     44.80      8.60      2.20     0.86     19.2
       840 scatter_axpy             44863.09      0.36     16.76      2.20     0.00     11.4
       841 upload_i32               44880.21      4.64     47.92      3.00     0.00      0.0
       842 upload                   44932.77      4.72     50.00      1.90     0.00      0.0
       843 gather_rows              44987.49      0.36     48.04      2.00     0.00     11.4
       844 gemm(gemv)               45035.89     44.68      4.24      2.40     0.59     13.2
       845 gemm(gemv)               45084.81      0.00     14.00      2.10     0.59      0.0
       846 silu_mul                 45098.81      0.36     51.12      1.70     0.00      0.0
       847 gemm(gemv)               45150.29     44.88     10.40      2.00     0.86     19.2
       848 scatter_axpy             45205.57      0.24     10.60      2.70     0.00     17.1
       849 upload_i32               45216.41      4.60     55.72      2.50     0.00      0.0
       850 upload                   45276.73      9.80     50.40      2.60     0.00      0.0
       851 gather_rows              45336.93      0.36     45.88      2.80     0.00     11.4
       852 gemm(gemv)               45383.17     46.64      3.14      3.00     0.59     12.6
       853 gemm(gemv)               45432.95      0.36     15.72      1.90     0.59   1638.4
       854 silu_mul                 45449.03      0.36     45.60      1.70     0.00      0.0
       855 gemm(gemv)               45494.99     48.56     25.32      2.50     0.86     17.7
       856 scatter_axpy             45568.87     43.32      8.64      2.10     0.00      0.1
       857 upload_i32               45620.83     51.08      7.60      2.40     0.00      0.0
       858 upload                   45679.51     29.88     44.52      2.30     0.00      0.0
       859 gather_rows              45753.91     43.56     17.60      1.90     0.00      0.1
       860 gemm(gemv)               45815.07     18.56      2.48      2.70     0.59     31.8
       861 gemm(gemv)               45836.11     44.44     15.12      2.40     0.59     13.3
       862 silu_mul                 45895.67      6.80     12.84      2.20     0.00      0.0
       863 gemm(gemv)               45915.31      0.48     58.28      2.60     0.86   1792.0
       864 scatter_axpy             45974.07      0.36     44.84      2.20     0.00     11.4
       865 upload_i32               46019.27     50.04     10.52      2.20     0.00      0.0
       866 upload                   46079.83     60.00     27.12      2.20     0.00      0.0
       867 gather_rows              46166.95      0.48     18.40      1.90     0.00      8.5
       868 gemm(gemv)               46185.83      0.36     45.08      2.20     0.59   1638.4
       869 gemm(gemv)               46231.27     60.56      2.94      2.50     0.59      9.7
       870 silu_mul                 46294.77      0.00     14.56      2.40     0.00      0.0
       871 gemm(gemv)               46309.33      0.52     49.80      2.30     0.86   1654.2
       872 scatter_axpy             46359.65     46.40      5.78      2.30     0.00      0.1
       873 upload_i32               46411.83     18.64     17.68      2.60     0.00      0.0
       874 upload                   46448.15     34.36     17.52      2.40     0.00      0.0
       875 gather_rows              46500.03      0.36     49.20      2.00     0.00     11.4
       876 gemm(gemv)               46549.59     60.84     12.54      3.00     0.59      9.7
       877 gemm(gemv)               46622.97      0.00     15.60      1.80     0.59      0.0
       878 silu_mul                 46638.57      0.36     48.56      2.70     0.00      0.0
       879 gemm(gemv)               46687.49     45.12     10.80      2.40     0.86     19.1
       880 scatter_axpy             46743.41      0.68      9.88      1.90     0.00      6.0
       881 upload_i32               46753.97     43.16     53.80      2.50     0.00      0.0
       882 upload                   46850.93     42.32     17.40      1.90     0.00      0.0
       883 gather_rows              46910.65      0.44     16.16      2.10     0.00      9.3
       884 gemm(gemv)               46927.25      0.32     45.88      2.40     0.59   1843.2
       885 gemm(gemv)               46973.45     49.20      7.12      2.70     0.59     12.0
       886 silu_mul                 47029.77      6.68      1.28      2.40     0.00      0.0
       887 gemm(gemv)               47037.73     23.60     14.84      2.30     0.86     36.4
       888 scatter_axpy             47076.17     63.20     16.80      2.30     0.00      0.1
       889 gemm(gemv)               47156.17      0.36     12.52      2.90     0.59   1638.4
       890 gemm(gemv)               47169.05     61.12      6.92      2.30     0.59      9.7
       891 silu_mul                 47237.09      0.36     32.20      2.20     0.00      0.0
       892 gemm(gemv)               47269.65     22.83     18.30      2.40     0.86     37.7
       893 add_inplace              47310.78     25.16     13.08      2.10     0.00      0.0
       894 add_inplace              47349.02     25.16     13.17      2.90     0.00      0.0
       895 rmsnorm                  47387.35     32.38     13.11      2.60     0.00      0.0
       896 gemm_group               47432.84     47.06     10.04      2.90     0.00      0.0
       897 qk_norm                  47489.94      0.36     10.64      3.60     0.00      0.0
       898 rope                     47500.94     50.40      1.63      2.80     0.00      0.0
       899 kv_append                47552.97     39.64     10.36      2.40     0.00      0.0
       900 attention                47602.97     53.15     65.66      5.40     0.00      0.0
       901 gemm(gemv)               47721.78     19.47      4.04      2.40     0.07      3.8
       902 softplus_act             47745.29     20.89     16.42      1.90     0.00      0.0
       903 mul_head_bcast           47782.60     25.31     12.76      2.10     0.00      0.0
       904 gemm(gemv)               47820.67     43.43      0.00      2.20     9.44    217.3
       905 add_inplace              47864.10      0.36      9.96      1.90     0.00      0.0
       906 rmsnorm                  47874.42     50.20     25.75      2.10     0.00      0.0
       907 fill0                    47950.37      0.36     77.40      2.20     0.00      0.0
       908 gemm(gemv)               48028.13      2.94      4.80      2.30     1.05    356.7
       909 download_f32             48035.87    181.76    257.50    257.40     0.00      0.0
       910 upload_i32               48475.13     42.56     19.44      4.30     0.00      0.0
       911 upload                   48537.13     19.04     16.92      3.10     0.00      0.0
       912 gather_rows              48573.09     48.04     15.96      4.90     0.00      0.1
       913 gemm(gemv)               48637.09      0.00     13.20      3.80     0.59      0.0
       914 gemm(gemv)               48650.29      4.08     55.72      3.00     0.59    144.6
       915 silu_mul                 48710.09      0.36     64.52      2.30     0.00      0.0
       916 gemm(gemv)               48774.97     45.08     11.04      2.00     0.59     13.1
       917 scatter_axpy             48831.09      6.80      4.16      2.00     0.00      0.6
       918 warm_read                48842.05     43.08     11.24    154.10     0.00      0.0
       919 warm_read                48896.37      5.50      4.12    164.10     0.00      0.0
       920 warm_read                48905.99     63.36     41.52    157.60     0.00      0.0
       921 upload_paged             49010.87    501.40      5.28    490.50     1.77      3.5
       922 upload_i32               49517.55    103.76     48.24      5.50     0.00      0.0
       923 upload                   49669.55    105.00      9.44      2.90     0.00      0.0
       924 gather_rows              49783.99     55.36     40.16      4.70     0.00      0.1
       925 gemm(gemv)               49879.51     81.84     18.98      3.90     0.59      7.2
       926 gemm(gemv)               49980.33     60.08      1.28      2.50     0.59      9.8
       927 silu_mul                 50041.69     86.04     19.40      1.70     0.00      0.0
       928 gemm(gemv)               50147.13     62.56      3.52      2.10     0.59      9.4
       929 scatter_axpy             50213.21     85.08      9.78      2.00     0.00      0.0
       930 upload_i32               50308.07    128.52      3.52      2.20     0.00      0.0
       931 upload                   50440.11     52.64     16.76      2.00     0.00      0.0
       932 gather_rows              50509.51      0.00     22.40      1.50     0.00      0.0
       933 gemm(gemv)               50531.91      0.32     65.76      3.30     0.59   1843.2
       934 gemm(gemv)               50597.99     44.60      0.00      2.60     0.59     13.2
       935 silu_mul                 50642.59      2.42     11.08      1.70     0.00      0.0
       936 gemm(gemv)               50656.09      0.32     49.80      2.10     0.59   1843.2
       937 scatter_axpy             50706.21     44.44      2.68      1.80     0.00      0.1
       938 upload_i32               50753.33     22.52      2.48      2.40     0.00      0.0
       939 upload                   50778.33      4.72     49.80      2.40     0.00      0.0
       940 gather_rows              50832.85      0.36     46.48      2.30     0.00     11.4
       941 gemm(gemv)               50879.69     45.76      5.50      4.00     0.59     12.9
       942 gemm(gemv)               50930.95     10.44      1.32      2.20     0.59     56.5
       943 silu_mul                 50942.71     18.64     11.40      1.90     0.00      0.0
       944 gemm(gemv)               50972.75     44.08     14.00      1.90     0.59     13.4
       945 scatter_axpy             51030.83      0.36     11.08      2.30     0.00     11.4
       946 upload_i32               51042.27     70.24     16.92      2.40     0.00      0.0
       947 upload                   51129.43     56.40     22.32      2.00     0.00      0.0
       948 gather_rows              51208.15      0.00     14.32      3.30     0.00      0.0
       949 gemm(gemv)               51222.47      0.44     48.80      3.30     0.59   1340.5
       950 gemm(gemv)               51271.71     44.84      4.96      2.20     0.59     13.2
       951 silu_mul                 51321.51      0.36     10.24      2.30     0.00      0.0
       952 gemm(gemv)               51332.11     47.16     14.76      2.20     0.59     12.5
       953 scatter_axpy             51394.03      0.36     11.16      2.00     0.00     11.4
       954 upload_i32               51405.55     58.24     16.32      2.30     0.00      0.0
       955 upload                   51480.11     56.28     22.92      2.30     0.00      0.0
       956 gather_rows              51559.31      0.00     14.00      1.90     0.00      0.0
       957 gemm(gemv)               51573.31      0.44     48.92      2.30     0.59   1340.5
       958 gemm(gemv)               51622.67     44.12      4.44      3.00     0.59     13.4
       959 silu_mul                 51671.23      0.36     11.08      2.00     0.00      0.0
       960 gemm(gemv)               51682.67     48.92     14.74      1.80     0.59     12.1
       961 scatter_axpy             51746.33      0.32     10.68      2.00     0.00     12.8
       962 upload_i32               51757.33     55.08     11.98      2.20     0.00      0.0
       963 upload                   51824.39     98.28     46.62      2.20     0.00      0.0
       964 gather_rows              51969.29      0.36     21.04      2.30     0.00     11.4
       965 gemm(gemv)               51990.69     20.20     15.04      2.90     0.59     29.2
       966 gemm(gemv)               52025.93     42.96     14.40      2.70     0.59     13.7
       967 silu_mul                 52083.29      6.84      1.28      2.00     0.00      0.0
       968 gemm(gemv)               52091.41     42.48     15.48      2.30     0.59     13.9
       969 scatter_axpy             52149.37      0.36     11.32      2.30     0.00     11.4
       970 upload_i32               52161.05     54.60      0.00      2.10     0.00      0.0
       971 upload                   52215.65      4.72     50.36      2.10     0.00      0.0
       972 gather_rows              52270.73      0.36     46.52      2.20     0.00     11.4
       973 gemm(gemv)               52317.61     44.20      5.64      2.40     0.59     13.3
       974 gemm(gemv)               52367.45      9.40      3.48      2.10     0.59     62.7
       975 silu_mul                 52380.33     43.24     12.92      1.90     0.00      0.0
       976 gemm(gemv)               52436.49      2.02     18.64      2.50     0.59    292.0
       977 scatter_axpy             52457.15      0.36     49.36      2.00     0.00     11.4
       978 gemm(gemv)               52506.87     68.84     10.78      3.50     0.59      8.6
       979 gemm(gemv)               52586.49      0.44     17.56      2.10     0.59   1340.5
       980 silu_mul                 52604.49      0.36     44.76      2.00     0.00      0.0
       981 gemm(gemv)               52649.61     47.28      1.24      2.00     0.59     12.5
       982 add_inplace              52698.13      0.32     10.92      2.60     0.00      0.0
       983 add_inplace              52709.37     69.88     19.18      1.90     0.00      0.0
       984 rmsnorm                  52798.43      1.82     28.40      3.00     0.00      0.0
       985 gemm_group               52828.65     30.92     61.92      2.90     0.00      0.0
       986 qk_norm                  52921.49     42.28      1.36      3.50     0.00      0.0
       987 rope                     52965.13    101.20     11.72   3368.30     0.00      0.0
       988 kv_append                53078.05      0.36     54.92      3.60     0.00      0.0
       989 attention                53133.33     50.44     13.72      6.20     0.00      0.0
       990 gemm(gemv)               53197.49     21.78      9.48      2.80     0.06      2.5
       991 softplus_act             53228.75      0.36     74.88      2.20     0.00      0.0
       992 mul_head_bcast           53303.99     46.36      0.00      2.30     0.00      0.0
       993 gemm(gemv)               53350.35     27.76      3.52      2.40     7.08    255.0
       994 add_inplace              53381.63     41.20     13.44      1.90     0.00      0.0
       995 rmsnorm                  53436.27      0.36     20.68      1.60     0.00      0.0
       996 fill0                    53457.31      0.36     53.00      2.90     0.00      0.0
       997 gemm(gemv)               53510.67     73.18     14.24      2.60     1.05     14.3
       998 download_f32             53598.09     63.64     90.10     89.20     0.00      0.0
       999 upload_i32               53751.83     15.42      4.04      4.40     0.00      0.0
      1000 upload                   53771.29      6.24     56.28      2.40     0.00      0.0
      1001 gather_rows              53833.81      0.32     44.72      4.70     0.00     12.8
      1002 gemm(gemv)               53878.85     46.00      0.00      3.90     0.59     12.8
      1003 gemm(gemv)               53924.85     10.64      1.32      2.60     0.59     55.4
      1004 silu_mul                 53936.81     18.12     13.28      1.80     0.00      0.0
      1005 gemm(gemv)               53968.21     43.96     14.04      2.80     0.59     13.4
      1006 scatter_axpy             54026.21      6.76      4.60      2.30     0.00      0.6
      1007 upload_i32               54037.57     51.92     15.08      3.60     0.00      0.0
      1008 upload                   54104.57     58.48     24.16      2.60     0.00      0.0
      1009 gather_rows              54187.21      0.00     14.36      2.20     0.00      0.0
      1010 gemm(gemv)               54201.57      0.32     47.20      3.30     0.59   1843.2
      1011 gemm(gemv)               54249.09     43.52      7.32      2.80     0.59     13.6
      1012 silu_mul                 54299.93      7.88      3.36      2.10     0.00      0.0
      1013 gemm(gemv)               54311.17     48.60     17.10      2.50     0.59     12.1
      1014 scatter_axpy             54376.87      0.32     10.60      2.20     0.00     12.8
      1015 upload_i32               54387.79     53.46     33.32     49.00     0.00      0.0
      1016 upload                   54474.57     88.70    338.60      2.70     0.00      0.0
      1017 gather_rows              54901.87      0.36     76.12      2.30     0.00     11.4
      1018 gemm(gemv)               54978.35     48.96      0.00      3.50     0.59     12.0
      1019 gemm(gemv)               55027.31      0.72     18.12      2.50     0.59    819.2
      1020 silu_mul                 55046.15      0.36     49.12      2.10     0.00      0.0
      1021 gemm(gemv)               55095.63     62.92     11.84      2.10     0.59      9.4
      1022 scatter_axpy             55170.39      8.40     27.96      2.00     0.00      0.5
      1023 warm_read                55206.75     33.52     56.80    141.30     0.00      0.0
      1024 warm_read                55297.07      5.24     39.40    181.90     0.00      0.0
      1025 warm_read                55341.71      4.20    180.48    166.50     0.00      0.0
      1026 upload_paged             55526.39     97.80      5.76   1220.30     1.77     18.1
      1027 upload_i32               55629.95     51.40     10.56      5.10     0.00      0.0
      1028 upload                   55691.91     41.60     24.88      3.30     0.00      0.0
      1029 gather_rows              55758.39      0.48     17.16      4.30     0.00      8.5
      1030 gemm(gemv)               55776.03      0.32     46.80      3.70     0.59   1843.2
      1031 gemm(gemv)               55823.15     44.32      0.00      2.30     0.59     13.3
      1032 silu_mul                 55867.47      9.16      1.28      2.60     0.00      0.0
      1033 gemm(gemv)               55877.91     20.24     15.12      2.40     0.59     29.1
      1034 scatter_axpy             55913.27     45.24     13.08      2.30     0.00      0.1
      1035 warm_read                55971.59      4.16      2.68    144.10     0.00      0.0
      1036 warm_read                55978.43     38.88     14.56    145.00     0.00      0.0
      1037 warm_read                56031.87     65.08      5.28    141.00     0.00      0.0
      1038 upload_paged             56102.23    388.56      5.04    382.20     1.77      4.6
      1039 upload_i32               56495.83     50.04     10.28      5.40     0.00      0.0
      1040 upload                   56556.15     57.08     23.28      3.10     0.00      0.0
      1041 gather_rows              56636.51      0.44     15.92      4.60     0.00      9.3
      1042 gemm(gemv)               56652.87      0.32     45.80      3.50     0.59   1843.2
      1043 gemm(gemv)               56698.99     48.40     10.46      2.70     0.59     12.2
      1044 silu_mul                 56757.85      9.20      1.28      2.30     0.00      0.0
      1045 gemm(gemv)               56768.33     22.40     13.52      2.00     0.59     26.3
      1046 scatter_axpy             56804.25     43.52      7.00      2.70     0.00      0.1
      1047 upload_i32               56854.77      7.56     15.72      2.50     0.00      0.0
      1048 upload                   56878.05      4.68     49.72      2.40     0.00      0.0
      1049 gather_rows              56932.45      0.36     46.64      2.20     0.00     11.4
      1050 gemm(gemv)               56979.45     45.80      6.80      3.10     0.59     12.9
      1051 gemm(gemv)               57032.05     10.24      1.32      2.70     0.59     57.6
      1052 silu_mul                 57043.61     19.08     11.60      2.40     0.00      0.0
      1053 gemm(gemv)               57074.29     21.72     14.44      2.30     0.59     27.2
      1054 scatter_axpy             57110.45     44.00     12.00      1.90     0.00      0.1
      1055 upload_i32               57166.45      7.84     15.64      2.20     0.00      0.0
      1056 upload                   57189.93      4.68     49.72      2.70     0.00      0.0
      1057 gather_rows              57244.33      0.36     46.48      2.10     0.00     11.4
      1058 gemm(gemv)               57291.17     45.12      5.78      3.50     0.59     13.1
      1059 gemm(gemv)               57342.07     11.12      1.28      2.10     0.59     53.0
      1060 silu_mul                 57354.47     44.44     12.98      1.80     0.00      0.0
      1061 gemm(gemv)               57411.89      0.00     13.96      2.80     0.59      0.0
      1062 scatter_axpy             57425.85      0.44     47.96      2.00     0.00      9.3
      1063 upload_i32               57474.25     52.60      6.90      2.40     0.00      0.0
      1064 upload                   57533.75     57.24     21.60      2.20     0.00      0.0
      1065 gather_rows              57612.59      0.00     14.76      2.40     0.00      0.0
      1066 gemm(gemv)               57627.35      0.36     46.92      3.00     0.59   1638.4
      1067 gemm(gemv)               57674.63     44.44      6.32      2.70     0.59     13.3
      1068 silu_mul                 57725.39      0.36     10.40      2.10     0.00      0.0
      1069 gemm(gemv)               57736.15     49.08     16.50      2.30     0.59     12.0
      1070 scatter_axpy             57801.73      0.36     10.48      1.90     0.00     11.4
      1071 gemm(gemv)               57812.57     50.12     11.88      2.60     0.59     11.8
      1072 gemm(gemv)               57874.57      9.12      1.36      2.20     0.59     64.7
      1073 silu_mul                 57885.05     41.52     11.48      2.10     0.00      0.0
      1074 gemm(gemv)               57938.05      0.44     14.80      2.60     0.59   1340.5
      1075 add_inplace              57953.29     19.52     18.48      2.20     0.00      0.0
      1076 add_inplace              57991.29     41.88     12.96      2.20     0.00      0.0
      1077 rmsnorm                  58046.13      0.32     15.40      2.70     0.00      0.0
      1078 gemm(gemv)               58061.85     25.40     37.24      2.70     9.44    371.5
      1079 gemm(gemv)               58124.49      0.36     13.72      2.40     1.18   3276.8
      1080 gemm(gemv)               58138.57     48.52      4.28      3.30     1.72     35.5
      1081 qk_norm                  58191.37      3.46     13.92      3.60     0.00      0.0
      1082 rope                     58208.75    143.72     55.90   1783.30     0.00      0.0
      1083 kv_append                58408.37      0.00     12.76      3.00     0.00      0.0
      1084 attention                58421.13      0.48     58.24      6.60     0.00      0.0
      1085 gemm(gemv)               58479.85      0.32     22.64      2.70     0.07    230.4
      1086 softplus_act             58502.81      0.32     50.88      2.50     0.00      0.0
      1087 mul_head_bcast           58554.01     42.20      9.68      2.50     0.00      0.0
      1088 gemm(gemv)               58605.89     31.44      3.60      2.40     9.44    300.2
      1089 add_inplace              58640.93     40.96      9.36      2.20     0.00      0.0
      1090 rmsnorm                  58691.25      0.36     19.36      2.30     0.00      0.0
      1091 fill0                    58710.97      0.36     50.28      2.60     0.00      0.0
      1092 gemm(gemv)               58761.61    129.06     12.36      2.40     1.05      8.1
      1093 download_f32             58903.03     73.48     84.80     84.60     0.00      0.0
      1094 warm_read                59061.31    157.44     14.56    149.60     0.00      0.0
      1095 warm_read                59233.31    175.16     18.40    151.10     0.00      0.0
      1096 warm_read                59426.87    197.36     12.48    195.70     0.00      0.0
      1097 upload_paged             59636.71    201.84    845.22    483.00     2.04     10.1
      1098 upload_i32               60683.77     52.12     12.64      6.40     0.00      0.0
      1099 upload                   60748.53     44.20     25.60      5.20     0.00      0.0
      1100 gather_rows              60818.33     60.00      0.00      5.50     0.00      0.1
      1101 gemm(gemv)               60878.33      0.00     14.36      3.20     0.59      0.0
      1102 gemm(gemv)               60892.69      0.44     50.08      2.70     0.59   1340.5
      1103 silu_mul                 60943.21     42.44      3.68      2.40     0.00      0.0
      1104 gemm(gemv)               60989.33      0.44     16.76     33.00     0.86   1954.9
      1105 scatter_axpy             61006.53      0.36     46.84      2.70     0.00     11.4
      1106 upload_i32               61053.73     50.08     11.96      2.50     0.00      0.0
      1107 upload                   61115.77     58.24     11.42      2.50     0.00      0.0
      1108 gather_rows              61185.43      0.36     25.32      2.30     0.00     11.4
      1109 gemm(gemv)               61211.11      0.36     46.20      3.30     0.59   1638.4
      1110 gemm(gemv)               61257.67     45.20      9.56      2.70     0.59     13.0
      1111 silu_mul                 61312.43      0.00     14.68      2.20     0.00      0.0
      1112 gemm(gemv)               61327.11      0.36     51.36      2.70     0.86   2389.3
      1113 scatter_axpy             61378.83     43.64      6.56      2.00     0.00      0.1
      1114 upload_i32               61429.03     57.52     19.40      2.30     0.00      0.0
      1115 upload                   61505.95     32.60      4.12      2.30     0.00      0.0
      1116 gather_rows              61542.67      0.36     46.00      1.70     0.00     11.4
      1117 gemm(gemv)               61589.03     45.64      8.32      3.30     0.59     12.9
      1118 gemm(gemv)               61642.99      0.36     16.64      2.70     0.59   1638.4
      1119 silu_mul                 61659.99      0.36     45.28      2.40     0.00      0.0
      1120 gemm(gemv)               61705.63    181.88    136.38      2.50     0.86      4.7
      1121 scatter_axpy             62023.89      0.36     18.52      2.80     0.00     11.4
      1122 upload_i32               62042.77      0.00     48.44      2.20     0.00      0.0
      1123 upload                   62091.21      4.68     51.36      2.50     0.00      0.0
      1124 gather_rows              62147.25      0.36     46.72      2.50     0.00     11.4
      1125 gemm(gemv)               62194.33     42.68     11.16      2.20     0.59     13.8
      1126 gemm(gemv)               62248.17     18.90     17.44      2.20     0.59     31.2
      1127 silu_mul                 62284.51      0.32     62.40      2.20     0.00      0.0
      1128 gemm(gemv)               62347.23     10.28     37.88      3.00     0.86     83.7
      1129 scatter_axpy             62395.39     68.84     26.22      2.10     0.00      0.1
      1130 upload_i32               62490.45     59.00    165.72      2.10     0.00      0.0
      1131 upload                   62715.17      8.84     50.12      3.00     0.00      0.0
      1132 gather_rows              62774.13     44.04     17.64      2.70     0.00      0.1
      1133 gemm(gemv)               62835.81      0.44     18.04      3.20     0.59   1340.5
      1134 gemm(gemv)               62854.29      0.36     53.68      2.70     0.59   1638.4
      1135 silu_mul                 62908.33     46.32      0.00      2.70     0.00      0.0
      1136 gemm(gemv)               62954.65      0.48     21.60      3.00     0.86   1792.0
      1137 scatter_axpy             62976.73      0.32     63.92      2.30     0.00     12.8
      1138 upload_i32               63040.97     53.76      9.26      2.40     0.00      0.0
      1139 upload                   63103.99     58.80      9.54      2.90     0.00      0.0
      1140 gather_rows              63172.33     42.68      4.20      2.00     0.00      0.1
      1141 gemm(gemv)               63219.21      0.44     20.04      2.40     0.59   1340.5
      1142 gemm(gemv)               63239.69      0.36     52.92      2.90     0.59   1638.4
      1143 silu_mul                 63292.97     42.80      8.32      2.50     0.00      0.0
      1144 gemm(gemv)               63344.09     18.44      3.56      2.20     0.86     46.6
      1145 scatter_axpy             63366.09     42.84     14.44      2.50     0.00      0.1
      1146 upload_i32               63423.37     56.40     18.84      2.90     0.00      0.0
      1147 upload                   63498.61     32.16      4.16      2.70     0.00      0.0
      1148 gather_rows              63534.93      0.32     46.08      2.50     0.00     12.8
      1149 gemm(gemv)               63581.33     47.00      7.88      3.50     0.59     12.5
      1150 gemm(gemv)               63636.21      4.66     16.16      2.60     0.59    126.6
      1151 silu_mul                 63657.03      0.36     63.16      2.40     0.00      0.0
      1152 gemm(gemv)               63720.55     46.48     10.28      2.00     0.86     18.5
      1153 scatter_axpy             63777.31      0.00     14.48      1.60     0.00      0.0
      1154 upload_i32               63791.79      4.68     51.56      2.40     0.00      0.0
      1155 upload                   63848.03      4.64     50.12      2.30     0.00      0.0
      1156 gather_rows              63902.79      0.36     47.08      2.00     0.00     11.4
      1157 gemm(gemv)               63950.23     44.80      9.96      3.00     0.59     13.2
      1158 gemm(gemv)               64004.99      0.36     16.08      2.40     0.59   1638.4
      1159 silu_mul                 64021.43      0.36     45.20      2.30     0.00      0.0
      1160 gemm(gemv)               64066.99     46.12     11.04      2.40     0.86     18.7
      1161 scatter_axpy             64124.15      0.24     13.60    123.50     0.00     17.1
      1162 gemm(gemv)               64137.99      0.36     47.96      3.10     0.59   1638.4
      1163 gemm(gemv)               64186.31     44.20      8.88      2.10     0.59     13.3
      1164 silu_mul                 64239.39      0.36     14.92      2.30     0.00      0.0
      1165 gemm(gemv)               64254.67      0.36     50.60      2.30     0.86   2389.3
      1166 add_inplace              64305.63     41.00      7.12      2.30     0.00      0.0
      1167 add_inplace              64353.75      0.32     16.48      2.10     0.00      0.0
      1168 rmsnorm                  64370.55      0.36     52.88      3.30     0.00      0.0
      1169 gemm_group               64423.79     68.80      9.48      3.60     0.00      0.0
      1170 qk_norm                  64502.07      2.44      8.48      4.60     0.00      0.0
      1171 rope                     64512.99     11.40     21.00      4.00     0.00      0.0
      1172 kv_append                64545.39      0.36     65.84      3.20     0.00      0.0
      1173 attention                64611.59     52.64     10.80      7.30     0.00      0.0
      1174 gemm(gemv)               64675.03      0.36      9.52      2.50     0.07    204.8
      1175 softplus_act             64684.91     45.20      1.18      2.40     0.00      0.0
      1176 mul_head_bcast           64731.29      0.44     16.32      2.10     0.00      0.0
      1177 gemm(gemv)               64748.05     24.72     39.40      2.70     9.44    381.8
      1178 add_inplace              64812.17      0.36     14.64      7.70     0.00      0.0
      1179 rmsnorm                  64827.17      0.32     49.68      2.20     0.00      0.0
      1180 fill0                    64877.17     45.36      8.24      3.10     0.00      0.0
      1181 gemm(gemv)               64930.77     28.18     20.24      2.70     1.05     37.2
      1182 download_f32             64979.19     62.96     81.00     80.50     0.00      0.0
      1183 upload_i32               65123.15     18.28     17.08      4.00     0.00      0.0
      1184 upload                   65158.51     20.86     16.72      2.70     0.00      0.0
      1185 gather_rows              65196.09      0.36     46.88      4.80     0.00     11.4
      1186 gemm(gemv)               65243.33     44.56      5.26      3.90     0.59     13.2
      1187 gemm(gemv)               65293.15      8.32      1.32      2.40     0.59     70.9
      1188 silu_mul                 65302.79     19.48     13.28      2.00     0.00      0.0
      1189 gemm(gemv)               65335.55     22.64     14.96      2.20     0.59     26.1
      1190 scatter_axpy             65373.15     45.36     13.04     91.20     0.00      0.1
      1191 upload_i32               65431.55      7.44     15.72      3.30     0.00      0.0
      1192 upload                   65454.71      4.72     50.16      2.50     0.00      0.0
      1193 gather_rows              65509.59      0.36     47.12      2.60     0.00     11.4
      1194 gemm(gemv)               65557.07     45.72      6.72      2.80     0.59     12.9
      1195 gemm(gemv)               65609.51      0.32     12.36      2.10     0.59   1843.2
      1196 silu_mul                 65622.19     47.48     13.40      2.50     0.00      0.0
      1197 gemm(gemv)               65683.07      0.44     14.96      2.10     0.59   1340.5
      1198 scatter_axpy             65698.47      0.36     46.40      2.00     0.00     11.4
      1199 upload_i32               65745.23     51.68      2.16      2.30     0.00      0.0
      1200 upload                   65799.07     58.64      4.16      2.80     0.00      0.0
      1201 gather_rows              65861.87     15.28     40.36      1.90     0.00      0.3
      1202 gemm(gemv)               65917.51    109.88     55.88      3.30     0.59      5.4
      1203 gemm(gemv)               66083.27      0.00     40.76      2.80     0.59      0.0
      1204 silu_mul                 66124.03     14.66     57.24      2.10     0.00      0.0
      1205 gemm(gemv)               66195.93     49.52     65.16      2.10     0.59     11.9
      1206 scatter_axpy             66310.61      0.32     18.60      3.00     0.00     12.8
      1207 upload_i32               66329.53      7.32     50.44      2.80     0.00      0.0
      1208 upload                   66387.29      4.56     50.52      2.60     0.00      0.0
      1209 gather_rows              66442.37      0.32     48.08      2.50     0.00     12.8
      1210 gemm(gemv)               66490.77     48.48     10.52      3.40     0.59     12.2
      1211 gemm(gemv)               66549.77     44.04      7.24      2.30     0.59     13.4
      1212 silu_mul                 66601.05      0.00     15.68      1.50     0.00      0.0
      1213 gemm(gemv)               66616.73      0.36     60.32      2.80     0.59   1638.4
      1214 scatter_axpy             66677.41     46.04      8.32      2.80     0.00      0.1
      1215 upload_i32               66731.77     72.56      7.80      2.20     0.00      0.0
      1216 upload                   66812.13      0.00     80.84      2.70     0.00      0.0
      1217 gather_rows              66892.97     14.94     76.36      2.30     0.00      0.3
      1218 gemm(gemv)               66984.27    300.48     71.84      3.20     0.59      2.0
      1219 gemm(gemv)               67356.59     55.64     52.52      2.80     0.59     10.6
      1220 silu_mul                 67464.75     79.20     37.32      2.40     0.00      0.0
      1221 gemm(gemv)               67581.27     21.64      4.12      2.60     0.59     27.3
      1222 scatter_axpy             67607.03     43.80     15.04      1.60     0.00      0.1
      1223 warm_read                67665.87     11.38      3.52    128.40     0.00      0.0
      1224 warm_read                67680.77      4.12     60.76    153.30     0.00      0.0
      1225 warm_read                67745.65     43.44      1.12    140.30     0.00      0.0
      1226 upload_paged             67790.21     75.80      4.16   2019.10     1.77     23.3
      1227 upload_i32               67870.17     51.28     10.64      7.90     0.00      0.0
      1228 upload                   67932.09     58.08     22.20      2.70     0.00      0.0
      1229 gather_rows              68012.37      0.44     16.16      5.40     0.00      9.3
      1230 gemm(gemv)               68028.97      0.36     46.28      3.50     0.59   1638.4
      1231 gemm(gemv)               68075.61     44.04      6.68      1.80     0.59     13.4
      1232 silu_mul                 68126.33      0.00     12.80      2.60     0.00      0.0
      1233 gemm(gemv)               68139.13      0.44     48.80      2.30     0.59   1340.5
      1234 scatter_axpy             68188.37     45.52      4.86      2.90     0.00      0.1
      1235 warm_read                68238.75      4.04      2.68    179.40     0.00      0.0
      1236 warm_read                68245.47     42.84     18.36    140.60     0.00      0.0
      1237 warm_read                68306.67     98.84      4.16    166.30     0.00      0.0
      1238 upload_paged             68409.67    427.50     10.16    426.90     1.77      4.1
      1239 upload_i32               68847.33     90.31    148.03      6.70     0.00      0.0
      1240 upload                   69085.67     72.80     15.36      3.20     0.00      0.0
      1241 gather_rows              69173.83     83.90    113.90      4.50     0.00      0.0
      1242 gemm(gemv)               69371.63     91.50    182.60      3.20     0.59      6.4
      1243 gemm(gemv)               69645.73     34.94    266.38      1.90     0.59     16.9
      1244 silu_mul                 69947.05     30.38     16.47      2.40     0.00      0.0
      1245 gemm(gemv)               69993.90     49.88     16.56      2.50     0.59     11.8
      1246 scatter_axpy             70060.34      0.00     14.12      2.50     0.00      0.0
      1247 warm_read                70074.46     18.54     26.92    169.20     0.00      0.0
      1248 warm_read                70119.92     18.26     18.33    130.40     0.00      0.0
      1249 warm_read                70156.51     19.16     16.42    200.30     0.00      0.0
      1250 upload_paged             70192.09     60.31     14.30    846.60     1.77     29.3
      1251 upload_i32               70266.70     34.08     17.67      5.70     0.00      0.0
      1252 upload                   70318.45     37.93     18.69      2.30     0.00      0.0
      1253 gather_rows              70375.07     25.02     19.04      5.00     0.00      0.2
      1254 gemm(gemv)               70419.13     28.22     14.36      2.80     0.59     20.9
      1255 gemm(gemv)               70461.71     26.59     15.22      2.40     0.59     22.2
      1256 silu_mul                 70503.52     26.94     13.20      1.90     0.00      0.0
      1257 gemm(gemv)               70543.66     28.38     14.85      2.50     0.59     20.8
      1258 scatter_axpy             70586.89     43.34     11.27      1.80     0.00      0.1
      1259 gemm(gemv)               70641.50     29.28     13.90      2.80     0.59     20.1
      1260 gemm(gemv)               70684.68     29.29     13.66      2.90     0.59     20.1
      1261 silu_mul                 70727.63     26.21     13.85      2.70     0.00      0.0
      1262 gemm(gemv)               70767.69     28.71     15.42      2.00     0.59     20.5
      1263 add_inplace              70811.82     30.59      8.94      2.50     0.00      0.0
      1264 add_inplace              70851.35     25.95     14.77      2.30     0.00      0.0
      1265 rmsnorm                  70892.07     28.65     15.21      3.30     0.00      0.0
      1266 gemm_group               70935.93     71.86     18.73      3.10     0.00      0.0
      1267 qk_norm                  71026.52      0.36     10.80      4.10     0.00      0.0
      1268 rope                     71037.68     43.96     14.00      3.50     0.00      0.0
      1269 kv_append                71095.64     26.81     13.51      3.70     0.00      0.0
      1270 attention                71135.96     35.66     14.98      8.90     0.00      0.0
      1271 gemm(gemv)               71186.60      0.32     25.71      2.60     0.07    230.4
      1272 softplus_act             71212.63     20.80     19.49      2.10     0.00      0.0
      1273 mul_head_bcast           71252.92     22.22     17.30      2.00     0.00      0.0
      1274 gemm(gemv)               71292.44     43.19     14.98      2.80     9.44    218.5
      1275 add_inplace              71350.61      0.36     16.56      2.80     0.00      0.0
      1276 rmsnorm                  71367.53     25.01     21.65      2.50     0.00      0.0
      1277 fill0                    71414.19     67.80     12.37      2.70     0.00      0.0
      1278 gemm(gemv)               71494.36      1.14     15.36      2.70     1.05    919.8
      1279 download_f32             71510.86     44.81     69.00     69.10     0.00      0.0
      1280 upload_i32               71624.67     33.63      3.29      3.40     0.00      0.0
      1281 upload                   71661.59     31.46     18.08      2.60     0.00      0.0
      1282 gather_rows              71711.13     23.33     18.34      3.50     0.00      0.2
      1283 gemm(gemv)               71752.80     27.77     11.86      3.90     0.59     21.2
      1284 gemm(gemv)               71792.43     19.90     10.81      2.40     0.59     29.6
      1285 silu_mul                 71823.14     20.63     15.95      2.40     0.00      0.0
      1286 gemm(gemv)               71859.72     27.54     13.83      3.10     0.59     21.4
      1287 scatter_axpy             71901.09     20.53      8.48      2.10     0.00      0.2
      1288 upload_i32               71930.10     31.99     15.76      2.40     0.00      0.0
      1289 upload                   71977.85     44.23     22.08      2.20     0.00      0.0
      1290 gather_rows              72044.16      0.36     59.35      2.00     0.00     11.4
      1291 gemm(gemv)               72103.87     20.08     18.21      2.80     0.59     29.4
      1292 gemm(gemv)               72142.16     24.95     15.55      3.90     0.59     23.6
      1293 silu_mul                 72182.66     42.06     10.10      2.20     0.00      0.0
      1294 gemm(gemv)               72234.82     44.83     12.14      3.00     0.59     13.2
      1295 scatter_axpy             72291.79     22.11      7.88      1.80     0.00      0.2
      1296 upload_i32               72321.78     32.24     16.55      2.30     0.00      0.0
      1297 upload                   72370.57     35.04     16.99      3.10     0.00      0.0
      1298 gather_rows              72422.60     43.52     16.07      1.90     0.00      0.1
      1299 gemm(gemv)               72482.19     10.52      2.44      3.20     0.59     56.1
      1300 gemm(gemv)               72495.15     45.49     13.61      2.50     0.59     13.0
      1301 silu_mul                 72554.25     18.25     11.67      2.80     0.00      0.0
      1302 gemm(gemv)               72584.17     24.01     16.56      2.50     0.59     24.6
      1303 scatter_axpy             72624.74     43.74     11.82      2.20     0.00      0.1
      1304 upload_i32               72680.30     23.35     11.61      2.70     0.00      0.0
      1305 upload                   72715.26     37.01     24.31      2.30     0.00      0.0
      1306 gather_rows              72776.58     19.42     19.46      2.60     0.00      0.2
      1307 gemm(gemv)               72815.46     23.48     15.54      2.40     0.59     25.1
      1308 gemm(gemv)               72854.48     26.81      9.68      2.50     0.59     22.0
      1309 silu_mul                 72890.97     18.18     10.72      1.90     0.00      0.0
      1310 gemm(gemv)               72919.87     22.58     16.65      2.60     0.59     26.1
      1311 scatter_axpy             72959.10     44.30     13.86      2.90     0.00      0.1
      1312 upload_i32               73017.26     14.80     61.66      2.70     0.00      0.0
      1313 upload                   73093.72     34.00      7.44      2.10     0.00      0.0
      1314 gather_rows              73135.16     80.49     46.49      2.10     0.00      0.1
      1315 gemm(gemv)               73262.14      8.52      2.56      2.70     0.59     69.2
      1316 gemm(gemv)               73273.22      0.32      8.72      2.40     0.59   1843.2
      1317 silu_mul                 73282.26     25.68      6.00      1.70     0.00      0.0
      1318 gemm(gemv)               73313.94     44.19      0.00      2.10     0.59     13.3
      1319 scatter_axpy             73358.13     30.74     11.61      2.30     0.00      0.1
      1320 upload_i32               73400.48     31.35     11.01      2.40     0.00      0.0
      1321 upload                   73442.84     49.81     24.19      2.50     0.00      0.0
      1322 gather_rows              73516.84      0.36     59.80      2.20     0.00     11.4
      1323 gemm(gemv)               73577.00      0.36     39.73      2.60     0.59   1638.4
      1324 gemm(gemv)               73617.09      1.98     38.07      2.50     0.59    297.9
      1325 silu_mul                 73657.14      0.32     56.99      1.80     0.00      0.0
      1326 gemm(gemv)               73714.45     23.79     24.12      2.90     0.59     24.8
      1327 scatter_axpy             73762.36     19.88     13.76      2.00     0.00      0.2
      1328 upload_i32               73796.00     26.52     17.42      2.30     0.00      0.0
      1329 upload                   73839.94     52.90     26.60      1.80     0.00      0.0
      1330 gather_rows              73919.44     48.03     35.50      2.50     0.00      0.1
      1331 gemm(gemv)               74002.97     67.45     10.97      3.30     0.59      8.7
      1332 gemm(gemv)               74081.39     14.03      8.72      2.30     0.59     42.0
      1333 silu_mul                 74104.14      0.00     95.91      2.10     0.00      0.0
      1334 gemm(gemv)               74200.05     20.56     38.40      2.30     0.59     28.7
      1335 scatter_axpy             74259.01     62.40      8.94      2.00     0.00      0.1
      1336 upload_i32               74330.35     63.08     15.36      2.30     0.00      0.0
      1337 upload                   74408.79     40.96     18.00      2.50     0.00      0.0
      1338 gather_rows              74467.75      0.00     14.36      2.00     0.00      0.0
      1339 gemm(gemv)               74482.11      0.32     47.64      3.50     0.59   1843.2
      1340 gemm(gemv)               74530.07     50.20     11.54      2.20     0.59     11.7
      1341 silu_mul                 74591.81      9.40      1.32      2.40     0.00      0.0
      1342 gemm(gemv)               74602.53     57.24     10.18      3.30     0.59     10.3
      1343 scatter_axpy             74669.95      0.00     16.48      1.90     0.00      0.0
      1344 gemm(gemv)               74686.43      0.32     48.56      2.40     0.59   1843.2
      1345 gemm(gemv)               74735.31     44.24      4.22      2.40     0.59     13.3
      1346 silu_mul                 74783.77      3.14     10.72      2.50     0.00      0.0
      1347 gemm(gemv)               74797.63    104.56     88.70      2.30     0.59      5.6
      1348 add_inplace              74990.89      0.00     10.40      2.40     0.00      0.0
      1349 add_inplace              75001.29      0.36     49.84      2.40     0.00      0.0
      1350 rmsnorm                  75051.49     48.44      3.50      3.10     0.00      0.0
      1351 gemm(gemv)               75103.43      0.36     24.00      2.60     7.08  19660.8
      1352 gemm(gemv)               75127.79      0.36     21.48      2.90     1.18   3276.8
      1353 gemm(gemv)               75149.63      0.36     48.68      2.70     1.72   4778.7
      1354 qk_norm                  75198.67     60.86      2.56      4.90     0.00      0.0
      1355 rope                     75262.09    141.84      1.10   3488.10     0.00      0.0
      1356 kv_append                75405.03      0.00     12.72      2.50     0.00      0.0
      1357 attention                75417.75      0.44     58.40      6.80     0.00      0.0
      1358 gemm(gemv)               75476.59     42.00      2.56      2.40     0.06      1.3
      1359 softplus_act             75521.15      0.44     16.32      2.00     0.00      0.0
      1360 mul_head_bcast           75537.91      0.32     47.20      2.20     0.00      0.0
      1361 gemm(gemv)               75585.43     57.04     10.48      3.00     7.08    124.1
      1362 add_inplace              75652.95      0.32      9.48      2.40     0.00      0.0
      1363 rmsnorm                  75662.75     44.88      8.00      2.40     0.00      0.0
      1364 fill0                    75715.63      0.36     17.52      2.30     0.00      0.0
      1365 gemm(gemv)               75733.51      0.70     57.34      2.50     1.05   1498.0
      1366 download_f32             75791.55     63.84     75.40     75.70     0.00      0.0
      1367 upload_i32               75930.79    125.30      4.16      3.40     0.00      0.0
      1368 upload                   76060.25     57.48    175.24      1.90     0.00      0.0
      1369 gather_rows              76292.97      0.36     13.68      3.20     0.00     11.4
      1370 gemm(gemv)               76307.01     63.24      0.00    117.40     0.59      9.3
      1371 gemm(gemv)               76370.25      8.04      1.32      2.90     0.59     73.4
      1372 silu_mul                 76379.61     41.72     13.00      2.10     0.00      0.0
      1373 gemm(gemv)               76434.33      0.44     15.44      2.80     0.86   1954.9
      1374 scatter_axpy             76450.21      0.44     47.36      2.00     0.00      9.3
      1375 upload_i32               76498.01     60.60     18.50      2.80     0.00      0.0
      1376 upload                   76577.11     68.52      0.70      2.70     0.00      0.0
      1377 gather_rows              76646.33     44.76     15.08      2.10     0.00      0.1
      1378 gemm(gemv)               76706.17    200.48      0.00      2.70     0.59      2.9
      1379 gemm(gemv)               76906.65     12.76     13.96      2.30     0.59     46.2
      1380 silu_mul                 76933.37      0.36     62.96      2.10     0.00      0.0
      1381 gemm(gemv)               76996.69     49.92      0.00      2.00     0.86     17.2
      1382 scatter_axpy             77046.61      0.36      9.84      1.90     0.00     11.4
      1383 upload_i32               77056.81     70.08     16.18      1.90     0.00      0.0
      1384 upload                   77143.07     29.62      4.20      2.70     0.00      0.0
      1385 gather_rows              77176.89      0.36     66.24      1.80     0.00     11.4
      1386 gemm(gemv)               77243.49     56.96      5.30      3.90     0.59     10.4
      1387 gemm(gemv)               77305.75     50.72     25.04      2.40     0.59     11.6
      1388 silu_mul                 77381.51     64.48      5.38      1.50     0.00      0.0
      1389 gemm(gemv)               77451.37     46.16     20.56      2.80     0.86     18.6
      1390 scatter_axpy             77518.09      0.36    115.36      2.10     0.00     11.4
      1391 upload_i32               77633.81     79.32      0.00      2.10     0.00      0.0
      1392 upload                   77713.13     58.60      5.68      2.60     0.00      0.0
      1393 gather_rows              77777.41      0.00     19.12      2.50     0.00      0.0
      1394 gemm(gemv)               77796.53      0.36     50.56      2.40     0.59   1638.4
      1395 gemm(gemv)               77847.45     44.52      2.58      2.30     0.59     13.2
      1396 silu_mul                 77894.55      0.36     11.04      2.10     0.00      0.0
      1397 gemm(gemv)               77905.95     50.44     14.98      2.70     0.86     17.1
      1398 scatter_axpy             77971.37      0.32     10.44      2.10     0.00     12.8
      1399 upload_i32               77982.13     49.72     10.44      2.40     0.00      0.0
      1400 upload                   78042.29     28.88      4.16      2.50     0.00      0.0
      1401 gather_rows              78075.33      0.36     48.16      2.40     0.00     11.4
      1402 gemm(gemv)               78123.85     46.24      5.08      2.40     0.59     12.8
      1403 gemm(gemv)               78175.17     10.56      1.32      2.30     0.59     55.9
      1404 silu_mul                 78187.05     41.04     11.00      1.70     0.00      0.0
      1405 gemm(gemv)               78239.09     12.76      3.52      2.30     0.86     67.4
      1406 scatter_axpy             78255.37     42.68      9.52      2.20     0.00      0.1
      1407 warm_read                78307.57      4.36      5.52    149.90     0.00      0.0
      1408 warm_read                78317.45     15.28     12.36    144.00     0.00      0.0
      1409 warm_read                78345.09     31.96     15.32    204.10     0.00      0.0
      1410 upload_paged             78392.37      7.72    213.64    540.20     2.04    264.2
      1411 upload_i32               78613.73      4.64     54.44      4.80     0.00      0.0
      1412 upload                   78672.81      4.72     50.00      2.40     0.00      0.0
      1413 gather_rows              78727.53      0.36     46.40      4.20     0.00     11.4
      1414 gemm(gemv)               78774.29     44.92      1.44      3.60     0.59     13.1
      1415 gemm(gemv)               78820.65      8.20      1.32      2.40     0.59     71.9
      1416 silu_mul                 78830.17     18.76     13.72      2.40     0.00      0.0
      1417 gemm(gemv)               78862.65     45.92     14.16      2.20     0.86     18.7
      1418 scatter_axpy             78922.73      0.36     11.12      2.70     0.00     11.4
      1419 upload_i32               78934.21     48.28      6.88      2.80     0.00      0.0
      1420 upload                   78989.37     18.28     24.48      2.50     0.00      0.0
      1421 gather_rows              79032.13      0.36     54.68      2.70     0.00     11.4
      1422 gemm(gemv)               79087.17     44.92      6.26      4.00     0.59     13.1
      1423 gemm(gemv)               79138.35     10.56      1.32      2.30     0.59     55.9
      1424 silu_mul                 79150.23     19.20     11.32      1.80     0.00      0.0
      1425 gemm(gemv)               79180.75     23.64     14.44      3.00     0.86     36.4
      1426 scatter_axpy             79218.83      0.48     27.36      2.20     0.00      8.5
      1427 upload_i32               79246.67     31.30     48.56      2.30     0.00      0.0
      1428 upload                   79326.53      4.64     84.60      2.50     0.00      0.0
      1429 gather_rows              79415.77     20.24     16.12      2.00     0.00      0.2
      1430 gemm(gemv)               79452.13     43.36     13.76      4.10     0.59     13.6
      1431 gemm(gemv)               79509.25      7.64      1.28      2.10     0.59     77.2
      1432 silu_mul                 79518.17     41.20     13.28      1.70     0.00      0.0
      1433 gemm(gemv)               79572.65      0.00     13.64      2.50     0.86      0.0
      1434 scatter_axpy             79586.29      0.36     46.20      2.40     0.00     11.4
      1435 gemm(gemv)               79632.85     44.84      6.14      2.80     0.59     13.2
      1436 gemm(gemv)               79683.83      0.36     11.56      2.00     0.59   1638.4
      1437 silu_mul                 79695.75     60.08     17.14      2.20     0.00      0.0
      1438 gemm(gemv)               79772.97      0.44     16.08      2.10     0.86   1954.9
      1439 add_inplace              79789.49      0.36     44.60      2.30     0.00      0.0
      1440 add_inplace              79834.45     44.64      0.84      2.10     0.00      0.0
      1441 rmsnorm                  79879.93      0.00     15.72      2.40     0.00      0.0
      1442 gemm_group               79895.65     37.32     40.32      3.40     0.00      0.0
      1443 qk_norm                  79973.29      0.36     11.88      3.30     0.00      0.0
      1444 rope                     79985.53    133.00     11.62   2207.10     0.00      0.0
      1445 kv_append                80130.15      0.36     10.40      3.90     0.00      0.0
      1446 attention                80140.91      0.32     53.76      7.90     0.00      0.0
      1447 gemm(gemv)               80194.99     86.36     49.96      2.50     0.07      0.9
      1448 softplus_act             80331.31     41.12     15.84      2.10     0.00      0.0
      1449 mul_head_bcast           80388.27      0.00     19.80      2.30     0.00      0.0
      1450 gemm(gemv)               80408.07      0.36     80.28      2.40     9.44  26214.4
      1451 add_inplace              80488.71      0.44     20.20      2.00     0.00      0.0
      1452 rmsnorm                  80509.35     15.96     38.64      2.50     0.00      0.0
      1453 fill0                    80563.95     50.40     11.64      2.80     0.00      0.0
      1454 gemm(gemv)               80625.99      3.32     21.96      2.60     1.05    315.8
      1455 download_f32             80651.27     74.64    104.40    100.80     0.00      0.0
      1456 upload_i32               80830.31     42.80     20.96      6.50     0.00      0.0
      1457 upload                   80894.07     40.64     17.28      3.80     0.00      0.0
      1458 gather_rows              80951.99      0.36     13.76      5.40     0.00     11.4
      1459 gemm(gemv)               80966.11     72.60      0.00      4.50     0.59      8.1
      1460 gemm(gemv)               81038.71     59.04     14.00      2.30     0.59     10.0
      1461 silu_mul                 81111.75     72.20     34.66      2.60     0.00      0.0
      1462 gemm(gemv)               81218.61     44.24     11.60      4.80     0.59     13.3
      1463 scatter_axpy             81274.45      0.00     14.60      5.30     0.00      0.0
      1464 upload_i32               81289.05     19.32     57.08      3.00     0.00      0.0
      1465 upload                   81365.45     71.12     41.60      2.90     0.00      0.0
      1466 gather_rows              81478.17     52.28      0.00      2.20     0.00      0.1
      1467 gemm(gemv)               81530.45     16.76      2.48      4.10     0.59     35.2
      1468 gemm(gemv)               81549.69     43.04     13.48      2.60     0.59     13.7
      1469 silu_mul                 81606.21      0.32     10.08      2.80     0.00      0.0
      1470 gemm(gemv)               81616.61     47.88     16.56      2.50     0.59     12.3
      1471 scatter_axpy             81681.05      0.36     11.36      2.70     0.00     11.4
      1472 upload_i32               81692.77     70.56     18.60      2.80     0.00      0.0
      1473 upload                   81781.93     43.08     22.00      2.80     0.00      0.0
      1474 gather_rows              81847.01      0.00     17.24      2.90     0.00      0.0
      1475 gemm(gemv)               81864.25      0.36     48.28      3.50     0.59   1638.4
      1476 gemm(gemv)               81912.89     47.12      8.86      2.70     0.59     12.5
      1477 silu_mul                 81968.87      9.16      1.36      3.30     0.00      0.0
      1478 gemm(gemv)               81979.39     46.32     13.66      2.90     0.59     12.7
      1479 scatter_axpy             82039.37      4.04     14.44      2.30     0.00      1.0
      1480 upload_i32               82057.85      4.68     54.64      2.50     0.00      0.0
      1481 upload                   82117.17      4.72     50.28      3.00     0.00      0.0
      1482 gather_rows              82172.17      0.32     48.20      3.20     0.00     12.8
      1483 gemm(gemv)               82220.69     45.84      0.76      3.30     0.59     12.9
      1484 gemm(gemv)               82267.29      8.12      1.32      2.80     0.59     72.6
      1485 silu_mul                 82276.73     58.40     14.44      2.30     0.00      0.0
      1486 gemm(gemv)               82349.57      0.00     15.20      2.90     0.59      0.0
      1487 scatter_axpy             82364.77      0.32     46.92      2.30     0.00     12.8
      1488 upload_i32               82412.01     51.60      7.46      2.60     0.00      0.0
      1489 upload                   82471.07     55.48      7.90      2.50     0.00      0.0
      1490 gather_rows              82534.45     13.04      4.20      2.40     0.00      0.3
      1491 gemm(gemv)               82551.69     18.88     13.72      4.20     0.59     31.2
      1492 gemm(gemv)               82584.29     43.00     12.68      3.10     0.59     13.7
      1493 silu_mul                 82639.97      0.36     10.76      2.10     0.00      0.0
      1494 gemm(gemv)               82651.09     49.48     11.28      3.40     0.59     11.9
      1495 scatter_axpy             82711.85      0.32     10.88      1.90     0.00     12.8
      1496 upload_i32               82723.05     54.72     11.42      2.80     0.00      0.0
      1497 upload                   82789.19     57.56     21.32      2.70     0.00      0.0
      1498 gather_rows              82868.07      0.00     14.00      2.30     0.00      0.0
      1499 gemm(gemv)               82882.07      0.44     48.56      2.80     0.59   1340.5
      1500 gemm(gemv)               82931.07     45.72      5.20      2.30     0.59     12.9
      1501 silu_mul                 82981.99      0.36      7.76      2.30     0.00      0.0
      1502 gemm(gemv)               82990.11     21.00     15.40      2.50     0.59     28.1
      1503 scatter_axpy             83026.51     43.04     11.84      2.30     0.00      0.1
      1504 upload_i32               83081.39     23.20      2.68      2.80     0.00      0.0
      1505 upload                   83107.27    122.12    102.60      3.20     0.00      0.0
      1506 gather_rows              83331.99     46.40      0.00      3.10     0.00      0.1
      1507 gemm(gemv)               83378.39      0.36     12.32      3.00     0.59   1638.4
      1508 gemm(gemv)               83391.07     65.48     19.12      3.20     0.59      9.0
      1509 silu_mul                 83475.67      0.32     10.84      2.20     0.00      0.0
      1510 gemm(gemv)               83486.83     61.32      8.16      2.80     0.59      9.6
      1511 scatter_axpy             83556.31     42.04      5.32      2.50     0.00      0.1
      1512 upload_i32               83603.67     19.48     19.04      2.50     0.00      0.0
      1513 upload                   83642.19     50.20     46.40      2.70     0.00      0.0
      1514 gather_rows              83738.79    183.72     39.76      2.30     0.00      0.0
      1515 gemm(gemv)               83962.27      0.00     14.40      4.40     0.59      0.0
      1516 gemm(gemv)               83976.67      0.44     52.88      3.10     0.59   1340.5
      1517 silu_mul                 84029.99     41.88      0.28      2.10     0.00      0.0
      1518 gemm(gemv)               84072.15      0.36     14.84      2.70     0.59   1638.4
      1519 scatter_axpy             84087.35      0.36     45.28      2.60     0.00     11.4
      1520 gemm(gemv)               84132.99     45.40      7.58      3.60     0.59     13.0
      1521 gemm(gemv)               84185.97      0.36     11.88      2.40     0.59   1638.4
      1522 silu_mul                 84198.21     46.72     13.76      2.40     0.00      0.0
      1523 gemm(gemv)               84258.69     13.74     18.44      3.00     0.59     42.9
      1524 add_inplace              84290.87      0.36     71.92      2.70     0.00      0.0
      1525 add_inplace              84363.15     45.52      0.00      2.50     0.00      0.0
      1526 rmsnorm                  84408.67      0.00     16.68      3.00     0.00      0.0
      1527 gemm_group               84425.35     36.60     40.12      3.30     0.00      0.0
      1528 qk_norm                  84502.07      0.36     11.92      3.70     0.00      0.0
      1529 rope                     84514.35     62.56     17.50      4.00     0.00      0.0
      1530 kv_append                84594.41     18.76     11.56      3.00     0.00      0.0
      1531 attention                84624.73     28.76     15.04      8.10     0.00      0.0
      1532 gemm(gemv)               84668.53     15.64      7.20      2.90     0.07      4.7
      1533 softplus_act             84691.37     42.08     12.68      2.50     0.00      0.0
      1534 mul_head_bcast           84746.13      0.00      9.44      2.40     0.00      0.0
      1535 gemm(gemv)               84755.57     24.32     43.04      3.20     9.44    388.0
      1536 add_inplace              84822.93      0.00     10.68      2.00     0.00      0.0
      1537 rmsnorm                  84833.61      0.48     51.40      2.30     0.00      0.0
      1538 fill0                    84885.49     45.00      1.42      3.40     0.00      0.0
      1539 gemm(gemv)               84931.91      0.00     13.88      2.60     1.05      0.0
      1540 download_f32             84945.79     58.44     66.60     66.40     0.00      0.0
      1541 upload_i32               85070.83     11.30      4.16      4.50     0.00      0.0
      1542 upload                   85086.29      6.12     50.76      3.20     0.00      0.0
      1543 gather_rows              85143.17      0.36     46.28      5.20     0.00     11.4
      1544 gemm(gemv)               85189.81     44.72      3.68    105.30     0.59     13.2
      1545 gemm(gemv)               85238.21      0.36     13.00      2.60     0.59   1638.4
      1546 silu_mul                 85251.57     42.40      8.72      2.50     0.00      0.0
      1547 gemm(gemv)               85302.69      0.36     15.52      2.30     0.59   1638.4
      1548 scatter_axpy             85318.57      0.36     44.40      2.90     0.00     11.4
      1549 upload_i32               85363.33     54.60      8.26      2.90     0.00      0.0
      1550 upload                   85426.19     33.88      4.12      2.00     0.00      0.0
      1551 gather_rows              85464.19      0.36     46.72      2.40     0.00     11.4
      1552 gemm(gemv)               85511.27     44.88      8.96      2.80     0.59     13.1
      1553 gemm(gemv)               85565.11     10.36     15.52      2.40     0.59     56.9
      1554 silu_mul                 85590.99     40.96     55.80      2.30     0.00      0.0
      1555 gemm(gemv)               85687.75      0.44     16.96      2.60     0.59   1340.5
      1556 scatter_axpy             85705.15      0.36     45.12      2.70     0.00     11.4
      1557 upload_i32               85750.63     51.20      8.68      3.10     0.00      0.0
      1558 upload                   85810.51     17.36     26.76      3.00     0.00      0.0
      1559 gather_rows              85854.63     21.08     16.36      2.10     0.00      0.2
      1560 gemm(gemv)               85892.07     45.36     13.72      6.80     0.59     13.0
      1561 gemm(gemv)               85951.15      0.44     15.16      2.60     0.59   1340.5
      1562 silu_mul                 85966.75      0.32     45.76      1.80     0.00      0.0
      1563 gemm(gemv)               86012.83     49.04      0.00      1.90     0.59     12.0
      1564 scatter_axpy             86061.87      0.36     14.68      2.50     0.00     11.4
      1565 upload_i32               86076.91      4.68     50.36      2.10     0.00      0.0
      1566 upload                   86131.95      4.68     50.20      2.40     0.00      0.0
      1567 gather_rows              86186.83      0.36     46.28      1.90     0.00     11.4
      1568 gemm(gemv)               86233.47     45.04      8.08      3.00     0.59     13.1
      1569 gemm(gemv)               86286.59      0.32     15.76      2.50     0.59   1843.2
      1570 silu_mul                 86302.67      0.36     44.84      1.70     0.00      0.0
      1571 gemm(gemv)               86347.87     43.76     10.36      2.70     0.59     13.5
      1572 scatter_axpy             86401.99      0.00     14.24      1.90     0.00      0.0
      1573 upload_i32               86416.23      4.68     50.88      2.10     0.00      0.0
      1574 upload                   86471.79      4.68     50.52      2.50     0.00      0.0
      1575 gather_rows              86526.99      0.36     46.40      2.40     0.00     11.4
      1576 gemm(gemv)               86573.75     43.80      9.52      2.20     0.59     13.5
      1577 gemm(gemv)               86627.07     12.58     15.88      2.40     0.59     46.9
      1578 silu_mul                 86655.53      0.36     65.44      2.30     0.00      0.0
      1579 gemm(gemv)               86721.33     46.92      9.24      2.60     0.59     12.6
      1580 scatter_axpy             86777.49      0.32     14.64      2.00     0.00     12.8
      1581 upload_i32               86792.45      6.16     51.04      2.30     0.00      0.0
      1582 upload                   86849.65      4.72     48.68      2.30     0.00      0.0
      1583 gather_rows              86903.05      0.32     46.44      1.70     0.00     12.8
      1584 gemm(gemv)               86949.81     43.64      9.48      2.50     0.59     13.5
      1585 gemm(gemv)               87002.93      0.36     16.08      2.10     0.59   1638.4
      1586 silu_mul                 87019.37      0.32     45.40      2.30     0.00      0.0
      1587 gemm(gemv)               87065.09     44.32     10.32      2.30     0.59     13.3
      1588 scatter_axpy             87119.73      0.00     14.36      2.10     0.00      0.0
      1589 upload_i32               87134.09      4.64     50.84      2.30     0.00      0.0
      1590 upload                   87189.57      4.64     50.16      1.90     0.00      0.0
      1591 gather_rows              87244.37      0.36     46.44      2.40     0.00     11.4
      1592 gemm(gemv)               87291.17     93.12     56.22      2.70     0.59      6.3
      1593 gemm(gemv)               87440.51     14.28      1.24      2.80     0.59     41.3
      1594 silu_mul                 87456.03      0.00     39.20      1.80     0.00      0.0
      1595 gemm(gemv)               87495.23      0.44     48.96      2.00     0.59   1340.5
      1596 scatter_axpy             87544.63     47.68     11.40      1.90     0.00      0.1
      1597 upload_i32               87603.71     55.32     18.12      2.20     0.00      0.0
      1598 upload                   87677.15     50.04     15.24      1.90     0.00      0.0
      1599 gather_rows              87742.43      0.00     17.40      1.80     0.00      0.0
      1600 gemm(gemv)               87759.83      0.36     45.80      3.00     0.59   1638.4
      1601 gemm(gemv)               87805.99     60.88     12.94      2.80     0.59      9.7
      1602 silu_mul                 87879.81      0.36     10.72      1.80     0.00      0.0
      1603 gemm(gemv)               87890.89      0.44     54.04      2.50     0.59   1340.5
      1604 scatter_axpy             87945.37     43.64     11.44      2.10     0.00      0.1
      1605 gemm(gemv)               88000.45      0.32     17.76      2.50     0.59   1843.2
      1606 gemm(gemv)               88018.53      0.36     45.24      2.50     0.59   1638.4
      1607 silu_mul                 88064.13     43.12      9.92      2.40     0.00      0.0
      1608 gemm(gemv)               88117.17      0.48     18.76      2.60     0.59   1228.8
      1609 add_inplace              88136.41      0.36     46.00      1.90     0.00      0.0
      1610 add_inplace              88182.77     43.40      9.04      1.70     0.00      0.0
      1611 rmsnorm                  88235.21      0.44     20.68      2.20     0.00      0.0
      1612 gemm(gemv)               88256.33    388.20     45.60      2.10     9.44     24.3
      1613 gemm(gemv)               88690.13      0.32      5.56      2.70     1.18   3686.4
      1614 gemm(gemv)               88696.01      0.36     18.52      2.20     1.72   4778.7
      1615 qk_norm                  88714.89      0.36      5.64      3.20     0.00      0.0
      1616 rope                     88720.89      0.32     10.60      3.70     0.00      0.0
      1617 kv_append                88731.81      0.36      9.72      2.50     0.00      0.0
      1618 attention                88741.89     18.64     50.00      6.10     0.00      0.0
      1619 gemm(gemv)               88810.53      0.00     86.36      2.60     0.07      0.0
      1620 softplus_act             88896.89      0.36     78.36      1.90     0.00      0.0
      1621 mul_head_bcast           88975.61     43.20     10.76      2.70     0.00      0.0
      1622 gemm(gemv)               89029.57    496.02      3.60      1.90     9.44     19.0
      1623 add_inplace              89529.19      1.72      2.44      2.80     0.00      0.0
      1624 rmsnorm                  89533.35      0.36     13.40      2.60     0.00      0.0
      1625 fill0                    89547.11      0.36      5.28      2.20     0.00      0.0
      1626 gemm(gemv)               89552.75      0.00     11.72      2.00     1.05      0.0
      1627 download_f32             89564.47     67.84     81.80     82.30     0.00      0.0
      1628 warm_read                89714.11    221.40      4.16    206.00     0.00      0.0
      1629 warm_read                89939.67    136.88      4.12    133.90     0.00      0.0
      1630 warm_read                90080.67    303.24      4.16    245.40     0.00      0.0
      1631 upload_paged             90388.07    334.20    245.80    447.80     2.04      6.1
      1632 upload_i32               90968.07    224.16     23.36      5.40     0.00      0.0
      1633 upload                   91215.59     53.08     18.00      3.20     0.00      0.0
      1634 gather_rows              91286.67      0.48     78.16      5.30     0.00      8.5
      1635 gemm(gemv)               91365.31    181.80    147.26      3.50     0.59      3.2
      1636 gemm(gemv)               91694.37     13.92     38.04      2.70     0.59     42.4
      1637 silu_mul                 91746.33     45.28     15.32      2.10     0.00      0.0
      1638 gemm(gemv)               91806.93     20.20      4.12      3.20     0.86     42.6
      1639 scatter_axpy             91831.25     44.76      0.00      2.40     0.00      0.1
      1640 upload_i32               91876.01      7.62     15.72      3.00     0.00      0.0
      1641 upload                   91899.35      4.64     49.96      3.00     0.00      0.0
      1642 gather_rows              91953.95      0.36     46.24      1.80     0.00     11.4
      1643 gemm(gemv)               92000.55     46.08      6.70      2.10     0.59     12.8
      1644 gemm(gemv)               92053.33     10.28      1.28      1.70     0.59     57.4
      1645 silu_mul                 92064.89     19.12     12.76      2.00     0.00      0.0
      1646 gemm(gemv)               92096.77     44.32     14.44      2.40     0.86     19.4
      1647 scatter_axpy             92155.53      0.36     10.84      1.70     0.00     11.4
      1648 upload_i32               92166.73     55.48     15.22      1.90     0.00      0.0
      1649 upload                   92237.43     40.76     22.56      2.30     0.00      0.0
      1650 gather_rows              92300.75      0.00     10.96      2.30     0.00      0.0
      1651 gemm(gemv)               92311.71      0.36     51.16      3.90     0.59   1638.4
      1652 gemm(gemv)               92363.23     46.20      3.18      2.60     0.59     12.8
      1653 silu_mul                 92412.61      1.92     10.88      2.30     0.00      0.0
      1654 gemm(gemv)               92425.41      0.40     52.20      2.40     0.86   2150.4
      1655 scatter_axpy             92478.01     44.24      1.10      2.00     0.00      0.1
      1656 upload_i32               92523.35     41.00     15.56      3.10     0.00      0.0
      1657 upload                   92579.91     17.52     17.32      2.40     0.00      0.0
      1658 gather_rows              92614.75     60.28     16.28      2.40     0.00      0.1
      1659 gemm(gemv)               92691.31      8.58     16.52      2.70     0.59     68.7
      1660 gemm(gemv)               92716.41      0.36     63.64      2.00     0.59   1638.4
      1661 silu_mul                 92780.41     45.88      1.00      2.80     0.00      0.0
      1662 gemm(gemv)               92827.29      0.00     16.44      2.20     0.86      0.0
      1663 scatter_axpy             92843.73      0.36     49.08      2.20     0.00     11.4
      1664 upload_i32               92893.17     53.04      5.66      2.20     0.00      0.0
      1665 upload                   92951.87     57.80     21.72      2.70     0.00      0.0
      1666 gather_rows              93031.39      0.48     15.60      1.90     0.00      8.5
      1667 gemm(gemv)               93047.47      0.36     46.48      2.80     0.59   1638.4
      1668 gemm(gemv)               93094.31     45.04      4.82      2.00     0.59     13.1
      1669 silu_mul                 93144.17      2.28     10.48      2.00     0.00      0.0
      1670 gemm(gemv)               93156.93      0.52     51.68      2.50     0.86   1654.2
      1671 scatter_axpy             93209.13     44.16      1.60      2.20     0.00      0.1
      1672 upload_i32               93254.89     77.04     15.32      3.20     0.00      0.0
      1673 upload                   93347.25     33.12      4.12      2.30     0.00      0.0
      1674 gather_rows              93384.49     20.36     16.36      1.90     0.00      0.2
      1675 gemm(gemv)               93421.21     45.20     12.72      2.60     0.59     13.0
      1676 gemm(gemv)               93479.13      7.56     12.04      2.10     0.59     78.0
      1677 silu_mul                 93498.73      0.36     53.36      3.10     0.00      0.0
      1678 gemm(gemv)               93552.45     48.72      0.58      2.40     0.86     17.7
      1679 scatter_axpy             93601.75      0.36     10.64      2.30     0.00     11.4
      1680 upload_i32               93612.75     55.52     14.68      2.50     0.00      0.0
      1681 upload                   93682.95     56.56     22.84      3.30     0.00      0.0
      1682 gather_rows              93762.35      0.48     15.12      2.50     0.00      8.5
      1683 gemm(gemv)               93777.95      0.32     46.32      2.10     0.59   1843.2
      1684 gemm(gemv)               93824.59     48.96      5.94      2.40     0.59     12.0
      1685 silu_mul                 93879.49      5.00     10.04      1.90     0.00      0.0
      1686 gemm(gemv)               93894.53      0.52     66.68      2.40     0.86   1654.2
      1687 scatter_axpy             93961.73     44.28      0.00      1.90     0.00      0.1
      1688 upload_i32               94006.01      7.84     15.92      2.90     0.00      0.0
      1689 upload                   94029.77      4.24     50.44      1.80     0.00      0.0
      1690 gather_rows              94084.45     42.44     17.92      2.20     0.00      0.1
      1691 gemm(gemv)               94144.81      7.40      2.68      3.60     0.59     79.7
      1692 gemm(gemv)               94154.89     48.32     16.84      3.20     0.59     12.2
      1693 silu_mul                 94220.05      4.12     11.36      2.50     0.00      0.0
      1694 gemm(gemv)               94235.53      0.44     67.12      2.00     0.86   1954.9
      1695 scatter_axpy             94303.09     44.84      0.00      2.50     0.00      0.1
      1696 gemm(gemv)               94347.93      0.00     12.60      2.70     0.59      0.0
      1697 gemm(gemv)               94360.53      0.32     47.64      2.10     0.59   1843.2
      1698 silu_mul                 94408.49     43.32      6.24      2.30     0.00      0.0
      1699 gemm(gemv)               94458.05     72.34     16.44      2.20     0.86     11.9
      1700 add_inplace              94546.83     14.80    112.88      2.50     0.00      0.0
      1701 add_inplace              94674.51     46.56      0.00      2.00     0.00      0.0
      1702 rmsnorm                  94721.07      0.00     15.56      3.30     0.00      0.0
      1703 gemm_group               94736.63    319.40     38.80      3.10     0.00      0.0
      1704 qk_norm                  95094.83      0.36      7.60      3.60     0.00      0.0
      1705 rope                     95102.79    178.09      0.00   3915.40     0.00      0.0
      1706 kv_append                95280.88     69.48     11.41      4.20     0.00      0.0
      1707 attention                95361.77     67.23     60.66      8.40     0.00      0.0
      1708 gemm(gemv)               95489.66     64.63     39.03      2.40     0.06      0.9
      1709 softplus_act             95593.32     61.46     29.67      2.40     0.00      0.0
      1710 mul_head_bcast           95684.45     77.30     60.54      2.90     0.00      0.0
      1711 gemm(gemv)               95822.29    110.48    100.00      2.60     7.08     64.1
      1712 add_inplace              96032.77      0.36      9.76      1.90     0.00      0.0
      1713 rmsnorm                  96042.89      0.00    105.12      2.70     0.00      0.0
      1714 fill0                    96148.01      0.00     95.88      3.60     0.00      0.0
      1715 gemm(gemv)               96243.89      0.00     95.32      2.70     1.05      0.0
      1716 download_f32             96339.21     79.12     92.00     91.60     0.00      0.0
      1717 upload_i32               96510.33     79.04      4.24      3.10     0.00      0.0
      1718 upload                   96593.61     57.16     89.28      2.80     0.00      0.0
      1719 gather_rows              96740.05     92.64     12.46      2.70     0.00      0.0
      1720 gemm(gemv)               96845.15     93.44     13.66      3.10     0.59      6.3
      1721 gemm(gemv)               96952.25      0.36     57.04      2.20     0.59   1638.4
      1722 silu_mul                 97009.65   2915.16     10.76   3359.00     0.00      0.0
      1723 gemm(gemv)               99935.57     47.36      9.08      4.80     0.59     12.5
      1724 scatter_axpy             99992.01     41.48      9.00      3.00     0.00      0.1
      1725 upload_i32              100042.49     38.88     21.20      2.90     0.00      0.0
      1726 upload                  100102.57     53.12      0.00      2.50     0.00      0.0
      1727 gather_rows             100155.69     15.40      5.80      2.40     0.00      0.3
      1728 gemm(gemv)              100176.89      0.36     35.04      3.00     0.59   1638.4
      1729 gemm(gemv)              100212.29      0.32     44.48      2.10     0.59   1843.2
      1730 silu_mul                100257.09     44.44      5.08      2.60     0.00      0.0
      1731 gemm(gemv)              100306.61      0.48     20.12      2.40     0.59   1228.8
      1732 scatter_axpy            100327.21      0.32     52.92      2.60     0.00     12.8
      1733 warm_read               100380.45     40.60     10.42    189.40     0.00      0.0
      1734 warm_read               100431.47     11.44      4.36    164.10     0.00      0.0
      1735 warm_read               100447.27      6.88     42.40    168.90     0.00      0.0
      1736 upload_paged            100496.55    568.16      8.42    567.80     1.77      3.1
      1737 upload_i32              101073.13     95.52     29.44      6.60     0.00      0.0
      1738 upload                  101198.09     61.96     48.92      3.00     0.00      0.0
      1739 gather_rows             101308.97      0.36     86.84     11.40     0.00     11.4
      1740 gemm(gemv)              101396.17     14.92     89.76      2.80     0.59     39.5
      1741 gemm(gemv)              101500.85     44.32      0.00      2.20     0.59     13.3
      1742 silu_mul                101545.17     40.94     15.84      2.90     0.00      0.0
      1743 gemm(gemv)              101601.95      0.44     93.32      2.00     0.59   1340.5
      1744 scatter_axpy            101695.71     44.16      0.00      1.80     0.00      0.1
      1745 upload_i32              101739.87     35.90      2.44      2.20     0.00      0.0
      1746 upload                  101778.21      4.64     63.40      2.40     0.00      0.0
      1747 gather_rows             101846.25      0.36     46.44      1.90     0.00     11.4
      1748 gemm(gemv)              101893.05     28.08      0.00      5.60     0.59     21.0
      1749 gemm(gemv)              101921.13     30.20     12.40      2.90     0.59     19.5
      1750 silu_mul                101963.73     40.76     21.32      2.50     0.00      0.0
      1751 gemm(gemv)              102025.81     63.04     13.84      2.20     0.59      9.4
      1752 scatter_axpy            102102.69      0.36     10.44      2.00     0.00     11.4
      1753 upload_i32              102113.49     68.04      8.56      2.80     0.00      0.0
      1754 upload                  102190.09     18.20     23.72      2.60     0.00      0.0
      1755 gather_rows             102232.01      0.36     45.44      2.20     0.00     11.4
      1756 gemm(gemv)              102277.81     46.80      0.00      4.00     0.59     12.6
      1757 gemm(gemv)              102324.61      6.42     12.08      2.90     0.59     91.9
      1758 silu_mul                102343.11      0.32     53.24      2.20     0.00      0.0
      1759 gemm(gemv)              102396.67     46.96      0.00      2.20     0.59     12.6
      1760 scatter_axpy            102443.63      0.36     10.76      1.80     0.00     11.4
      1761 upload_i32              102454.75     55.12     14.02      3.00     0.00      0.0
      1762 upload                  102523.89     59.76     22.56      3.00     0.00      0.0
      1763 gather_rows             102606.21     38.28     15.68      2.90     0.00      0.1
      1764 gemm(gemv)              102660.17      0.00     84.52      2.50     0.59      0.0
      1765 gemm(gemv)              102744.69     12.56     53.04      2.10     0.59     47.0
      1766 silu_mul                102810.29      3.60     74.20      1.80     0.00      0.0
      1767 gemm(gemv)              102888.09      0.44     57.08      2.10     0.59   1340.5
      1768 scatter_axpy            102945.61     44.56      0.08      2.50     0.00      0.1
      1769 upload_i32              102990.25     59.44     20.32      2.10     0.00      0.0
      1770 upload                  103070.01     42.84     20.04      2.60     0.00      0.0
      1771 gather_rows             103132.89      0.00     14.96      2.60     0.00      0.0
      1772 gemm(gemv)              103147.85      0.32     46.08      3.30     0.59   1843.2
      1773 gemm(gemv)              103194.25     44.52      7.00      3.00     0.59     13.2
      1774 silu_mul                103245.77     14.06     14.52      2.10     0.00      0.0
      1775 gemm(gemv)              103274.35      0.44     67.20      2.80     0.59   1340.5
      1776 scatter_axpy            103341.99     52.92      0.00      2.90     0.00      0.1
      1777 upload_i32              103394.91     57.48     17.60      3.10     0.00      0.0
      1778 upload                  103469.99     19.26      4.24      2.40     0.00      0.0
      1779 gather_rows             103493.49      0.36     53.80      2.20     0.00     11.4
      1780 gemm(gemv)              103547.65     47.84      1.14      3.50     0.59     12.3
      1781 gemm(gemv)              103596.63      8.32      1.28      2.50     0.59     70.9
      1782 silu_mul                103606.23     41.00     13.64      1.90     0.00      0.0
      1783 gemm(gemv)              103660.87      0.00     15.36      2.80     0.59      0.0
      1784 scatter_axpy            103676.23     42.48     18.68      2.00     0.00      0.1
      1785 gemm(gemv)              103737.39      0.32     12.40      3.40     0.59   1843.2
      1786 gemm(gemv)              103750.11     48.88     15.72      2.20     0.59     12.1
      1787 silu_mul                103814.71      9.28      1.28      2.00     0.00      0.0
      1788 gemm(gemv)              103825.27     47.48     11.56      3.10     0.59     12.4
      1789 add_inplace             103884.31      0.36     10.44      2.60     0.00      0.0
      1790 add_inplace             103895.11     47.24     13.82      2.10     0.00      0.0
      1791 rmsnorm                 103956.17      0.36     16.12      3.20     0.00      0.0
      1792 gemm_group              103972.65     38.20     37.36      2.90     0.00      0.0
      1793 qk_norm                 104048.21      0.36     11.84      4.20     0.00      0.0
      1794 rope                    104060.41    142.52     13.12   2896.20     0.00      0.0
      1795 kv_append               104216.05      0.00     12.64      3.70     0.00      0.0
      1796 attention               104228.69      0.44     59.44      9.20     0.00      0.0
      1797 gemm(gemv)              104288.57     41.76      2.56      2.80     0.07      1.8
      1798 softplus_act            104332.89      0.48     19.04      2.40     0.00      0.0
      1799 mul_head_bcast          104352.41      0.36     63.36      2.60     0.00      0.0
      1800 gemm(gemv)              104416.13     64.00     10.48      2.70     9.44    147.5
      1801 add_inplace             104490.61      0.32      7.52      2.40     0.00      0.0
      1802 rmsnorm                 104498.45    175.56    128.34      2.00     0.00      0.0
      1803 fill0                   104802.35     42.44     10.36      2.40     0.00      0.0
      1804 gemm(gemv)              104855.15      0.00     19.32      2.30     1.05      0.0
      1805 download_f32            104874.47     66.56    126.80    107.30     0.00      0.0
      1806 upload_i32              105067.83     56.00      3.84      4.50     0.00      0.0
      1807 upload                  105127.67    103.20     22.40      3.10     0.00      0.0
      1808 gather_rows             105253.27    156.80     40.12      4.90     0.00      0.0
      1809 gemm(gemv)              105450.19     51.12      2.48      4.20     0.59     11.5
      1810 gemm(gemv)              105503.79     18.40      3.48      2.50     0.59     32.1
      1811 silu_mul                105525.67      0.36     52.80      2.00     0.00      0.0
      1812 gemm(gemv)              105578.83     44.84     14.32      3.10     0.59     13.2
      1813 scatter_axpy            105637.99      0.36     17.36      2.00     0.00     11.4
      1814 warm_read               105655.71     36.08     55.08    155.60     0.00      0.0
      1815 warm_read               105746.87     29.84     78.72    168.80     0.00      0.0
      1816 warm_read               105855.43     28.76      0.00    157.90     0.00      0.0
      1817 upload_paged            105884.19    335.40     48.32    617.00     1.77      5.3
      1818 upload_i32              106267.91     98.72     43.72      6.40     0.00      0.0
      1819 upload                  106410.35    316.40     23.98      2.90     0.00      0.0
      1820 gather_rows             106750.73      0.36     85.28      4.80     0.00     11.4
      1821 gemm(gemv)              106836.37      2.32     92.24      3.00     0.59    254.2
      1822 gemm(gemv)              106930.93     78.56     58.40      2.80     0.59      7.5
      1823 silu_mul                107067.89    167.20    136.44      2.30     0.00      0.0
      1824 gemm(gemv)              107371.53     64.60      3.56      2.50     0.59      9.1
      1825 scatter_axpy            107439.69     87.96      0.00      2.30     0.00      0.0
      1826 upload_i32              107527.65     72.72      3.52      3.00     0.00      0.0
      1827 upload                  107603.89     63.40     92.44      2.10     0.00      0.0
      1828 gather_rows             107759.73     13.72     48.68      1.80     0.00      0.3
      1829 gemm(gemv)              107822.13     49.20      0.00      3.60     0.59     12.0
      1830 gemm(gemv)              107871.33      7.96      1.40      3.10     0.59     74.1
      1831 silu_mul                107880.69     42.40     13.08      2.30     0.00      0.0
      1832 gemm(gemv)              107936.17      0.00     12.76      3.00     0.59      0.0
      1833 scatter_axpy            107948.93      0.36     49.44      2.00     0.00     11.4
      1834 upload_i32              107998.73     57.20      5.90      2.50     0.00      0.0
      1835 upload                  108061.83     33.60      4.20      2.00     0.00      0.0
      1836 gather_rows             108099.63      0.36     70.52      2.40     0.00     11.4
      1837 gemm(gemv)              108170.51     48.96      0.00      2.40     0.59     12.0
      1838 gemm(gemv)              108219.47      7.96      1.32      3.10     0.59     74.1
      1839 silu_mul                108228.75     42.04     12.80      2.30     0.00      0.0
      1840 gemm(gemv)              108283.59      0.52     14.96      2.00     0.59   1134.3
      1841 scatter_axpy            108299.07     20.84     18.80      2.20     0.00      0.2
      1842 upload_i32              108338.71     72.40     21.30      2.30     0.00      0.0
      1843 upload                  108432.41     26.70      4.20      3.00     0.00      0.0
      1844 gather_rows             108463.31      0.32     67.04      2.30     0.00     12.8
      1845 gemm(gemv)              108530.67     49.04      0.00      3.20     0.59     12.0
      1846 gemm(gemv)              108579.71      8.04      1.32      2.90     0.59     73.4
      1847 silu_mul                108589.07     42.52     13.00      2.90     0.00      0.0
      1848 gemm(gemv)              108644.59      0.00     13.44      2.20     0.59      0.0
      1849 scatter_axpy            108658.03      0.44     49.56      1.80     0.00      9.3
      1850 upload_i32              108708.03     54.80      5.90      1.80     0.00      0.0
      1851 upload                  108768.73     58.12      8.30      3.20     0.00      0.0
      1852 gather_rows             108835.15     97.04     49.48      1.90     0.00      0.0
      1853 gemm(gemv)              108981.67      0.00     15.12      4.10     0.59      0.0
      1854 gemm(gemv)              108996.79      0.44     67.68      3.60     0.59   1340.5
      1855 silu_mul                109064.91     48.92      0.00      1.70     0.00      0.0
      1856 gemm(gemv)              109113.83      9.00      3.60      2.50     0.59     65.5
      1857 scatter_axpy            109126.43     45.76      6.98      2.30     0.00      0.1
      1858 upload_i32              109179.17     16.32     19.36      3.50     0.00      0.0
      1859 upload                  109214.85     69.88     15.92      2.50     0.00      0.0
      1860 gather_rows             109300.65     13.92      4.24      1.80     0.00      0.3
      1861 gemm(gemv)              109318.81     20.84     12.72      3.00     0.59     28.3
      1862 gemm(gemv)              109352.37     45.20     13.68      2.20     0.59     13.0
      1863 silu_mul                109411.25      6.32      1.32      2.00     0.00      0.0
      1864 gemm(gemv)              109418.89     50.20     17.22      2.40     0.59     11.7
      1865 scatter_axpy            109486.31      0.36     11.12      2.40     0.00     11.4
      1866 warm_read               109497.79     63.80     20.32    139.90     0.00      0.0
      1867 warm_read               109581.91      7.60      4.08    161.50     0.00      0.0
      1868 warm_read               109593.59     46.68      9.82    166.60     0.00      0.0
      1869 upload_paged            109650.09      6.46      4.16    358.70     1.77    273.9
      1870 upload_i32              109660.71      2.26     56.04      6.90     0.00      0.0
      1871 upload                  109719.01      4.02     53.88      4.10     0.00      0.0
      1872 gather_rows             109776.91      0.36     50.08      6.20     0.00     11.4
      1873 gemm(gemv)              109827.35     53.12      6.76      4.10     0.59     11.1
      1874 gemm(gemv)              109887.23      7.88      1.28      2.90     0.59     74.9
      1875 silu_mul                109896.39     46.44      7.62      3.00     0.00      0.0
      1876 gemm(gemv)              109950.45     10.04      3.56      3.10     0.59     58.7
      1877 scatter_axpy            109964.05     67.36     18.26      2.60     0.00      0.1
      1878 gemm(gemv)              110049.67      0.32     12.84      3.00     0.59   1843.2
      1879 gemm(gemv)              110062.83     69.20     10.88      3.40     0.59      8.5
      1880 silu_mul                110142.91      0.36      8.80      3.60     0.00      0.0
      1881 gemm(gemv)              110152.07     54.40      4.84      2.40     0.59     10.8
      1882 add_inplace             110211.31      0.36     10.48      3.00     0.00      0.0
      1883 add_inplace             110222.15     45.00      2.16      2.70     0.00      0.0
      1884 rmsnorm                 110269.31      3.90     20.80      3.80     0.00      0.0
      1885 gemm(gemv)              110294.01     29.96     45.24      3.10     9.44    315.0
      1886 gemm(gemv)              110369.21     15.52      2.52      4.30     1.18     76.0
      1887 gemm(gemv)              110387.25     50.36     10.12      3.20     1.72     34.2
      1888 qk_norm                 110447.73      0.36      9.52      4.30     0.00      0.0
      1889 rope                    110457.61     53.80      8.70      4.60     0.00      0.0
      1890 kv_append               110520.11     36.16     10.90      2.90     0.00      0.0
      1891 attention               110567.17      0.36     63.88      9.10     0.00      0.0
      1892 gemm(gemv)              110631.41     45.36      1.44      3.40     0.07      1.6
      1893 softplus_act            110678.21      3.54     12.36      2.30     0.00      0.0
      1894 mul_head_bcast          110694.11      0.00     86.04      2.40     0.00      0.0
      1895 gemm(gemv)              110780.15     35.72     44.04      3.00     9.44    264.2
      1896 add_inplace             110859.91      0.48     22.80      2.60     0.00      0.0
      1897 rmsnorm                 110883.19      0.44     49.76      3.00     0.00      0.0
      1898 fill0                   110933.39     49.24      4.26      3.00     0.00      0.0
      1899 gemm(gemv)              110986.89     18.80      3.56      2.80     1.05     55.8
      1900 download_f32            111009.25     64.20     92.60     91.40     0.00      0.0
      1901 upload_i32              111166.05     16.16     19.28      4.80     0.00      0.0
      1902 upload                  111201.49     24.26     16.00     58.10     0.00      0.0
      1903 gather_rows             111241.75      0.32     52.64      5.60     0.00     12.8
      1904 gemm(gemv)              111294.71     54.88      2.34      4.60     0.59     10.7
      1905 gemm(gemv)              111351.93      0.32      8.72      2.50     0.59   1843.2
      1906 silu_mul                111360.97     60.48     11.18      2.30     0.00      0.0
      1907 gemm(gemv)              111432.63      0.44     21.20      2.10     0.86   1954.9
      1908 scatter_axpy            111454.27      0.36     56.84      2.00     0.00     11.4
      1909 upload_i32              111511.47     55.80      0.48      2.10     0.00      0.0
      1910 upload                  111567.75     42.36     25.08      2.10     0.00      0.0
      1911 gather_rows             111635.19      0.48     15.64      2.10     0.00      8.5
      1912 gemm(gemv)              111651.31      0.32     50.16      3.60     0.59   1843.2
      1913 gemm(gemv)              111701.79     48.40      6.88      2.70     0.59     12.2
      1914 silu_mul                111757.07    126.82     11.56      2.10     0.00      0.0
      1915 gemm(gemv)              111895.45     17.12    170.80      2.20     0.86     50.2
      1916 scatter_axpy            112083.37     50.52      0.00      2.20     0.00      0.1
      1917 upload_i32              112133.89     47.00     15.56      2.30     0.00      0.0
      1918 upload                  112196.45     22.08     19.44      2.10     0.00      0.0
      1919 gather_rows             112237.97      0.36     64.92      2.20     0.00     11.4
      1920 gemm(gemv)              112303.25      0.44     45.12      2.80     0.59   1340.5
      1921 gemm(gemv)              112348.81      0.44     48.84      2.20     0.59   1340.5
      1922 silu_mul                112398.09     45.16     12.68      2.40     0.00      0.0
      1923 gemm(gemv)              112455.93     53.04      0.00      2.70     0.86     16.2
      1924 scatter_axpy            112508.97      0.32    175.76      1.80     0.00     12.8
      1925 upload_i32              112685.05     52.52      5.48      3.00     0.00      0.0
      1926 upload                  112743.05     59.76     25.80      3.10     0.00      0.0
      1927 gather_rows             112828.61      1.16     15.36      2.30     0.00      3.5
      1928 gemm(gemv)              112845.13      0.32     50.44      2.90     0.59   1843.2
      1929 gemm(gemv)              112895.89     44.64     10.56      2.40     0.59     13.2
      1930 silu_mul                112951.09      6.48      1.28      2.10     0.00      0.0
      1931 gemm(gemv)              112958.85     45.72     13.80      2.80     0.86     18.8
      1932 scatter_axpy            113018.37      0.32     10.52      1.80     0.00     12.8
      1933 upload_i32              113029.21     70.84     17.32      2.70     0.00      0.0
      1934 upload                  113117.37     28.64      5.72      2.90     0.00      0.0
      1935 gather_rows             113151.73      0.32     67.96      2.60     0.00     12.8
      1936 gemm(gemv)              113220.01     53.64      0.00      2.50     0.59     11.0
      1937 gemm(gemv)              113273.65      0.36     10.48      2.00     0.59   1638.4
      1938 silu_mul                113284.49     46.72      5.72      2.00     0.00      0.0
      1939 gemm(gemv)              113336.93      9.92      3.52      2.30     0.86     86.7
      1940 scatter_axpy            113350.37     49.40     11.54      1.50     0.00      0.1
      1941 upload_i32              113411.31      8.12     12.92      2.80     0.00      0.0
      1942 upload                  113432.35     43.00     18.36      2.40     0.00      0.0
      1943 gather_rows             113493.71      0.36     71.60      1.70     0.00     11.4
      1944 gemm(gemv)              113565.67     49.68      0.00      3.70     0.59     11.9
      1945 gemm(gemv)              113615.35      7.92      1.32      2.50     0.59     74.5
      1946 silu_mul                113624.59     42.64     12.08      2.40     0.00      0.0
      1947 gemm(gemv)              113679.31      0.48     17.20      2.00     0.86   1792.0
      1948 scatter_axpy            113696.99      0.36     45.92      2.10     0.00     11.4
      1949 upload_i32              113743.27     56.48      5.10      2.30     0.00      0.0
      1950 upload                  113804.85     33.10      4.12      2.70     0.00      0.0
      1951 gather_rows             113842.07      0.36     68.68      2.40     0.00     11.4
      1952 gemm(gemv)              113911.11     50.44      0.00      4.10     0.59     11.7
      1953 gemm(gemv)              113961.55      0.32     10.36      2.60     0.59   1843.2
      1954 silu_mul                113972.23     48.00      9.28      1.70     0.00      0.0
      1955 gemm(gemv)              114029.51     10.72      3.64      2.30     0.86     80.2
      1956 scatter_axpy            114043.87     43.92      9.48      2.30     0.00      0.1
      1957 upload_i32              114097.27     19.32      2.52      2.80     0.00      0.0
      1958 upload                  114119.11      5.04     53.88      2.00     0.00      0.0
      1959 gather_rows             114178.03     49.44     14.88      2.10     0.00      0.1
      1960 gemm(gemv)              114242.35      7.72      2.48      2.90     0.59     76.4
      1961 gemm(gemv)              114252.55     21.12     12.84      2.30     0.59     27.9
      1962 silu_mul                114286.51     43.24     12.20      1.80     0.00      0.0
      1963 gemm(gemv)              114341.95      0.00     13.80      2.50     0.86      0.0
      1964 scatter_axpy            114355.75      0.36     48.24      2.60     0.00     11.4
      1965 gemm(gemv)              114404.35     51.08      7.10      2.60     0.59     11.5
      1966 gemm(gemv)              114462.53      8.04      1.28      2.70     0.59     73.4
      1967 silu_mul                114471.85     43.04     11.68      2.30     0.00      0.0
      1968 gemm(gemv)              114526.57      0.48     17.12      2.60     0.86   1792.0
      1969 add_inplace             114544.17      0.36     45.80      2.40     0.00      0.0
      1970 add_inplace             114590.33     45.80      2.92      2.20     0.00      0.0
      1971 rmsnorm                 114639.05      8.96      3.52      2.40     0.00      0.0
      1972 gemm_group              114651.53     83.32     17.72      3.50     0.00      0.0
      1973 qk_norm                 114752.57      0.36     10.40      4.20     0.00      0.0
      1974 rope                    114763.33      8.96     10.36      3.90     0.00      0.0
      1975 kv_append               114782.65      6.20     61.12      2.30     0.00      0.0
      1976 attention               114849.97     27.08     14.68      6.90     0.00      0.0
      1977 gemm(gemv)              114891.73      0.44     25.28      2.30     0.07    167.6
      1978 softplus_act            114917.45     10.92     42.24      2.40     0.00      0.0
      1979 mul_head_bcast          114970.61      5.82     59.72      1.90     0.00      0.0
      1980 gemm(gemv)              115036.15     29.80     67.64      2.30     9.44    316.7
      1981 add_inplace             115133.59     10.08      4.32      2.40     0.00      0.0
      1982 rmsnorm                 115147.99     47.68      0.00      2.50     0.00      0.0
      1983 fill0                   115195.67     13.66     12.36      2.20     0.00      0.0
      1984 gemm(gemv)              115221.69      0.80     71.00      2.80     1.05   1310.7
      1985 download_f32            115293.49     74.36    125.20    124.50     0.00      0.0
      1986 upload_i32              115493.05      0.00     14.40      4.50     0.00      0.0
      1987 upload                  115507.45      3.58     63.72      3.10     0.00      0.0
      1988 gather_rows             115574.75      0.32     50.32      4.90     0.00     12.8
      1989 gemm(gemv)              115625.39     52.64      8.86      4.50     0.59     11.2
      1990 gemm(gemv)              115686.89      8.72      1.28      3.40     0.59     67.6
      1991 silu_mul                115696.89     47.52      9.36      3.10     0.00      0.0
      1992 gemm(gemv)              115753.77      8.44      3.60      2.70     0.59     69.9
      1993 scatter_axpy            115765.81     44.52     10.64      2.80     0.00      0.1
      1994 warm_read               115820.97     21.90      2.48    232.90     0.00      0.0
      1995 warm_read               115845.35     42.72     59.64    141.50     0.00      0.0
      1996 warm_read               115947.71    156.06      4.48    152.60     0.00      0.0
      1997 upload_paged            116108.25    488.64     52.68    523.00     1.77      3.6
      1998 upload_i32              116649.57     39.18     31.30      6.30     0.00      0.0
      1999 upload                  116720.05     15.40     74.41      5.10     0.00      0.0
      2000 gather_rows             116809.86     17.34      4.24      4.80     0.00      0.2
      2001 gemm(gemv)              116831.44     27.41     16.81      3.70     0.59     21.5
      2002 gemm(gemv)              116875.66     26.63     17.09      2.80     0.59     22.1
      2003 silu_mul                116919.38     28.02     15.78      2.50     0.00      0.0
      2004 gemm(gemv)              116963.18     28.15     17.62      3.10     0.59     21.0
      2005 scatter_axpy            117008.95     42.49     15.00      2.30     0.00      0.1
      2006 upload_i32              117066.44    127.10     46.11      3.50     0.00      0.0
      2007 upload                  117239.65     54.53    113.05      3.20     0.00      0.0
      2008 gather_rows             117407.23     63.14     33.42      2.80     0.00      0.1
      2009 gemm(gemv)              117503.79    134.63     90.56      4.30     0.59      4.4
      2010 gemm(gemv)              117728.98     72.69      0.00      2.30     0.59      8.1
      2011 silu_mul                117801.67     66.52     17.91      2.40     0.00      0.0
      2012 gemm(gemv)              117886.10      0.56     18.68      2.30     0.59   1053.3
      2013 scatter_axpy            117905.34      0.44     50.12      2.60     0.00      9.3
      2014 upload_i32              117955.90     56.96      0.00      3.40     0.00      0.0
      2015 upload                  118012.86     72.56      4.20      2.50     0.00      0.0
      2016 gather_rows             118089.62      0.36     20.44      2.30     0.00     11.4
      2017 gemm(gemv)              118110.42      0.32     46.72      3.40     0.59   1843.2
      2018 gemm(gemv)              118157.46     46.76      4.24      2.50     0.59     12.6
      2019 silu_mul                118208.46      6.52      1.32      1.90     0.00      0.0
      2020 gemm(gemv)              118216.30     46.00     14.24      3.70     0.59     12.8
      2021 scatter_axpy            118276.54      0.36     10.40      2.20     0.00     11.4
      2022 upload_i32              118287.30     72.56     19.10      2.30     0.00      0.0
      2023 upload                  118378.96     57.68      4.20      2.70     0.00      0.0
      2024 gather_rows             118440.84      0.48     15.20      2.80     0.00      8.5
      2025 gemm(gemv)              118456.52      0.32     48.68      3.50     0.59   1843.2
      2026 gemm(gemv)              118505.52     46.96      8.56      2.90     0.59     12.6
      2027 silu_mul                118561.04      0.36      8.76      2.20     0.00      0.0
      2028 gemm(gemv)              118570.16     65.40     11.14      2.20     0.59      9.0
      2029 scatter_axpy            118646.70      0.32     10.48      2.40     0.00     12.8
      2030 upload_i32              118657.50     70.96     10.60      2.70     0.00      0.0
      2031 upload                  118739.06     28.08      4.16      2.40     0.00      0.0
      2032 gather_rows             118771.30     53.32     15.68      2.20     0.00      0.1
      2033 gemm(gemv)              118840.30      0.36     12.28      2.60     0.59   1638.4
      2034 gemm(gemv)              118852.94     66.36      9.76      2.30     0.59      8.9
      2035 silu_mul                118929.06    127.06      7.08      2.20     0.00      0.0
      2036 gemm(gemv)              119063.20      0.00    192.52      2.30     0.59      0.0
      2037 scatter_axpy            119255.72      0.32     70.24      2.50     0.00     12.8
      2038 upload_i32              119326.28     20.36     24.64      2.40     0.00      0.0
      2039 upload                  119371.28     51.24     12.80      2.80     0.00      0.0
      2040 gather_rows             119435.32      0.36     15.32      2.00     0.00     11.4
      2041 gemm(gemv)              119451.00      0.32     55.88      3.30     0.59   1843.2
      2042 gemm(gemv)              119507.20     77.64      9.72      2.30     0.59      7.6
      2043 silu_mul                119594.56      0.00     12.48      2.00     0.00      0.0
      2044 gemm(gemv)              119607.04      0.00     67.24      2.40     0.59      0.0
      2045 scatter_axpy            119674.28      0.32     54.84      2.10     0.00     12.8
      2046 upload_i32              119729.44     77.64      2.54      3.50     0.00      0.0
      2047 upload                  119809.62     42.72      4.20      2.50     0.00      0.0
      2048 gather_rows             119856.54     46.56     15.76      2.90     0.00      0.1
      2049 gemm(gemv)              119918.86      0.32    202.12      3.70     0.59   1843.2
      2050 gemm(gemv)              120121.30     53.44     12.68      2.20     0.59     11.0
      2051 silu_mul                120187.42      6.56      1.32      2.10     0.00      0.0
      2052 gemm(gemv)              120195.30     44.92     15.04      2.50     0.59     13.1
      2053 scatter_axpy            120255.26      6.72      4.16      2.30     0.00      0.6
      2054 gemm(gemv)              120266.14     54.12     13.54      2.90     0.59     10.9
      2055 gemm(gemv)              120333.80      0.00     17.36      2.70     0.59      0.0
      2056 silu_mul                120351.16      0.36     50.76      2.30     0.00      0.0
      2057 gemm(gemv)              120402.28     63.08     10.18      2.60     0.59      9.4
      2058 add_inplace             120475.54      0.36     10.32      3.00     0.00      0.0
      2059 add_inplace             120486.22     60.40      5.94      2.40     0.00      0.0
      2060 rmsnorm                 120552.56     23.00     11.80      3.80     0.00      0.0
      2061 gemm_group              120587.36    120.30     15.20      4.50     0.00      0.0
      2062 qk_norm                 120722.86      0.36     10.44      5.50     0.00      0.0
      2063 rope                    120733.66    193.20      0.00   3852.60     0.00      0.0
      2064 kv_append               120926.86     58.84      9.56      6.70     0.00      0.0
      2065 attention               120995.26     28.24      3.68     13.30     0.00      0.0
      2066 gemm(gemv)              121027.18     66.08      0.00      3.70     0.06      0.8
      2067 softplus_act            121093.26      0.00     13.28      3.40     0.00      0.0
      2068 mul_head_bcast          121106.54      0.36     53.20      2.80     0.00      0.0
      2069 gemm(gemv)              121160.10     64.12      3.34      2.70     7.08    110.4
      2070 add_inplace             121227.56      0.32      8.88      2.10     0.00      0.0
      2071 rmsnorm                 121236.76     52.88      6.88      3.10     0.00      0.0
      2072 fill0                   121296.52      7.28     13.64      3.80     0.00      0.0
      2073 gemm(gemv)              121317.44     24.08     72.12      2.90     1.05     43.5
      2074 download_f32            121413.64     95.80    102.20    109.20     0.00      0.0
      2075 warm_read               121611.64    243.20      4.16    236.80     0.00      0.0
      2076 warm_read               121859.00    192.20     11.16    204.30     0.00      0.0
      2077 warm_read               122062.36    173.32      4.16    171.30     0.00      0.0
      2078 upload_paged            122239.84    426.36      4.44    413.40     1.77      4.2
      2079 upload_i32              122670.64    101.24     34.20      6.30     0.00      0.0
      2080 upload                  122806.08    105.32      7.86    136.50     0.00      0.0
      2081 gather_rows             122919.26     54.36     59.68      5.90     0.00      0.1
      2082 gemm(gemv)              123033.30     71.16      0.00      3.00     0.59      8.3
      2083 gemm(gemv)              123104.46     79.82     75.92      2.60     0.59      7.4
      2084 silu_mul                123260.20      0.36    169.60      2.90     0.00      0.0
      2085 gemm(gemv)              123430.16      0.00     88.32      1.90     0.59      0.0
      2086 scatter_axpy            123518.48     51.86    121.44      3.20     0.00      0.1
      2087 upload_i32              123691.78     21.98    165.32      2.80     0.00      0.0
      2088 upload                  123879.08    292.48     96.16      2.60     0.00      0.0
      2089 gather_rows             124267.72     53.48     54.80      2.50     0.00      0.1
      2090 gemm(gemv)              124376.00     91.20     15.48      3.30     0.59      6.5
      2091 gemm(gemv)              124482.68     52.56      1.44      2.30     0.59     11.2
      2092 silu_mul                124536.68     67.70     38.60      2.50     0.00      0.0
      2093 gemm(gemv)              124642.98     81.76     77.00      2.00     0.59      7.2
      2094 scatter_axpy            124801.74     81.28     67.92      2.70     0.00      0.1
      2095 upload_i32              124950.94    114.08      3.48      2.40     0.00      0.0
      2096 upload                  125068.50     26.80     41.36      2.40     0.00      0.0
      2097 gather_rows             125136.66     43.24     16.60      2.00     0.00      0.1
      2098 gemm(gemv)              125196.50      0.00     19.64      3.60     0.59      0.0
      2099 gemm(gemv)              125216.14      0.44     54.88      2.70     0.59   1340.5
      2100 silu_mul                125271.46     48.76      4.78      2.10     0.00      0.0
      2101 gemm(gemv)              125325.00      0.00     15.32      3.00     0.59      0.0
      2102 scatter_axpy            125340.32      0.36     52.60      2.90     0.00     11.4
      2103 upload_i32              125393.28     54.76      7.44      2.40     0.00      0.0
      2104 upload                  125455.48     28.14      4.20      3.70     0.00      0.0
      2105 gather_rows             125487.82      0.36     51.52      2.70     0.00     11.4
      2106 gemm(gemv)              125539.70     50.88      3.82      3.60     0.59     11.6
      2107 gemm(gemv)              125594.40      0.36     10.52      2.80     0.59   1638.4
      2108 silu_mul                125605.28     63.68     16.84      2.30     0.00      0.0
      2109 gemm(gemv)              125685.80      0.40     17.00      2.00     0.59   1474.6
      2110 scatter_axpy            125703.20      0.36     46.72      2.10     0.00     11.4
      2111 upload_i32              125750.28     54.16      0.00      2.80     0.00      0.0
      2112 upload                  125804.44     35.98      5.76      3.20     0.00      0.0
      2113 gather_rows             125846.18      0.36     69.24      1.90     0.00     11.4
      2114 gemm(gemv)              125915.78     50.44      0.00      2.90     0.59     11.7
      2115 gemm(gemv)              125966.22      8.40      1.32      2.50     0.59     70.2
      2116 silu_mul                125975.94     42.20     12.40      1.90     0.00      0.0
      2117 gemm(gemv)              126030.54     17.68      4.16      2.50     0.59     33.4
      2118 scatter_axpy            126052.38     62.44     19.00      1.70     0.00      0.1
      2119 warm_read               126133.82      4.20      2.48    150.30     0.00      0.0
      2120 warm_read               126140.50    109.20     10.88    140.10     0.00      0.0
      2121 warm_read               126260.58      0.00    108.08    144.20     0.00      0.0
      2122 upload_paged            126368.66      4.12     64.44   1015.40     1.77    429.5
      2123 upload_i32              126437.22     17.28     25.76      6.40     0.00      0.0
      2124 upload                  126480.26     20.60     14.20      3.70     0.00      0.0
      2125 gather_rows             126515.06      0.36     49.92      4.90     0.00     11.4
      2126 gemm(gemv)              126565.34     48.60      2.82      4.30     0.59     12.1
      2127 gemm(gemv)              126616.76      8.20      1.28      2.30     0.59     71.9
      2128 silu_mul                126626.24     42.76     11.24      2.20     0.00      0.0
      2129 gemm(gemv)              126680.24      0.40     16.28      3.50     0.59   1474.6
      2130 scatter_axpy            126696.92     11.84     47.64      2.40     0.00      0.3
      2131 upload_i32              126756.40     82.60     33.16      3.10     0.00      0.0
      2132 upload                  126872.16     75.04     18.00      3.00     0.00      0.0
      2133 gather_rows             126965.20      7.36    174.48      2.70     0.00      0.6
      2134 gemm(gemv)              127147.04     66.20      8.02      2.80     0.59      8.9
      2135 gemm(gemv)              127221.26      7.80      1.32      2.10     0.59     75.6
      2136 silu_mul                127230.38     42.40     12.28      2.30     0.00      0.0
      2137 gemm(gemv)              127285.06      0.44     13.44      4.10     0.59   1340.5
      2138 scatter_axpy            127298.94     45.88      0.00      3.00     0.00      0.1
      2139 upload_i32              127344.82     17.94      2.68      2.50     0.00      0.0
      2140 upload                  127365.44     45.36     18.04      2.70     0.00      0.0
      2141 gather_rows             127428.84      0.32     67.84      1.70     0.00     12.8
      2142 gemm(gemv)              127497.00     25.92      0.00      4.10     0.59     22.8
      2143 gemm(gemv)              127522.92     46.24     12.48      2.10     0.59     12.8
      2144 silu_mul                127581.64      6.56      1.28      1.60     0.00      0.0
      2145 gemm(gemv)              127589.48     45.72     12.96      2.40     0.59     12.9
      2146 scatter_axpy            127648.16      0.36     10.84      1.70     0.00     11.4
      2147 gemm(gemv)              127659.36     64.76     15.84      3.40     0.59      9.1
      2148 gemm(gemv)              127739.96      7.96      1.32      2.80     0.59     74.1
      2149 silu_mul                127749.24     42.60     12.32      2.50     0.00      0.0
      2150 gemm(gemv)              127804.16      8.32      3.52      3.60     0.59     70.9
      2151 add_inplace             127816.00     42.80     10.96      2.20     0.00      0.0
      2152 add_inplace             127869.76      0.00      9.64      3.00     0.00      0.0
      2153 rmsnorm                 127879.40      0.36     53.48      3.40     0.00      0.0
      2154 gemm(gemv)              127933.24     68.60      0.00      2.60     9.44    137.6
      2155 gemm(gemv)              128001.84      0.32     13.56      2.60     1.18   3686.4
      2156 gemm(gemv)              128015.72      0.36     13.16      2.60     1.72   4778.7
      2157 qk_norm                 128029.24     65.84      5.76      4.30     0.00      0.0
      2158 rope                    128100.84    164.44      1.10   3576.70     0.00      0.0
      2159 kv_append               128266.38      1.94     13.12      4.30     0.00      0.0
      2160 attention               128281.44      0.48     81.24     11.00     0.00      0.0
      2161 gemm(gemv)              128363.16     43.96      1.40      3.70     0.07      1.7
      2162 softplus_act            128408.52      0.00     12.12      2.70     0.00      0.0
      2163 mul_head_bcast          128420.64      0.32     52.16      2.80     0.00      0.0
      2164 gemm(gemv)              128473.12     69.56      4.02      2.50     9.44    135.7
      2165 add_inplace             128546.70      0.36      7.56      2.50     0.00      0.0
      2166 rmsnorm                 128554.62     16.48      5.44      2.80     0.00      0.0
      2167 fill0                   128576.54     61.04     12.52      2.80     0.00      0.0
      2168 gemm(gemv)              128650.10     31.34     17.20      2.70     1.05     33.5
      2169 download_f32            128698.64     68.40     93.30     94.10     0.00      0.0
      2170 upload_i32              128860.34      3.06     15.84      5.40     0.00      0.0
      2171 upload                  128879.24      4.24     70.16      3.40     0.00      0.0
      2172 gather_rows             128953.64      0.32     47.96      3.50     0.00     12.8
      2173 gemm(gemv)              129001.92     49.56      0.00      4.00     0.59     11.9
      2174 gemm(gemv)              129051.48      0.36     10.32      3.30     0.59   1638.4
      2175 silu_mul                129062.16     61.44     16.26      2.20     0.00      0.0
      2176 gemm(gemv)              129139.86     10.76      3.56      2.30     0.86     79.9
      2177 scatter_axpy            129154.18     63.64      7.94      3.00     0.00      0.1
      2178 upload_i32              129225.76      0.54     12.92      2.70     0.00      0.0
      2179 upload                  129239.22      4.60     52.20      2.70     0.00      0.0
      2180 gather_rows             129296.02      0.36     49.04      3.10     0.00     11.4
      2181 gemm(gemv)              129345.42     50.96      5.20      2.80     0.59     11.6
      2182 gemm(gemv)              129401.58      0.32      8.56      3.00     0.59   1843.2
      2183 silu_mul                129410.46     47.92      9.76      3.20     0.00      0.0
      2184 gemm(gemv)              129468.14      0.00     13.72      3.70     0.86      0.0
      2185 scatter_axpy            129481.86      0.44     48.44      2.10     0.00      9.3
      2186 upload_i32              129530.74     53.76      6.02     45.00     0.00      0.0
      2187 upload                  129590.52     25.26      4.28      3.10     0.00      0.0
      2188 gather_rows             129620.06      0.32     50.20      2.70     0.00     12.8
      2189 gemm(gemv)              129670.58     50.60      3.58      3.20     0.59     11.7
      2190 gemm(gemv)              129724.76      0.36      9.20      2.50     0.59   1638.4
      2191 silu_mul                129734.32     46.08      9.04     45.10     0.00      0.0
      2192 gemm(gemv)              129789.44     10.68      3.52      2.70     0.86     80.5
      2193 scatter_axpy            129803.64     45.36      8.52      2.40     0.00      0.1
      2194 upload_i32              129857.52     20.40      2.64      3.70     0.00      0.0
      2195 upload                  129880.56      5.24     52.40    162.30     0.00      0.0
      2196 gather_rows             129938.20     50.96     15.96      4.30     0.00      0.1
      2197 gemm(gemv)              130005.12      0.48     15.60      3.90     0.59   1228.8
      2198 gemm(gemv)              130021.20      0.32     49.20      2.70     0.59   1843.2
      2199 silu_mul                130070.72     49.28      5.04      2.60     0.00      0.0
      2200 gemm(gemv)              130125.04     11.76     13.36     54.40     0.86     73.1
      2201 scatter_axpy            130150.16      0.36     72.80      2.50     0.00     11.4
      2202 upload_i32              130223.32     58.44      0.00      2.90     0.00      0.0
      2203 upload                  130281.76     45.12     25.84      2.60     0.00      0.0
      2204 gather_rows             130352.72      0.36     56.08     46.20     0.00     11.4
      2205 gemm(gemv)              130409.16     46.04     11.00      4.30     0.59     12.8
      2206 gemm(gemv)              130466.20     45.48      1.40      2.90     0.59     13.0
      2207 silu_mul                130513.08     42.96      6.68      1.70     0.00      0.0
      2208 gemm(gemv)              130562.72     20.24      4.12     44.10     0.86     42.5
      2209 scatter_axpy            130587.08     62.24     15.04      2.70     0.00      0.1
      2210 upload_i32              130664.36     43.36     16.00      3.50     0.00      0.0
      2211 upload                  130723.72     17.84     17.36      2.30     0.00      0.0
      2212 gather_rows             130758.92     45.96     16.60      2.60     0.00      0.1
      2213 gemm(gemv)              130821.48      0.48     16.20      3.00     0.59   1228.8
      2214 gemm(gemv)              130838.16      0.32     50.04      1.80     0.59   1843.2
      2215 silu_mul                130888.52     44.88     10.12      2.10     0.00      0.0
      2216 gemm(gemv)              130943.52     20.92      3.56     53.60     0.86     41.1
      2217 scatter_axpy            130968.00     46.12     13.76      3.00     0.00      0.1
      2218 upload_i32              131027.88     26.60      3.48      3.20     0.00      0.0
      2219 upload                  131057.96     53.28     17.44      2.80     0.00      0.0
      2220 gather_rows             131128.68     49.08      0.94      1.90     0.00      0.1
      2221 gemm(gemv)              131178.70      6.12     15.00     44.50     0.59     96.4
      2222 gemm(gemv)              131199.82     11.60     70.84      2.60     0.59     50.8
      2223 silu_mul                131282.26     75.64     44.06      2.40     0.00      0.0
      2224 gemm(gemv)              131401.96     48.84      8.44      2.30     0.86     17.6
      2225 scatter_axpy            131459.24      0.00     13.60      2.00     0.00      0.0
      2226 upload_i32              131472.84     26.16     58.96     44.40     0.00      0.0
      2227 upload                  131557.96     51.72     17.76      2.60     0.00      0.0
      2228 gather_rows             131627.44     50.88      8.90      2.80     0.00      0.1
      2229 gemm(gemv)              131687.22     16.40     13.92      3.00     0.59     36.0
      2230 gemm(gemv)              131717.54      0.32     73.92      2.70     0.59   1843.2
      2231 silu_mul                131791.78     48.44      0.00      3.00     0.00      0.0
      2232 gemm(gemv)              131840.22      0.48     16.64      2.20     0.86   1792.0
      2233 scatter_axpy            131857.34      0.36     48.44     70.80     0.00     11.4
      2234 gemm(gemv)              131906.14     48.72      7.84      3.50     0.59     12.1
      2235 gemm(gemv)              131962.70      9.12     14.96      2.20     0.59     64.7
      2236 silu_mul                131986.78      0.32     65.00     44.50     0.00      0.0
      2237 gemm(gemv)              132052.10     53.52      1.18      2.50     0.86     16.1
      2238 add_inplace             132106.80      0.82     10.36      2.70     0.00      0.0
      2239 add_inplace             132117.98      0.36     52.84      2.00     0.00      0.0
      2240 rmsnorm                 132171.18     47.96      8.28      2.40     0.00      0.0
      2241 gemm_group              132227.42     44.56      1.40      3.40     0.00      0.0
      2242 qk_norm                 132273.38      6.06     25.84      3.90     0.00      0.0
      2243 rope                    132305.28      0.36     67.44     53.70     0.00      0.0
      2244 kv_append               132373.08     47.04      9.64      3.10     0.00      0.0
      2245 attention               132429.76      0.32     21.04      5.00     0.00      0.0
      2246 gemm(gemv)              132451.12     11.20     42.28      2.60     0.07      6.6
      2247 softplus_act            132504.60     51.28     12.76     56.90     0.00      0.0
      2248 mul_head_bcast          132568.64      0.84     18.60      3.10     0.00      0.0
      2249 gemm(gemv)              132588.08     29.40     58.36      2.50     9.44    321.0
      2250 add_inplace             132675.84      9.44      4.60      2.90     0.00      0.0
      2251 rmsnorm                 132689.88     51.36      4.90      2.20     0.00      0.0
      2252 fill0                   132746.14      9.24      1.44      2.10     0.00      0.0
      2253 gemm(gemv)              132756.82     73.60     13.26     55.10     1.05     14.2
      2254 download_f32            132843.68     80.84     96.60     96.50     0.00      0.0
      2255 upload_i32              133021.12      0.00     14.64      4.80     0.00      0.0
      2256 upload                  133035.76      1.18     62.72      3.40     0.00      0.0
      2257 gather_rows             133099.66      0.36     55.68      4.60     0.00     11.4
      2258 gemm(gemv)              133155.70     54.44      6.76      4.30     0.59     10.8
      2259 gemm(gemv)              133216.90      9.56      1.40      2.80     0.59     61.7
      2260 silu_mul                133227.86     68.30    116.60     54.10     0.00      0.0
      2261 gemm(gemv)              133412.76      0.32     80.04      4.10     0.59   1843.2
      2262 scatter_axpy            133493.12     53.72      0.00      2.70     0.00      0.1
      2263 upload_i32              133546.84     45.40     15.72      3.30     0.00      0.0
      2264 upload                  133607.96     41.88     20.40      2.70     0.00      0.0
      2265 gather_rows             133670.24     21.74     11.24      2.40     0.00      0.2
      2266 gemm(gemv)              133703.22      0.32     88.60      3.10     0.59   1843.2
      2267 gemm(gemv)              133792.14     66.80     48.68      2.10     0.59      8.8
      2268 silu_mul                133907.62     78.76     69.70      1.90     0.00      0.0
      2269 gemm(gemv)              134056.08    243.10     29.84      2.20     0.59      2.4
      2270 scatter_axpy            134329.02      0.00    256.08      2.20     0.00      0.0
      2271 upload_i32              134585.10     83.40     34.90      2.80     0.00      0.0
      2272 upload                  134703.40      4.96     69.52      2.30     0.00      0.0
      2273 gather_rows             134777.88      0.36     51.52      1.90     0.00     11.4
      2274 gemm(gemv)              134829.76     47.64     11.76      2.60     0.59     12.4
      2275 gemm(gemv)              134889.16      0.00     15.12      3.00     0.59      0.0
      2276 silu_mul                134904.28      0.32     64.36      1.80     0.00      0.0
      2277 gemm(gemv)              134968.96     53.76     15.84      2.30     0.59     11.0
      2278 scatter_axpy            135038.56      0.00     20.52      2.00     0.00      0.0
      2279 upload_i32              135059.08     18.78     57.72      2.30     0.00      0.0
      2280 upload                  135135.58      4.68     69.04      2.10     0.00      0.0
      2281 gather_rows             135209.30      0.36     49.48      2.40     0.00     11.4
      2282 gemm(gemv)              135259.14     49.96      9.56      2.60     0.59     11.8
      2283 gemm(gemv)              135318.66      8.50     15.12      2.00     0.59     69.4
      2284 silu_mul                135342.28      0.36     67.00      2.30     0.00      0.0
      2285 gemm(gemv)              135409.64     51.88      0.00      2.20     0.59     11.4
      2286 scatter_axpy            135461.52      2.06     10.56      2.30     0.00      2.0
      2287 warm_read               135474.14      4.20     46.64    195.70     0.00      0.0
      2288 warm_read               135524.98     44.96      6.46    197.90     0.00      0.0
      2289 warm_read               135576.40      7.28      4.16    141.00     0.00      0.0
      2290 upload_paged            135587.84      4.28     45.20    891.80     1.77    413.4
      2291 upload_i32              135637.32     56.64      7.22      5.50     0.00      0.0
      2292 upload                  135701.18     41.92     25.08      3.20     0.00      0.0
      2293 gather_rows             135768.18      0.48     16.00      4.10     0.00      8.5
      2294 gemm(gemv)              135784.66      0.32     50.56      4.40     0.59   1843.2
      2295 gemm(gemv)              135835.54      8.24     77.16      1.70     0.59     71.6
      2296 silu_mul                135920.94      0.36     69.32      2.60     0.00      0.0
      2297 gemm(gemv)              135990.62     48.76      0.00      2.40     0.59     12.1
      2298 scatter_axpy            136039.38      0.36     10.52      2.20     0.00     11.4
      2299 upload_i32              136050.26     58.28     15.66      2.50     0.00      0.0
      2300 upload                  136124.20     61.36     19.96      2.20     0.00      0.0
      2301 gather_rows             136205.52      0.00     13.84      3.00     0.00      0.0
      2302 gemm(gemv)              136219.36      0.44     48.88      3.70     0.59   1340.5
      2303 gemm(gemv)              136268.68     45.88      4.24      2.60     0.59     12.9
      2304 silu_mul                136318.80      6.44      1.32      2.10     0.00      0.0
      2305 gemm(gemv)              136326.56     21.12     14.24      2.70     0.59     27.9
      2306 scatter_axpy            136361.92     45.04     11.80      2.30     0.00      0.1
      2307 upload_i32              136418.76     20.16      2.68      2.80     0.00      0.0
      2308 upload                  136441.60     44.50     18.56      2.10     0.00      0.0
      2309 gather_rows             136504.66     25.28     67.32      2.50     0.00      0.2
      2310 gemm(gemv)              136597.26      0.36     94.44      3.40     0.59   1638.4
      2311 gemm(gemv)              136692.06     47.84      0.00      2.70     0.59     12.3
      2312 silu_mul                136739.90      6.40      1.32      1.90     0.00      0.0
      2313 gemm(gemv)              136747.62     45.20     14.12      2.00     0.59     13.0
      2314 scatter_axpy            136806.94      0.32     10.88      2.00     0.00     12.8
      2315 upload_i32              136818.14     71.20     15.82      2.10     0.00      0.0
      2316 upload                  136905.16     27.80      4.20      2.30     0.00      0.0
      2317 gather_rows             136937.16      0.36     67.72      2.00     0.00     11.4
      2318 gemm(gemv)              137005.24     48.08      0.00      3.50     0.59     12.3
      2319 gemm(gemv)              137053.32      8.08      1.24      2.30     0.59     73.0
      2320 silu_mul                137062.64     43.04     11.40      1.80     0.00      0.0
      2321 gemm(gemv)              137117.08      8.36      3.52      2.20     0.59     70.6
      2322 scatter_axpy            137128.96     45.12     11.20      1.90     0.00      0.1
      2323 gemm(gemv)              137185.28      7.52      2.64      2.50     0.59     78.4
      2324 gemm(gemv)              137195.44     49.52     14.70      3.40     0.59     11.9
      2325 silu_mul                137259.66      6.60      1.32      2.00     0.00      0.0
      2326 gemm(gemv)              137267.58     45.92     12.64      3.80     0.59     12.8
      2327 add_inplace             137326.14      0.32     10.04      2.50     0.00      0.0
      2328 add_inplace             137336.50     48.76     13.04      1.90     0.00      0.0
      2329 rmsnorm                 137398.30      0.00     12.44      3.50     0.00      0.0
      2330 gemm_group              137410.74     39.68     40.60      4.10     0.00      0.0
      2331 qk_norm                 137491.02      0.36      9.40      3.70     0.00      0.0
      2332 rope                    137500.78     63.12     21.76      4.10     0.00      0.0
      2333 kv_append               137585.66     99.32     46.18      2.40     0.00      0.0
      2334 attention               137731.16     18.40      2.44      7.40     0.00      0.0
      2335 gemm(gemv)              137752.00     44.04     14.36      2.60     0.07      1.7
      2336 softplus_act            137810.40      6.16      2.44      2.60     0.00      0.0
      2337 mul_head_bcast          137819.00     49.24      0.00      2.40     0.00      0.0
      2338 gemm(gemv)              137868.24     29.04      3.56      2.40     9.44    325.0
      2339 add_inplace             137900.84      0.44     26.20      2.30     0.00      0.0
      2340 rmsnorm                 137927.48     22.32     16.16      2.90     0.00      0.0
      2341 fill0                   137965.96     66.96     16.44      3.20     0.00      0.0
      2342 gemm(gemv)              138049.36      0.30     15.04      3.00     1.05   3495.3
      2343 download_f32            138064.70     95.84     99.80     99.10     0.00      0.0
      2344 upload_i32              138260.34     45.50     10.16      5.10     0.00      0.0
      2345 upload                  138316.00     29.96     48.64      3.20     0.00      0.0
      2346 gather_rows             138394.60      0.36     72.76      5.40     0.00     11.4
      2347 gemm(gemv)              138467.72     27.82     12.44      5.00     0.59     21.2
      2348 gemm(gemv)              138507.98     53.72      0.00      3.10     0.59     11.0
      2349 silu_mul                138561.70     16.53      1.32      2.40     0.00      0.0
      2350 gemm(gemv)              138579.55     34.44     20.43      3.10     0.59     17.1
      2351 scatter_axpy            138634.42     29.26     10.56      2.50     0.00      0.1
      2352 upload_i32              138674.24     60.01     14.40      3.00     0.00      0.0
      2353 upload                  138748.65     63.40     19.40      2.20     0.00      0.0
      2354 gather_rows             138831.45     70.36     12.23      2.40     0.00      0.1
      2355 gemm(gemv)              138914.04     46.28     19.68      2.50     0.59     12.7
      2356 gemm(gemv)              138980.00     67.40      1.28      2.50     0.59      8.8
      2357 silu_mul                139048.68      2.06     15.04      2.30     0.00      0.0
      2358 gemm(gemv)              139065.78      0.44     58.16      2.80     0.59   1340.5
      2359 scatter_axpy            139124.38     51.68      2.70      2.90     0.00      0.1
      2360 upload_i32              139178.76     42.96     16.76      2.60     0.00      0.0
      2361 upload                  139238.48     60.04     18.80      2.40     0.00      0.0
      2362 gather_rows             139317.32      0.00     15.96      2.40     0.00      0.0
      2363 gemm(gemv)              139333.28      0.44     50.36      2.40     0.59   1340.5
      2364 gemm(gemv)              139384.08     49.24      6.50      2.40     0.59     12.0
      2365 silu_mul                139439.82      6.68      1.32     35.60     0.00      0.0
      2366 gemm(gemv)              139447.82     44.80     15.24      3.90     0.59     13.2
      2367 scatter_axpy            139507.86      0.36     11.40      3.40     0.00     11.4
      2368 upload_i32              139519.62     30.54      9.52      4.10     0.00      0.0
      2369 upload                  139559.68      4.72     53.84      2.20     0.00      0.0
      2370 gather_rows             139618.24     61.96     17.04      2.60     0.00      0.1
      2371 gemm(gemv)              139697.24     10.28      3.68      4.30     0.59     57.4
      2372 gemm(gemv)              139711.20     63.72     16.78     38.20     0.59      9.3
      2373 silu_mul                139791.70      6.68      1.36      4.20     0.00      0.0
      2374 gemm(gemv)              139799.74     44.92     15.28      4.00     0.59     13.1
      2375 scatter_axpy            139859.94      0.36     10.96      3.60     0.00     11.4
      2376 upload_i32              139871.26     37.34      7.88     67.90     0.00      0.0
      2377 upload                  139916.48      0.00     79.96      2.80     0.00      0.0
      2378 gather_rows             139996.44      4.02     57.88      2.80     0.00      1.0
      2379 gemm(gemv)              140058.34      0.36     58.96      3.10     0.59   1638.4
      2380 gemm(gemv)              140117.66    604.20     18.68      3.30     0.59      1.0
      2381 silu_mul                140740.54     46.40     11.68      4.20     0.00      0.0
      2382 gemm(gemv)              140798.62      0.48     18.36      3.30     0.59   1228.8
      2383 scatter_axpy            140817.46      0.44     47.68     67.30     0.00      9.3
      2384 warm_read               140865.58     43.40      0.26    781.70     0.00      0.0
      2385 warm_read               140909.24      8.10      4.40    363.40     0.00      0.0
      2386 warm_read               140921.74      4.20     46.72    154.10     0.00      0.0
      2387 upload_paged            140972.66     14.94      4.24    842.90     1.77    118.4
      2388 upload_i32              140991.84      4.76     56.24      6.70     0.00      0.0
      2389 upload                  141052.84     32.56     19.44      2.90     0.00      0.0
      2390 gather_rows             141104.84      0.36     52.88      5.90     0.00     11.4
      2391 gemm(gemv)              141158.08     52.08     22.56      4.00     0.59     11.3
      2392 gemm(gemv)              141232.72     50.28      0.00      2.90     0.59     11.7
      2393 silu_mul                141283.00     17.78     16.44      3.10     0.00      0.0
      2394 gemm(gemv)              141317.22      0.44     62.72      2.40     0.59   1340.5
      2395 scatter_axpy            141380.38    213.36      0.00      2.50     0.00      0.0
      2396 upload_i32              141593.74     34.76      8.28      3.30     0.00      0.0
      2397 upload                  141636.78     69.44     49.80      2.90     0.00      0.0
      2398 gather_rows             141756.02      0.36    156.40      2.20     0.00     11.4
      2399 gemm(gemv)              141912.78     46.88      8.20      3.90     0.59     12.6
      2400 gemm(gemv)              141967.86      7.88      1.32      2.70     0.59     74.9
      2401 silu_mul                141977.06     41.76     13.92      2.50     0.00      0.0
      2402 gemm(gemv)              142032.74      0.10     14.24      3.60     0.59   5898.2
      2403 scatter_axpy            142047.08      0.44     49.64      2.30     0.00      9.3
      2404 upload_i32              142097.16     54.28      6.02      2.90     0.00      0.0
      2405 upload                  142157.46     37.60      4.12      3.30     0.00      0.0
      2406 gather_rows             142199.18      0.36     71.52      3.10     0.00     11.4
      2407 gemm(gemv)              142271.06     48.96      0.00      3.60     0.59     12.0
      2408 gemm(gemv)              142320.02      7.96      1.32      2.80     0.59     74.1
      2409 silu_mul                142329.30     42.28     13.72      2.40     0.00      0.0
      2410 gemm(gemv)              142385.30      0.56     15.24      3.50     0.59   1053.3
      2411 scatter_axpy            142401.10      0.36     47.76      2.40     0.00     11.4
      2412 gemm(gemv)              142449.22     78.64     20.44      3.00     0.59      7.5
      2413 gemm(gemv)              142548.30      0.00     14.72      2.60     0.59      0.0
      2414 silu_mul                142563.02      0.32     52.96      2.10     0.00      0.0
      2415 gemm(gemv)              142616.30     51.88      3.62      2.50     0.59     11.4
      2416 add_inplace             142671.80      0.32     10.92      2.30     0.00      0.0
      2417 add_inplace             142683.04     63.60     14.08      2.40     0.00      0.0
      2418 rmsnorm                 142760.72      0.32     15.44      3.80     0.00      0.0
      2419 gemm(gemv)              142776.48     25.32     40.36      3.80     7.08    279.5
      2420 gemm(gemv)              142842.16      0.00     14.16      2.70     1.18      0.0
      2421 gemm(gemv)              142856.32      0.36     52.16      2.50     1.72   4778.7
      2422 qk_norm                 142908.84     71.20     18.78      3.10     0.00      0.0
      2423 rope                    142998.82    163.56      1.10   2195.90     0.00      0.0
      2424 kv_append               143163.48      0.00     13.64      5.00     0.00      0.0
      2425 attention               143177.12      0.44     62.44      9.00     0.00      0.0
      2426 gemm(gemv)              143240.00     45.64      1.44      2.90     0.06      1.2
      2427 softplus_act            143287.08      0.00     12.96      2.50     0.00      0.0
      2428 mul_head_bcast          143300.04      0.36     49.72      2.20     0.00      0.0
      2429 gemm(gemv)              143350.12     65.20      8.16      2.00     7.08    108.6
      2430 add_inplace             143423.48      0.32      9.16      2.10     0.00      0.0
      2431 rmsnorm                 143432.96     51.08      4.28      2.50     0.00      0.0
      2432 fill0                   143488.32      2.10     14.52      3.50     0.00      0.0
      2433 gemm(gemv)              143504.94      0.70     61.50      2.40     1.05   1498.0
      2434 download_f32            143567.14     72.64     85.20     85.10     0.00      0.0
      2435 upload_i32              143724.98     19.28      4.12      4.60     0.00      0.0
      2436 upload                  143748.38     14.10     14.76      2.30     0.00      0.0
      2437 gather_rows             143777.24      0.36     47.68      3.10     0.00     11.4
      2438 gemm(gemv)              143825.28     50.88      7.36      4.20     0.59     11.6
      2439 gemm(gemv)              143883.52      7.96      1.32     50.90     0.59     74.1
      2440 silu_mul                143892.80     43.52     13.64      2.50     0.00      0.0
      2441 gemm(gemv)              143949.96     11.24      4.00      3.30     0.86     76.5
      2442 scatter_axpy            143965.20     46.56      6.14      2.80     0.00      0.1
      2443 upload_i32              144017.90     19.20      2.64      3.20     0.00      0.0
      2444 upload                  144039.74     51.48     18.56      3.10     0.00      0.0
      2445 gather_rows             144109.78      9.16      5.64      2.60     0.00      0.4
      2446 gemm(gemv)              144124.58     67.56     25.76      2.50     0.59      8.7
      2447 gemm(gemv)              144217.90      7.84      1.28      3.20     0.59     75.2
      2448 silu_mul                144227.02     43.28     12.44      1.90     0.00      0.0
      2449 gemm(gemv)              144282.74      0.00     14.00      2.60     0.86      0.0
      2450 scatter_axpy            144296.74      0.44     48.64      2.30     0.00      9.3
      2451 upload_i32              144345.82     54.28      6.22      2.10     0.00      0.0
      2452 upload                  144406.32     35.86      4.36      2.20     0.00      0.0
      2453 gather_rows             144446.54      0.36     67.24      2.30     0.00     11.4
      2454 gemm(gemv)              144514.14     55.96      0.00      3.60     0.59     10.5
      2455 gemm(gemv)              144570.10      0.36      9.24      2.40     0.59   1638.4
      2456 silu_mul                144579.70    111.50      6.04      2.30     0.00      0.0
      2457 gemm(gemv)              144697.24      0.48    135.16      2.70     0.86   1792.0
      2458 scatter_axpy            144832.88     49.92      6.80      2.10     0.00      0.1
      2459 upload_i32              144889.60      0.00      7.64      2.60     0.00      0.0
      2460 upload                  144897.24      0.00     85.60      2.20     0.00      0.0
      2461 gather_rows             144982.84      0.32     55.40      2.40     0.00     12.8
      2462 gemm(gemv)              145038.56     47.40      3.18      3.00     0.59     12.4
      2463 gemm(gemv)              145089.14      7.84      1.28      2.40     0.59     75.2
      2464 silu_mul                145098.26     42.44     12.52      2.00     0.00      0.0
      2465 gemm(gemv)              145153.22      0.44     15.72      2.40     0.86   1954.9
      2466 scatter_axpy            145169.38      0.48     47.56      2.50     0.00      8.5
      2467 upload_i32              145217.42     54.96      5.32      2.60     0.00      0.0
      2468 upload                  145277.70     18.00     17.92      2.50     0.00      0.0
      2469 gather_rows             145313.62     65.20     24.42      2.90     0.00      0.1
      2470 gemm(gemv)              145403.24      0.36     13.16      3.00     0.59   1638.4
      2471 gemm(gemv)              145416.76     43.68     12.00      2.40     0.59     13.5
      2472 silu_mul                145472.44     18.84     10.36      1.70     0.00      0.0
      2473 gemm(gemv)              145501.64     52.40    331.48      3.50     0.86     16.4
      2474 scatter_axpy            145885.52     49.24      0.00      2.50     0.00      0.1
      2475 warm_read               145934.76      4.12      2.64    146.60     0.00      0.0
      2476 warm_read               145941.52     49.44     17.32    178.60     0.00      0.0
      2477 warm_read               146008.28      9.04     75.40    228.30     0.00      0.0
      2478 upload_paged            146092.72      7.98    501.72    435.60     2.04    255.6
      2479 upload_i32              146602.42      4.64     56.76      6.50     0.00      0.0
      2480 upload                  146663.82      4.64     51.56      3.00     0.00      0.0
      2481 gather_rows             146720.02      0.36     48.20      5.30     0.00     11.4
      2482 gemm(gemv)              146768.58     48.84      0.44      3.80     0.59     12.1
      2483 gemm(gemv)              146817.86      0.32     10.44      1.90     0.59   1843.2
      2484 silu_mul                146828.62     63.76     18.30      2.50     0.00      0.0
      2485 gemm(gemv)              146910.68      0.48     17.04      2.50     0.86   1792.0
      2486 scatter_axpy            146928.20      0.44     48.72      2.60     0.00      9.3
      2487 upload_i32              146977.36     54.60      0.00      2.50     0.00      0.0
      2488 upload                  147031.96     36.36      4.24      2.20     0.00      0.0
      2489 gather_rows             147072.56      0.32     69.24      2.20     0.00     12.8
      2490 gemm(gemv)              147142.12     49.84      0.00      2.60     0.59     11.8
      2491 gemm(gemv)              147191.96      7.96      1.32      2.80     0.59     74.1
      2492 silu_mul                147201.24     42.68     12.96      1.80     0.00      0.0
      2493 gemm(gemv)              147256.88     10.72      3.52      2.60     0.86     80.2
      2494 scatter_axpy            147271.12     45.32      6.90      2.40     0.00      0.1
      2495 upload_i32              147323.34     21.48      2.44      2.10     0.00      0.0
      2496 upload                  147347.26     43.58     15.88      3.20     0.00      0.0
      2497 gather_rows             147406.72      0.36     67.64      2.20     0.00     11.4
      2498 gemm(gemv)              147474.72     53.20      0.00      3.10     0.59     11.1
      2499 gemm(gemv)              147527.92     58.90     14.20      3.20     0.59     10.0
      2500 silu_mul                147601.02     12.20    105.84      1.90     0.00      0.0
      2501 gemm(gemv)              147719.06     67.84      0.00      2.40     0.86     12.7
      2502 scatter_axpy            147786.90      0.32     10.36      2.70     0.00     12.8
      2503 gemm(gemv)              147797.58     47.56      6.00      2.90     0.59     12.4
      2504 gemm(gemv)              147851.14      0.00     12.44      2.30     0.59      0.0
      2505 silu_mul                147863.58      0.36     53.88      3.00     0.00      0.0
      2506 gemm(gemv)              147917.82     52.04      1.16      2.40     0.86     16.5
      2507 add_inplace             147971.02      0.36     10.00      2.30     0.00      0.0
      2508 add_inplace             147981.38     48.72      8.40      1.90     0.00      0.0
      2509 rmsnorm                 148038.50     70.60     14.40      3.10     0.00      0.0
      2510 gemm_group              148123.50     45.68      1.40      4.10     0.00      0.0
      2511 qk_norm                 148170.58      2.72     15.60      3.80     0.00      0.0
      2512 rope                    148188.90    285.08     18.08   2448.70     0.00      0.0
      2513 kv_append               148492.06      0.00     19.68      3.60     0.00      0.0
      2514 attention               148511.74    171.04     48.36     10.00     0.00      0.0
      2515 gemm(gemv)              148731.14      0.36      7.24      3.10     0.07    204.8
      2516 softplus_act            148738.74     49.56      9.00      2.30     0.00      0.0
      2517 mul_head_bcast          148797.30      6.20      3.52      1.80     0.00      0.0
      2518 gemm(gemv)              148807.02     71.44     13.52      2.30     9.44    132.1
      2519 add_inplace             148891.98      0.36      7.52      2.60     0.00      0.0
      2520 rmsnorm                 148899.86      0.36     16.76      1.90     0.00      0.0
      2521 fill0                   148916.98      0.36     53.08      2.60     0.00      0.0
      2522 gemm(gemv)              148970.42     64.00      8.32      2.20     1.05     16.4
      2523 download_f32            149042.74     65.64     78.20     78.40     0.00      0.0
      2524 upload_i32              149186.58      0.00     15.72      2.60     0.00      0.0
      2525 upload                  149202.30      4.36     55.12      2.40     0.00      0.0
      2526 gather_rows             149261.78      0.36     47.84      2.70     0.00     11.4
      2527 gemm(gemv)              149309.98     46.76     10.04      3.70     0.59     12.6
      2528 gemm(gemv)              149366.78      8.08      1.32      2.30     0.59     73.0
      2529 silu_mul                149376.18     42.52     13.24      2.40     0.00      0.0
      2530 gemm(gemv)              149431.94      9.04      3.52      2.80     0.59     65.2
      2531 scatter_axpy            149444.50     65.32     21.00      2.80     0.00      0.1
      2532 upload_i32              149530.82     19.92      2.44      2.70     0.00      0.0
      2533 upload                  149553.18     32.20     17.52      2.20     0.00      0.0
      2534 gather_rows             149602.90      0.32     68.76      2.10     0.00     12.8
      2535 gemm(gemv)              149671.98     49.44      0.00      2.90     0.59     11.9
      2536 gemm(gemv)              149721.42      7.88      1.32      2.50     0.59     74.9
      2537 silu_mul                149730.62     44.04     14.28      2.20     0.00      0.0
      2538 gemm(gemv)              149788.94    248.52     15.72      2.40     0.59      2.4
      2539 scatter_axpy            150053.18      0.00    348.52      2.50     0.00      0.0
      2540 warm_read               150401.70     41.52     42.80    188.70     0.00      0.0
      2541 warm_read               150486.02     48.00      0.00    151.30     0.00      0.0
      2542 warm_read               150534.02      6.14      4.16    149.10     0.00      0.0
      2543 upload_paged            150544.32      4.08     45.28    499.00     1.77    433.7
      2544 upload_i32              150593.68     57.68      8.44      5.30     0.00      0.0
      2545 upload                  150659.80     42.48      4.16      2.50     0.00      0.0
      2546 gather_rows             150706.44     46.60     16.44      4.70     0.00      0.1
      2547 gemm(gemv)              150769.48      0.48     15.92      2.90     0.59   1228.8
      2548 gemm(gemv)              150785.88      0.36     50.48      2.30     0.59   1638.4
      2549 silu_mul                150836.72     42.88     12.00      2.00     0.00      0.0
      2550 gemm(gemv)              150891.60      0.52     19.40      2.70     0.59   1134.3
      2551 scatter_axpy            150911.52      0.36     64.96      2.20     0.00     11.4
      2552 upload_i32              150976.84     70.16     12.24      2.50     0.00      0.0
      2553 upload                  151059.24     70.76      9.38      2.70     0.00      0.0
      2554 gather_rows             151139.38     80.60     43.64      2.10     0.00      0.1
      2555 gemm(gemv)              151263.62     56.04     63.88      3.30     0.59     10.5
      2556 gemm(gemv)              151383.54      0.00     83.80      2.50     0.59      0.0
      2557 silu_mul                151467.34      0.00     84.20      2.30     0.00      0.0
      2558 gemm(gemv)              151551.54      0.40     75.08      2.30     0.59   1474.6
      2559 scatter_axpy            151627.02     47.44      8.48      2.40     0.00      0.1
      2560 warm_read               151682.94      4.08      2.68    210.80     0.00      0.0
      2561 warm_read               151689.70     17.16     13.48    161.90     0.00      0.0
      2562 warm_read               151720.34     16.08     17.72    160.00     0.00      0.0
      2563 upload_paged            151754.14     15.44     15.08    494.60     1.77    114.6
      2564 upload_i32              151784.66     32.74     16.04      5.50     0.00      0.0
      2565 upload                  151833.44     66.80     71.00      2.80     0.00      0.0
      2566 gather_rows             151971.24     15.28    113.72      4.40     0.00      0.3
      2567 gemm(gemv)              152100.24      0.32     32.72      2.90     0.59   1843.2
      2568 gemm(gemv)              152133.28      0.36     47.72      2.20     0.59   1638.4
      2569 silu_mul                152181.36     44.80      8.68      2.20     0.00      0.0
      2570 gemm(gemv)              152234.84      0.00     16.96      2.50     0.59      0.0
      2571 scatter_axpy            152251.80      0.36     79.56      2.80     0.00     11.4
      2572 upload_i32              152331.72     44.00     14.12      3.00     0.00      0.0
      2573 upload                  152389.84     55.12     45.64      2.50     0.00      0.0
      2574 gather_rows             152490.60      0.00    302.44      3.00     0.00      0.0
      2575 gemm(gemv)              152793.04      0.36     76.72      3.80     0.59   1638.4
      2576 gemm(gemv)              152870.12     50.44      0.00      2.70     0.59     11.7
      2577 silu_mul                152920.56      8.88     13.68      1.70     0.00      0.0
      2578 gemm(gemv)              152943.12      0.44     71.96      2.40     0.59   1340.5
      2579 scatter_axpy            153015.52     61.20      2.50      2.20     0.00      0.1
      2580 upload_i32              153079.22     42.88     20.08      3.00     0.00      0.0
      2581 upload                  153142.18     66.50     32.84      2.70     0.00      0.0
      2582 gather_rows             153241.52      0.36     85.88      2.60     0.00     11.4
      2583 gemm(gemv)              153327.76     62.12      0.00      2.60     0.59      9.5
      2584 gemm(gemv)              153389.88     48.96     18.88      2.10     0.59     12.0
      2585 silu_mul                153457.72     77.56     19.94      1.80     0.00      0.0
      2586 gemm(gemv)              153555.22      0.00     19.24      3.30     0.59      0.0
      2587 scatter_axpy            153574.46      0.36     66.64      2.40     0.00     11.4
      2588 warm_read               153641.46     23.16      1.60    125.00     0.00      0.0
      2589 warm_read               153666.22     26.68     17.52    157.80     0.00      0.0
      2590 warm_read               153710.42     16.76     18.52    137.30     0.00      0.0
      2591 upload_paged            153745.70     90.52     18.32   1598.70     1.77     19.5
      2592 upload_i32              153854.54     52.32     10.48      6.00     0.00      0.0
      2593 upload                  153917.34     34.14      4.28      3.40     0.00      0.0
      2594 gather_rows             153955.76      0.36     68.08      4.80     0.00     11.4
      2595 gemm(gemv)              154024.20     54.56      0.00      3.70     0.59     10.8
      2596 gemm(gemv)              154078.76      0.88     13.56      2.10     0.59    670.3
      2597 silu_mul                154093.20      0.32     53.52      2.30     0.00      0.0
      2598 gemm(gemv)              154147.04     49.20      8.84      3.20     0.59     12.0
      2599 scatter_axpy            154205.08      9.84      4.64      2.40     0.00      0.4
      2600 gemm(gemv)              154219.56     46.12     14.40      2.70     0.59     12.8
      2601 gemm(gemv)              154280.08      0.00     15.68      2.60     0.59      0.0
      2602 silu_mul                154295.76      0.36     52.08      1.70     0.00      0.0
      2603 gemm(gemv)              154348.20     49.80      5.86      2.20     0.59     11.8
      2604 add_inplace             154403.86      3.18     10.52      2.20     0.00      0.0
      2605 add_inplace             154417.56      0.36     52.84      2.30     0.00      0.0
      2606 rmsnorm                 154470.76     50.68      8.40      2.90     0.00      0.0
      2607 gemm_group              154529.84     42.76      1.40      2.90     0.00      0.0
      2608 qk_norm                 154574.00      0.36     25.48    124.10     0.00      0.0
      2609 rope                    154599.84      0.36     47.80      5.20     0.00      0.0
      2610 kv_append               154648.00     61.88     11.96      2.90     0.00      0.0
      2611 attention               154721.84     19.80      2.52      7.70     0.00      0.0
      2612 gemm(gemv)              154744.16     44.88     14.64      2.40     0.07      1.6
      2613 softplus_act            154803.68      0.00     12.80      2.50     0.00      0.0
      2614 mul_head_bcast          154816.48      0.32     50.88      2.10     0.00      0.0
      2615 gemm(gemv)              154867.68    132.76     69.00      3.20     9.44     71.1
      2616 add_inplace             155069.44      0.36     10.00      2.40     0.00      0.0
      2617 rmsnorm                 155079.80     64.48      0.00      3.00     0.00      0.0
      2618 fill0                   155144.28      1.44     14.28      2.30     0.00      0.0
      2619 gemm(gemv)              155160.00      0.80     90.40      3.00     1.05   1310.7
      2620 download_f32            155251.20     46.44     92.30     91.60     0.00      0.0
      2621 upload_i32              155389.94     47.96     41.48      5.50     0.00      0.0
      2622 upload                  155479.38    180.32     15.84      3.70     0.00      0.0
      2623 gather_rows             155675.54      0.00     15.56      6.50     0.00      0.0
      2624 gemm(gemv)              155691.10      0.44     49.72      4.80     0.59   1340.5
      2625 gemm(gemv)              155741.26     49.84      8.34      2.80     0.59     11.8
      2626 silu_mul                155799.44      6.48      1.32      3.30     0.00      0.0
      2627 gemm(gemv)              155807.24     45.56     14.76      3.10     0.59     12.9
      2628 scatter_axpy            155867.56      0.36     11.20      2.70     0.00     11.4
      2629 upload_i32              155879.12     59.20     14.48      3.00     0.00      0.0
      2630 upload                  155952.80     30.48      5.52      3.40     0.00      0.0
      2631 gather_rows             155988.80      0.36     68.72      2.00     0.00     11.4
      2632 gemm(gemv)              156057.88     56.30      3.72      3.40     0.59     10.5
      2633 gemm(gemv)              156117.90      0.36    111.64      2.70     0.59   1638.4
      2634 silu_mul                156229.90     52.40      7.20      2.30     0.00      0.0
      2635 gemm(gemv)              156289.50     64.44     11.50      3.10     0.59      9.2
      2636 scatter_axpy            156365.44      0.00     11.52      2.90     0.00      0.0
      2637 upload_i32              156376.96      4.68     58.48      2.80     0.00      0.0
      2638 upload                  156440.12      4.24     55.32      2.50     0.00      0.0
      2639 gather_rows             156499.68      0.36     49.56      2.20     0.00     11.4
      2640 gemm(gemv)              156549.60      0.44    247.92      3.60     0.59   1340.5
      2641 gemm(gemv)              156797.96     14.04     44.48      2.90     0.59     42.0
      2642 silu_mul                156856.48     47.04      9.18      2.30     0.00      0.0
      2643 gemm(gemv)              156912.70      1.18     12.08      2.50     0.59    499.9
      2644 scatter_axpy            156925.96      0.44     51.28      2.30     0.00      9.3
      2645 upload_i32              156977.68     56.32      4.48      2.70     0.00      0.0
      2646 upload                  157038.48     27.04      4.20      3.00     0.00      0.0
      2647 gather_rows             157069.72     61.92      9.74      2.30     0.00      0.1
      2648 gemm(gemv)              157141.38      7.64      2.56      3.20     0.59     77.2
      2649 gemm(gemv)              157151.58     46.12     13.12      3.60     0.59     12.8
      2650 silu_mul                157210.82      0.36      8.72      2.30     0.00      0.0
      2651 gemm(gemv)              157219.90     49.00     11.76      2.60     0.59     12.0
      2652 scatter_axpy            157280.66      0.36     10.96      3.20     0.00     11.4
      2653 warm_read               157291.98     16.84      7.40    146.10     0.00      0.0
      2654 warm_read               157316.22     17.44     14.36    168.60     0.00      0.0
      2655 warm_read               157348.02     17.72     14.08    144.80     0.00      0.0
      2656 upload_paged            157379.82     47.20     13.36    858.60     1.77     37.5
      2657 upload_i32              157440.38      8.38     14.60      6.50     0.00      0.0
      2658 upload                  157463.36      4.32     53.44      3.30     0.00      0.0
      2659 gather_rows             157521.12     43.68     18.20     61.90     0.00      0.1
      2660 gemm(gemv)              157583.00      0.36     10.44      3.90     0.59   1638.4
      2661 gemm(gemv)              157593.80     64.96     16.56      1.90     0.59      9.1
      2662 silu_mul                157675.32      0.36      7.36      2.90     0.00      0.0
      2663 gemm(gemv)              157683.04     16.48     39.72      2.30     0.59     35.8
      2664 scatter_axpy            157739.24     66.88     15.42     45.70     0.00      0.1
      2665 upload_i32              157821.54     42.56     15.68      2.70     0.00      0.0
      2666 upload                  157879.78     17.80     19.20      3.00     0.00      0.0
      2667 gather_rows             157916.78     43.44     17.52      2.60     0.00      0.1
      2668 gemm(gemv)              157977.74      0.00     14.52     45.90     0.59      0.0
      2669 gemm(gemv)              157992.26      0.36     50.64      3.70     0.59   1638.4
      2670 silu_mul                158043.26     46.52      7.00      3.10     0.00      0.0
      2671 gemm(gemv)              158096.78      0.48     18.04      2.40     0.59   1228.8
      2672 scatter_axpy            158115.30      0.32     47.28      2.10     0.00     12.8
      2673 upload_i32              158162.90     55.52      5.76      3.50     0.00      0.0
      2674 upload                  158224.18     42.08     25.44      2.70     0.00      0.0
      2675 gather_rows             158291.70      0.48     14.80    105.10     0.00      8.5
      2676 gemm(gemv)              158306.98      0.32     50.28      3.90     0.59   1843.2
      2677 gemm(gemv)              158357.58     45.88      9.96      2.90     0.59     12.9
      2678 silu_mul                158413.42      7.90     11.44     55.10     0.00      0.0
      2679 gemm(gemv)              158432.76      0.44     67.08      3.30     0.59   1340.5
      2680 scatter_axpy            158500.28     61.88      0.00      2.30     0.00      0.1
      2681 upload_i32              158562.16     42.48     17.08      3.80     0.00      0.0
      2682 upload                  158621.72     17.68     18.28      2.30     0.00      0.0
      2683 gather_rows             158657.68     44.72     17.32      2.20     0.00      0.1
      2684 gemm(gemv)              158719.72      0.44     13.32     51.80     0.59   1340.5
      2685 gemm(gemv)              158733.48      0.32     51.96      3.50     0.59   1843.2
      2686 silu_mul                158785.76     46.64      5.52      2.80     0.00      0.0
      2687 gemm(gemv)              158837.92      0.56     17.08      2.60     0.59   1053.3
      2688 scatter_axpy            158855.56     44.84     18.88      2.30     0.00      0.1
      2689 gemm(gemv)              158919.28      0.36     15.44      2.90     0.59   1638.4
      2690 gemm(gemv)              158935.08      0.36     48.88      3.00     0.59   1638.4
      2691 silu_mul                158984.32     98.28     58.16    141.70     0.00      0.0
      2692 gemm(gemv)              159140.76      0.00     17.44      2.00     0.59      0.0
      2693 add_inplace             159158.20      0.32     52.56      2.30     0.00      0.0
      2694 add_inplace             159211.08     48.84      8.32      2.60     0.00      0.0
      2695 rmsnorm                 159268.24      0.48     17.04      3.20     0.00      0.0
      2696 gemm(gemv)              159285.76    383.88     41.40      2.80     9.44     24.6
      2697 gemm(gemv)              159711.04      0.44      5.44      2.60     1.18   2681.0
      2698 gemm(gemv)              159716.92      0.36     20.00     56.60     1.72   4778.7
      2699 qk_norm                 159737.28      0.36      5.48      4.20     0.00      0.0
      2700 rope                    159743.12      0.36     11.04      4.00     0.00      0.0
      2701 kv_append               159754.52      0.36     11.16     58.20     0.00      0.0
      2702 attention               159766.04    117.93     57.26      7.50     0.00      0.0
      2703 gemm(gemv)              159941.23     24.64     18.52      3.30     0.07      3.0
      2704 softplus_act            159984.39      0.44     40.54      2.10     0.00      0.0
      2705 mul_head_bcast          160025.37      0.00     42.03      2.60     0.00      0.0
      2706 gemm(gemv)              160067.40    623.00     28.30      2.60     9.44     15.1
      2707 add_inplace             160718.70      1.72      2.44     70.50     0.00      0.0
      2708 rmsnorm                 160722.86      0.36     13.56      2.60     0.00      0.0
      2709 fill0                   160736.78      0.36      5.24      2.30     0.00      0.0
      2710 gemm(gemv)              160742.38      0.00     11.56      3.00     1.05      0.0
      2711 download_f32            160753.94     73.60     89.20     89.20     0.00      0.0
      2712 upload_i32              160916.74      7.34      4.16      4.50     0.00      0.0
      2713 upload                  160928.24      4.92     58.16      3.40     0.00      0.0
      2714 gather_rows             160991.32      0.36     47.92      4.70     0.00     11.4
      2715 gemm(gemv)              161039.60     50.00      0.34      3.80     0.59     11.8
      2716 gemm(gemv)              161089.94      0.36     10.40      2.20     0.59   1638.4
      2717 silu_mul                161100.70     47.48     10.44      2.20     0.00      0.0
      2718 gemm(gemv)              161158.62      2.60     15.92      2.70     0.86    330.8
      2719 scatter_axpy            161177.14      0.36     49.32      1.90     0.00     11.4
      2720 upload_i32              161226.82     54.80      3.42      2.40     0.00      0.0
      2721 upload                  161285.04     35.70      4.20      2.00     0.00      0.0
      2722 gather_rows             161324.94      0.36     67.04      1.80     0.00     11.4
      2723 gemm(gemv)              161392.34     52.68      0.00      3.50     0.59     11.2
      2724 gemm(gemv)              161445.02      8.04      1.32      2.20     0.59     73.4
      2725 silu_mul                161454.38     42.60     12.84      1.90     0.00      0.0
      2726 gemm(gemv)              161509.82     10.44      3.96      2.30     0.86     82.4
      2727 scatter_axpy            161524.22     45.72      4.42      2.50     0.00      0.1
      2728 upload_i32              161574.36     16.98     13.00      2.40     0.00      0.0
      2729 upload                  161604.34      4.64     59.68      2.10     0.00      0.0
      2730 gather_rows             161668.66      0.36     49.04      2.10     0.00     11.4
      2731 gemm(gemv)              161718.06     51.16      0.00      2.60     0.59     11.5
      2732 gemm(gemv)              161769.22      0.36      8.84      2.00     0.59   1638.4
      2733 silu_mul                161778.42     46.44      9.64      2.20     0.00      0.0
      2734 gemm(gemv)              161834.50      6.40     13.76      1.80     0.86    134.4
      2735 scatter_axpy            161854.66      0.48     57.08      2.00     0.00      8.5
      2736 warm_read               161912.22     51.24      4.94    158.20     0.00      0.0
      2737 warm_read               161968.40      7.68      5.24    135.60     0.00      0.0
      2738 warm_read               161981.32    122.00      5.44    193.30     0.00      0.0
      2739 upload_paged            162108.76    319.76    790.56   1151.60     2.04      6.4
      2740 upload_i32              163219.08     98.68      0.00      7.70     0.00      0.0
      2741 upload                  163317.76    101.56      8.22      3.70     0.00      0.0
      2742 gather_rows             163427.54     99.04      7.74      4.80     0.00      0.0
      2743 gemm(gemv)              163534.32     63.44      2.48      4.30     0.59      9.3
      2744 gemm(gemv)              163600.24     90.68      2.94      2.60     0.59      6.5
      2745 silu_mul                163693.86     60.60      1.32      2.80     0.00      0.0
      2746 gemm(gemv)              163755.78     75.32     10.20      2.10     0.86     11.4
      2747 scatter_axpy            163841.30     12.88     62.60      2.00     0.00      0.3
      2748 upload_i32              163916.78      0.00    110.76      2.90     0.00      0.0
      2749 upload                  164027.54      5.00     52.32      2.40     0.00      0.0
      2750 gather_rows             164084.86      0.36     47.96      2.10     0.00     11.4
      2751 gemm(gemv)              164133.18     48.28      7.56      3.10     0.59     12.2
      2752 gemm(gemv)              164189.02      7.92      1.32      2.30     0.59     74.5
      2753 silu_mul                164198.26     42.36     13.28      1.70     0.00      0.0
      2754 gemm(gemv)              164253.90      0.44     16.84      2.20     0.86   1954.9
      2755 scatter_axpy            164271.18      0.32     46.60      1.80     0.00     12.8
      2756 upload_i32              164318.10     57.32      5.54      2.50     0.00      0.0
      2757 upload                  164380.96     34.36      4.12      2.50     0.00      0.0
      2758 gather_rows             164419.44      0.36     69.60      1.80     0.00     11.4
      2759 gemm(gemv)              164489.40     51.08      0.00      3.30     0.59     11.5
      2760 gemm(gemv)              164540.48      0.32     10.36      2.20     0.59   1843.2
      2761 silu_mul                164551.16     62.12     16.34      2.10     0.00      0.0
      2762 gemm(gemv)              164629.62      0.40     16.64      1.70     0.86   2150.4
      2763 scatter_axpy            164646.66     46.88      0.04      2.20     0.00      0.1
      2764 upload_i32              164693.58     19.96      2.48      2.50     0.00      0.0
      2765 upload                  164716.02     60.68     13.28      2.50     0.00      0.0
      2766 gather_rows             164789.98     12.84      4.20      2.40     0.00      0.3
      2767 gemm(gemv)              164807.02     64.04     13.16      2.70     0.59      9.2
      2768 gemm(gemv)              164884.22      9.24      1.40      2.50     0.59     63.8
      2769 silu_mul                164894.86     42.32     12.00      2.10     0.00      0.0
      2770 gemm(gemv)              164949.18      0.44     17.00      2.50     0.86   1954.9
      2771 scatter_axpy            164966.62      0.36     46.84      1.80     0.00     11.4
      2772 upload_i32              165013.82     57.56      7.68      2.20     0.00      0.0
      2773 upload                  165079.06     32.96      4.08      2.40     0.00      0.0
      2774 gather_rows             165116.10      0.32     69.28      2.00     0.00     12.8
      2775 gemm(gemv)              165185.70     50.76      0.00      3.60     0.59     11.6
      2776 gemm(gemv)              165236.46      0.36     10.56      2.10     0.59   1638.4
      2777 silu_mul                165247.38     45.96      8.42      2.10     0.00      0.0
      2778 gemm(gemv)              165301.76      0.00     13.20      1.80     0.86      0.0
      2779 scatter_axpy            165314.96      0.36     48.88      1.90     0.00     11.4
      2780 gemm(gemv)              165364.20     51.92      6.16     56.30     0.59     11.4
      2781 gemm(gemv)              165422.28      0.32     10.68      3.50     0.59   1843.2
      2782 silu_mul                165433.28     46.60      6.68      2.70     0.00      0.0
      2783 gemm(gemv)              165486.56      0.36     16.00      2.00     0.86   2389.3
      2784 add_inplace             165502.92      0.36     44.96      2.60     0.00      0.0
      2785 add_inplace             165548.24     45.60      4.62      1.90     0.00      0.0
      2786 rmsnorm                 165598.46      9.24      3.60      2.70     0.00      0.0
      2787 gemm_group              165611.30    340.70      9.06      3.10     0.00      0.0
      2788 qk_norm                 165961.06      0.36      7.12      3.80     0.00      0.0
      2789 rope                    165968.54    171.52      0.00   2698.70     0.00      0.0
      2790 kv_append               166140.06      0.00     10.12      2.50     0.00      0.0
      2791 attention               166150.18     43.22     57.28      6.40     0.00      0.0
      2792 gemm(gemv)              166250.68      0.36     98.52      2.70     0.06    153.6
      2793 softplus_act            166349.56     60.84      0.00      2.10     0.00      0.0
      2794 mul_head_bcast          166410.40      5.38     15.28      2.30     0.00      0.0
      2795 gemm(gemv)              166431.06    391.58     59.72      2.10     7.08     18.1
      2796 add_inplace             166882.36      1.72      2.44      1.90     0.00      0.0
      2797 rmsnorm                 166886.52      0.32     13.52      2.60     0.00      0.0
      2798 fill0                   166900.36      0.36      5.36      2.60     0.00      0.0
      2799 gemm(gemv)              166906.08      0.00     11.80      2.40     1.05      0.0
      2800 download_f32            166917.88     85.90    122.50    119.50     0.00      0.0
      2801 upload_i32              167126.28     33.76     79.04      5.50     0.00      0.0
      2802 upload                  167239.08      7.36     69.84      2.70     0.00      0.0
      2803 gather_rows             167316.28     15.82     59.48      4.50     0.00      0.3
      2804 gemm(gemv)              167391.58     46.64     45.44      3.90     0.59     12.6
      2805 gemm(gemv)              167483.66     46.76      8.16      2.70     0.59     12.6
      2806 silu_mul                167538.58      0.00     14.80      2.00     0.00      0.0
      2807 gemm(gemv)              167553.38      0.44     52.40      2.10     0.59   1340.5
      2808 scatter_axpy            167606.22     64.48     15.06      2.90     0.00      0.1
      2809 upload_i32              167685.76     41.36     21.28      3.10     0.00      0.0
      2810 upload                  167748.40     66.48      4.20      2.30     0.00      0.0
      2811 gather_rows             167819.08      0.44     17.00      3.30     0.00      9.3
      2812 gemm(gemv)              167836.52      0.32     49.88      4.00     0.59   1843.2
      2813 gemm(gemv)              167886.72     46.76     10.68      2.30     0.59     12.6
      2814 silu_mul                167944.16      0.00     13.16      2.30     0.00      0.0
      2815 gemm(gemv)              167957.32      0.56     56.44      2.10     0.59   1053.3
      2816 scatter_axpy            168014.32     45.68      9.32      2.60     0.00      0.1
      2817 upload_i32              168069.32     79.32      3.48      3.00     0.00      0.0
      2818 upload                  168152.12      0.00    108.40      2.20     0.00      0.0
      2819 gather_rows             168260.52      0.36     49.64      2.30     0.00     11.4
      2820 gemm(gemv)              168310.52     48.12      6.10    236.50     0.59     12.3
      2821 gemm(gemv)              168364.74      0.36     10.40      2.60     0.59   1638.4
      2822 silu_mul                168375.50     62.16     18.72      2.00     0.00      0.0
      2823 gemm(gemv)              168456.38     10.48      3.64      2.80     0.59     56.3
      2824 scatter_axpy            168470.50     43.76     10.68      2.90     0.00      0.1
      2825 upload_i32              168524.94     13.76      2.72     36.30     0.00      0.0
      2826 upload                  168541.42      5.76     52.72      3.70     0.00      0.0
      2827 gather_rows             168599.90     15.64     42.48      3.30     0.00      0.3
      2828 gemm(gemv)              168658.02     50.32     15.60      3.80     0.59     11.7
      2829 gemm(gemv)              168723.94     12.44      1.40     47.10     0.59     47.4
      2830 silu_mul                168737.78     48.16     15.96      2.90     0.00      0.0
      2831 gemm(gemv)              168801.90     82.90     27.52      3.00     0.59      7.1
      2832 scatter_axpy            168912.32     72.76     80.12     34.50     0.00      0.1
      2833 upload_i32              169065.20     90.16      0.00      4.10     0.00      0.0
      2834 upload                  169155.36    135.12     19.92      2.70     0.00      0.0
      2835 gather_rows             169310.40      0.36    184.80      2.50     0.00     11.4
      2836 gemm(gemv)              169495.56     48.20      9.96      3.60     0.59     12.2
      2837 gemm(gemv)              169553.72      0.32     10.36      2.40     0.59   1843.2
      2838 silu_mul                169564.40     65.32      0.00      2.40     0.00      0.0
      2839 gemm(gemv)              169629.72      0.00     14.72      2.50     0.59      0.0
      2840 scatter_axpy            169644.44      0.36     49.40     47.30     0.00     11.4
      2841 upload_i32              169694.20     62.04      7.94      3.00     0.00      0.0
      2842 upload                  169764.18     58.52     15.86      2.80     0.00      0.0
      2843 gather_rows             169838.56     52.28     19.88      2.60     0.00      0.1
      2844 gemm(gemv)              169910.72     21.72      7.04      3.40     0.59     27.2
      2845 gemm(gemv)              169939.48    195.24      3.96     68.40     0.59      3.0
      2846 silu_mul                170138.68      0.36      7.04      2.00     0.00      0.0
      2847 gemm(gemv)              170146.08     63.64      6.96      2.90     0.59      9.3
      2848 scatter_axpy            170216.68      0.32     11.16      2.50     0.00     12.8
      2849 warm_read               170228.16     58.60     10.38    525.00     0.00      0.0
      2850 warm_read               170297.14      4.24      4.44    127.60     0.00      0.0
      2851 warm_read               170305.82     44.44      9.02    141.50     0.00      0.0
      2852 upload_paged            170359.28      4.16      4.20    563.70     1.77    425.4
      2853 upload_i32              170367.64     56.28     15.50      6.80     0.00      0.0
      2854 upload                  170439.42     34.14      4.08      3.10     0.00      0.0
      2855 gather_rows             170477.64      0.36     69.44      5.10     0.00     11.4
      2856 gemm(gemv)              170547.44     50.48      0.00      3.70     0.59     11.7
      2857 gemm(gemv)              170597.92      0.36     10.44      2.50     0.59   1638.4
      2858 silu_mul                170608.72     45.80      7.72      2.30     0.00      0.0
      2859 gemm(gemv)              170662.24      0.00     12.60      2.30     0.59      0.0
      2860 scatter_axpy            170674.84      0.36     49.12      2.70     0.00     11.4
      2861 upload_i32              170724.32     52.04      8.68      2.90     0.00      0.0
      2862 upload                  170785.04     54.80      8.80      2.60     0.00      0.0
      2863 gather_rows             170848.64     11.96      4.24      2.90     0.00      0.3
      2864 gemm(gemv)              170864.84     64.36     12.88      3.50     0.59      9.2
      2865 gemm(gemv)              170942.08      0.32     10.28      2.00     0.59   1843.2
      2866 silu_mul                170952.68     43.08     10.44      2.00     0.00      0.0
      2867 gemm(gemv)              171006.20      0.52     15.52      2.70     0.59   1134.3
      2868 scatter_axpy            171022.24     20.68     18.08      2.80     0.00      0.2
      2869 gemm(gemv)              171061.00     64.48     20.54      2.40     0.59      9.1
      2870 gemm(gemv)              171146.02      8.20      1.28      2.70     0.59     71.9
      2871 silu_mul                171155.50     43.48     12.44      1.90     0.00      0.0
      2872 gemm(gemv)              171211.42     17.16      3.52      2.30     0.59     34.4
      2873 add_inplace             171232.10      0.36     52.60      2.40     0.00      0.0
      2874 add_inplace             171285.06     48.68      0.00      2.50     0.00      0.0
      2875 rmsnorm                 171333.74      9.16      3.52      2.70     0.00      0.0
      2876 gemm_group              171346.42    423.70      8.84      2.60     0.00      0.0
      2877 qk_norm                 171778.96      0.32      8.68      3.30     0.00      0.0
      2878 rope                    171787.96    186.76      0.00   2555.00     0.00      0.0
      2879 kv_append               171974.72      0.00     12.40      5.00     0.00      0.0
      2880 attention               171987.12      0.44     62.76      7.20     0.00      0.0
      2881 gemm(gemv)              172050.32     45.12      1.40      3.50     0.07      1.6
      2882 softplus_act            172096.84      0.00     12.96      2.40     0.00      0.0
      2883 mul_head_bcast          172109.80      0.32     50.32      2.10     0.00      0.0
      2884 gemm(gemv)              172160.44    523.30      7.66      2.80     9.44     18.0
      2885 add_inplace             172691.40      1.80      2.48      2.20     0.00      0.0
      2886 rmsnorm                 172695.68      0.32     14.08      2.00     0.00      0.0
      2887 fill0                   172710.08      0.36      5.28      3.10     0.00      0.0
      2888 gemm(gemv)              172715.72      0.00     12.04      2.30     1.05      0.0
      2889 download_f32            172727.76     66.56     80.80     80.60     0.00      0.0
      2890 upload_i32              172875.12      2.50     14.44      4.80     0.00      0.0
      2891 upload                  172892.06      4.64     59.76      2.80     0.00      0.0
      2892 gather_rows             172956.46      0.36     49.56      3.30     0.00     11.4
      2893 gemm(gemv)              173006.38     48.08      0.00      3.10     0.59     12.3
      2894 gemm(gemv)              173054.46      7.88      1.32      2.70     0.59     74.9
      2895 silu_mul                173063.66     42.80     12.72      2.70     0.00      0.0
      2896 gemm(gemv)              173119.18      8.84      3.56      2.10     0.59     66.7
      2897 scatter_axpy            173131.58     48.32     15.20      2.30     0.00      0.1
      2898 upload_i32              173195.10     41.64     16.32      3.30     0.00      0.0
      2899 upload                  173253.06     49.12     19.40      2.50     0.00      0.0
      2900 gather_rows             173321.58      0.48     16.16      3.20     0.00      8.5
      2901 gemm(gemv)              173338.22      0.36     49.36      3.00     0.59   1638.4
      2902 gemm(gemv)              173387.94     49.16      6.88      2.70     0.59     12.0
      2903 silu_mul                173443.98     48.86     11.64      1.70     0.00      0.0
      2904 gemm(gemv)              173504.48      0.56    101.88      2.10     0.59   1053.3
      2905 scatter_axpy            173606.92     61.00      0.00      1.90     0.00      0.1
      2906 upload_i32              173667.92     47.36     18.08      2.50     0.00      0.0
      2907 upload                  173733.36     17.48     19.40      2.30     0.00      0.0
      2908 gather_rows             173770.24     43.24     18.56      2.00     0.00      0.1
      2909 gemm(gemv)              173832.04     10.72      3.36      2.60     0.59     55.0
      2910 gemm(gemv)              173846.12     49.80      8.00      2.60     0.59     11.8
      2911 silu_mul                173903.92      8.50     12.20      2.10     0.00      0.0
      2912 gemm(gemv)              173924.62      0.32     68.36      2.80     0.59   1843.2
      2913 scatter_axpy            173993.30     46.16      6.36      2.30     0.00      0.1
      2914 upload_i32              174045.82     42.04     16.36      2.40     0.00      0.0
      2915 upload                  174104.22     17.16     18.96      2.10     0.00      0.0
      2916 gather_rows             174140.34     44.84     16.16      3.00     0.00      0.1
      2917 gemm(gemv)              174201.34      0.00     13.92      2.30     0.59      0.0
      2918 gemm(gemv)              174215.26     20.08     45.60      2.20     0.59     29.4
      2919 silu_mul                174280.94     42.52     14.68      1.60     0.00      0.0
      2920 gemm(gemv)              174338.14      0.56     15.16      2.30     0.59   1053.3
      2921 scatter_axpy            174353.86     20.68     18.16      2.50     0.00      0.2
      2922 upload_i32              174392.70      7.80     59.16      2.70     0.00      0.0
      2923 upload                  174459.66     33.10     60.60      2.30     0.00      0.0
      2924 gather_rows             174553.36      0.00     63.12      2.20     0.00      0.0
      2925 gemm(gemv)              174616.48      0.36     79.60      3.70     0.59   1638.4
      2926 gemm(gemv)              174696.44     47.64      9.32      2.40     0.59     12.4
      2927 silu_mul                174753.40      0.32      7.12      1.70     0.00      0.0
      2928 gemm(gemv)              174760.84     50.12      0.00      2.80     0.59     11.8
      2929 scatter_axpy            174810.96      0.36     11.40      2.00     0.00     11.4
      2930 upload_i32              174822.72     53.76      7.62      2.90     0.00      0.0
      2931 upload                  174884.10     33.08      4.16      2.80     0.00      0.0
      2932 gather_rows             174921.34      0.36     66.64      2.60     0.00     11.4
      2933 gemm(gemv)              174988.34     70.16      9.50      2.70     0.59      8.4
      2934 gemm(gemv)              175068.00      8.24      1.32      2.10     0.59     71.6
      2935 silu_mul                175077.56     42.12     12.68      1.90     0.00      0.0
      2936 gemm(gemv)              175132.36      0.00     12.52      2.20     0.59      0.0
      2937 scatter_axpy            175144.88      0.44     47.72      2.00     0.00      9.3
      2938 upload_i32              175193.04     52.60      5.14      2.20     0.00      0.0
      2939 upload                  175250.78     34.64      4.16      2.40     0.00      0.0
      2940 gather_rows             175289.58      0.36     67.64      1.80     0.00     11.4
      2941 gemm(gemv)              175357.58     49.04      0.00      2.80     0.59     12.0
      2942 gemm(gemv)              175406.62      3.56     12.60      2.10     0.59    165.7
      2943 silu_mul                175422.78      0.36     49.92      2.40     0.00      0.0
      2944 gemm(gemv)              175473.06     49.92      2.72      2.30     0.59     11.8
      2945 scatter_axpy            175525.70      0.36     11.12      1.80     0.00     11.4
      2946 upload_i32              175537.18     54.92      8.20      1.90     0.00      0.0
      2947 upload                  175600.30     32.62      4.16      2.80     0.00      0.0
      2948 gather_rows             175637.08      0.36     68.28      2.90     0.00     11.4
      2949 gemm(gemv)              175705.72     47.08      4.24      2.80     0.59     12.5
      2950 gemm(gemv)              175757.04      7.88      1.32      2.20     0.59     74.9
      2951 silu_mul                175766.24     19.28     12.40     13.30     0.00      0.0
      2952 gemm(gemv)              175797.92     23.08     14.32      2.70     0.59     25.6
      2953 scatter_axpy            175835.32     45.72     12.72      2.50     0.00      0.1
      2954 gemm(gemv)              175893.76      0.32     10.04      2.30     0.59   1843.2
      2955 gemm(gemv)              175904.12     63.08      5.66      2.10     0.59      9.4
      2956 silu_mul                175972.86      6.64      1.32      2.20     0.00      0.0
      2957 gemm(gemv)              175980.82     22.28     14.20      2.00     0.59     26.5
      2958 add_inplace             176017.30     44.48      3.38      2.20     0.00      0.0
      2959 add_inplace             176065.16      0.32      9.60      2.30     0.00      0.0
      2960 rmsnorm                 176075.08     54.60     15.20     45.50     0.00      0.0
      2961 gemm(gemv)              176144.88    376.60      1.44      2.60     9.44     25.1
      2962 gemm(gemv)              176522.92      0.36      6.00      2.80     1.18   3276.8
      2963 gemm(gemv)              176529.28      0.36     18.96      2.60     1.72   4778.7
      2964 qk_norm                 176548.60      0.36      6.12      2.80     0.00      0.0
      2965 rope                    176555.08      0.36      9.48      3.70     0.00      0.0
      2966 kv_append               176564.92      0.36     10.56      2.80     0.00      0.0
      2967 attention               176575.84    130.44     46.94      5.30     0.00      0.0
      2968 gemm(gemv)              176753.22     73.12      0.00      2.30     0.07      1.0
      2969 softplus_act            176826.34      0.00     20.20      1.80     0.00      0.0
      2970 mul_head_bcast          176846.54      0.48     69.16     11.00     0.00      0.0
      2971 gemm(gemv)              176916.18    197.80     43.04      2.20     9.44     47.7
      2972 add_inplace             177157.02      0.36      8.16      2.10     0.00      0.0
      2973 rmsnorm                 177165.54     69.68     16.10      2.90     0.00      0.0
      2974 fill0                   177251.32      0.00     15.84      3.00     0.00      0.0
      2975 gemm(gemv)              177267.16      0.80     76.60      2.20     1.05   1310.7
      2976 download_f32            177344.56    114.28    152.40    151.70     0.00      0.0
      2977 upload_i32              177611.24      7.60     18.68      5.30     0.00      0.0
      2978 upload                  177637.52      0.00     15.44      2.80     0.00      0.0
      2979 gather_rows             177652.96      0.36     48.68      5.80     0.00     11.4
      2980 gemm(gemv)              177702.00     51.28      6.56      4.50     0.59     11.5
      2981 gemm(gemv)              177759.84     11.20     16.72      2.60     0.59     52.7
      2982 silu_mul                177787.76      0.32     69.88      2.10     0.00      0.0
      2983 gemm(gemv)              177857.96     89.04     27.50      2.30     0.86      9.7
      2984 scatter_axpy            177974.50      0.32     10.60      2.70     0.00     12.8
      2985 upload_i32              177985.42      9.32     54.16      2.30     0.00      0.0
      2986 upload                  178048.90     51.64     17.44      2.30     0.00      0.0
      2987 gather_rows             178117.98      0.36     23.68      2.00     0.00     11.4
      2988 gemm(gemv)              178142.02      0.36     50.00      3.30     0.59   1638.4
      2989 gemm(gemv)              178192.38     47.64      6.96      2.80     0.59     12.4
      2990 silu_mul                178246.98      0.00     12.92      2.50     0.00      0.0
      2991 gemm(gemv)              178259.90      0.36     57.76      2.30     0.86   2389.3
      2992 scatter_axpy            178318.02     45.68      5.68      2.10     0.00      0.1
      2993 upload_i32              178369.38     18.52     17.96      2.40     0.00      0.0
      2994 upload                  178405.86     41.78     18.56      2.00     0.00      0.0
      2995 gather_rows             178466.20      0.36     67.36      2.70     0.00     11.4
      2996 gemm(gemv)              178533.92     50.88      0.00      3.20     0.59     11.6
      2997 gemm(gemv)              178584.80      3.42     13.60      3.10     0.59    172.5
      2998 silu_mul                178601.82      0.36     54.00      2.90     0.00      0.0
      2999 gemm(gemv)              178656.18     47.64      9.24      2.50     0.86     18.1
      3000 scatter_axpy            178713.06      6.80      4.08      2.50     0.00      0.6
      3001 upload_i32              178723.94     55.76     11.78      3.00     0.00      0.0
      3002 upload                  178791.48     49.32     28.76      2.30     0.00      0.0
      3003 gather_rows             178869.56     51.40      4.20      2.90     0.00      0.1
      3004 gemm(gemv)              178925.16      0.32     27.48      2.40     0.59   1843.2
      3005 gemm(gemv)              178952.96     49.12     15.46      2.90     0.59     12.0
      3006 silu_mul                179017.54     48.44     10.72      2.20     0.00      0.0
      3007 gemm(gemv)              179076.70     52.28     16.22      2.40     0.86     16.5
      3008 scatter_axpy            179145.20     70.20     16.02      2.30     0.00      0.1
      3009 upload_i32              179231.42     34.88      3.48      3.40     0.00      0.0
      3010 upload                  179269.78     52.64     17.00      3.00     0.00      0.0
      3011 gather_rows             179339.42      0.00     22.84      2.40     0.00      0.0
      3012 gemm(gemv)              179362.26      0.32     68.16      3.30     0.59   1843.2
      3013 gemm(gemv)              179430.74     49.24      0.00      3.00     0.59     12.0
      3014 silu_mul                179479.98     11.84     11.32      1.90     0.00      0.0
      3015 gemm(gemv)              179503.14      0.32     71.68      2.40     0.86   2688.0
      3016 scatter_axpy            179575.14     46.12      4.28      1.70     0.00      0.1
      3017 upload_i32              179625.54     19.20     17.08      2.50     0.00      0.0
      3018 upload                  179661.82      4.32     51.64      3.40     0.00      0.0
      3019 gather_rows             179717.78      0.36     47.72      2.40     0.00     11.4
      3020 gemm(gemv)              179765.86     49.00      8.68      2.40     0.59     12.0
      3021 gemm(gemv)              179823.54      0.00     12.76      2.40     0.59      0.0
      3022 silu_mul                179836.30      0.36     53.28      2.70     0.00      0.0
      3023 gemm(gemv)              179889.94     49.52      9.04      2.60     0.86     17.4
      3024 scatter_axpy            179948.50      0.00     10.72      2.40     0.00      0.0
      3025 upload_i32              179959.22      4.64     56.36      2.90     0.00      0.0
      3026 upload                  180020.22      4.68     52.76      2.50     0.00      0.0
      3027 gather_rows             180077.66      0.36     49.16      3.70     0.00     11.4
      3028 gemm(gemv)              180127.18     50.36      7.72      3.10     0.59     11.7
      3029 gemm(gemv)              180185.26      2.36     12.80      2.50     0.59    249.9
      3030 silu_mul                180200.42      0.32     54.68      1.90     0.00      0.0
      3031 gemm(gemv)              180255.42     51.72      4.00      2.60     0.86     16.6
      3032 scatter_axpy            180311.14      7.12      4.08      1.90     0.00      0.6
      3033 upload_i32              180322.34     70.08     19.88      3.00     0.00      0.0
      3034 upload                  180412.30     45.32     26.80      2.30     0.00      0.0
      3035 gather_rows             180484.42      0.44     17.24      2.30     0.00      9.3
      3036 gemm(gemv)              180502.10      0.36     48.84      2.90     0.59   1638.4
      3037 gemm(gemv)              180551.30     46.00     10.00      2.20     0.59     12.8
      3038 silu_mul                180607.30     43.44     12.48      2.10     0.00      0.0
      3039 gemm(gemv)              180663.22      0.44    104.72      2.00     0.86   1954.9
      3040 scatter_axpy            180768.38     51.36      0.00      2.10     0.00      0.1
      3041 gemm(gemv)              180819.74      0.36     17.36      3.20     0.59   1638.4
      3042 gemm(gemv)              180837.46      0.32     49.08      2.30     0.59   1843.2
      3043 silu_mul                180886.86     43.48      8.60      2.50     0.00      0.0
      3044 gemm(gemv)              180938.94      1.08     16.56      2.00     0.86    796.4
      3045 add_inplace             180956.58     22.34     29.11      2.10     0.00      0.0
      3046 add_inplace             181008.03     23.29     16.56      2.20     0.00      0.0
      3047 rmsnorm                 181047.88     27.31     15.38      3.00     0.00      0.0
      3048 gemm(gemv)              181090.57     45.41      7.00      3.40     9.44    207.8
      3049 gemm(gemv)              181142.98      9.20      2.44      4.90     1.18    128.2
      3050 gemm(gemv)              181154.62     51.09     18.96      5.20     1.72     33.7
      3051 qk_norm                 181224.67     23.15      5.92      3.40     0.00      0.0
      3052 rope                    181253.74     24.65     15.33      4.10     0.00      0.0
      3053 kv_append               181293.72     45.32      9.56      2.60     0.00      0.0
      3054 attention               181348.60     34.49     12.69      5.80     0.00      0.0
      3055 gemm(gemv)              181395.78     19.76      2.44      2.20     0.07      3.7
      3056 softplus_act            181417.98     23.54     13.76      1.90     0.00      0.0
      3057 mul_head_bcast          181455.28     24.60     12.42      2.20     0.00      0.0
      3058 gemm(gemv)              181492.30     47.33     13.21      2.40     9.44    199.4
      3059 add_inplace             181552.84     69.76     21.54      2.10     0.00      0.0
      3060 rmsnorm                 181644.14      0.32     17.88      1.90     0.00      0.0
      3061 fill0                   181662.34      0.36     46.44      2.50     0.00      0.0
      3062 gemm(gemv)              181709.14     14.20     46.44      2.60     1.05     73.8
      3063 download_f32            181769.78     70.36    119.50    118.80     0.00      0.0
      3064 upload_i32              181959.64     65.96      4.16      4.50     0.00      0.0
      3065 upload                  182029.76     33.40      4.16      2.90     0.00      0.0
      3066 gather_rows             182067.32      0.36     74.08      4.80     0.00     11.4
      3067 gemm(gemv)              182141.76     70.72     12.42      4.60     0.59      8.3
      3068 gemm(gemv)              182224.90      0.00     16.60      2.60     0.59      0.0
      3069 silu_mul                182241.50      0.36     65.24      2.00     0.00      0.0
      3070 gemm(gemv)              182307.10     50.36     10.40      3.00     0.86     17.1
      3071 scatter_axpy            182367.86      0.00     13.08      2.50     0.00      0.0
      3072 upload_i32              182380.94      4.68     54.72      2.50     0.00      0.0
      3073 upload                  182440.34      4.68     54.24      2.10     0.00      0.0
      3074 gather_rows             182499.26      0.36     49.84      2.20     0.00     11.4
      3075 gemm(gemv)              182549.46     70.60     21.98      3.60     0.59      8.4
      3076 gemm(gemv)              182642.04      0.00     15.08      2.10     0.59      0.0
      3077 silu_mul                182657.12      0.32     51.60      1.70     0.00      0.0
      3078 gemm(gemv)              182709.04     48.00      7.96      3.30     0.86     17.9
      3079 scatter_axpy            182765.00      0.36     10.44      2.30     0.00     11.4
      3080 upload_i32              182775.80    130.88     15.82      3.00     0.00      0.0
      3081 upload                  182922.50     17.16     17.68      2.50     0.00      0.0
      3082 gather_rows             182957.34     62.32     16.32      2.40     0.00      0.1
      3083 gemm(gemv)              183035.98     10.76      2.52      3.60     0.59     54.8
      3084 gemm(gemv)              183049.26     71.16     17.56      2.80     0.59      8.3
      3085 silu_mul                183137.98      0.36      8.76      2.10     0.00      0.0
      3086 gemm(gemv)              183147.10     51.12      0.00      2.40     0.86     16.8
      3087 scatter_axpy            183198.22      0.36      9.88      2.70     0.00     11.4
      3088 upload_i32              183208.46     72.84     17.84      3.20     0.00      0.0
      3089 upload                  183299.14     27.20      4.16      3.00     0.00      0.0
      3090 gather_rows             183330.50      0.36     67.04      2.10     0.00     11.4
      3091 gemm(gemv)              183397.90     52.20      0.00      2.60     0.59     11.3
      3092 gemm(gemv)              183450.10      8.32      1.28      2.40     0.59     70.9
      3093 silu_mul                183459.70     42.88     11.64      2.10     0.00      0.0
      3094 gemm(gemv)              183514.22      0.32     15.88      2.90     0.86   2688.0
      3095 scatter_axpy            183530.42    156.40    126.08      1.80     0.00      0.0
      3096 upload_i32              183812.90     43.80     19.56      2.80     0.00      0.0
      3097 upload                  183876.26      0.00      4.16      2.20     0.00      0.0
      3098 gather_rows             183880.42      0.36     55.40      2.40     0.00     11.4
      3099 gemm(gemv)              183936.18     50.36      0.00      2.80     0.59     11.7
      3100 gemm(gemv)              183986.54      9.60      1.40      2.30     0.59     61.4
      3101 silu_mul                183997.54     42.08     13.12      2.40     0.00      0.0
      3102 gemm(gemv)              184052.74      0.48     14.44      2.80     0.86   1792.0
      3103 scatter_axpy            184067.66      4.92     48.00      1.80     0.00      0.8
      3104 upload_i32              184120.58     63.80     48.28      2.10     0.00      0.0
      3105 upload                  184232.66     18.48     35.60      2.50     0.00      0.0
      3106 gather_rows             184286.74    161.56     47.40      2.40     0.00      0.0
      3107 gemm(gemv)              184495.70      0.36     12.76      3.30     0.59   1638.4
      3108 gemm(gemv)              184508.82     52.96      8.26      2.50     0.59     11.1
      3109 silu_mul                184570.04     36.10      0.00      2.00     0.00      0.0
      3110 gemm(gemv)              184606.14      0.40     69.88      2.60     0.86   2150.4
      3111 scatter_axpy            184676.42     45.48      7.52      2.10     0.00      0.1
      3112 upload_i32              184729.42     31.02      8.60      1.90     0.00      0.0
      3113 upload                  184769.04     15.08    191.48      2.30     0.00      0.0
      3114 gather_rows             184975.60     20.20      9.88      2.20     0.00      0.2
      3115 gemm(gemv)              185005.68     66.56      9.16      2.50     0.59      8.9
      3116 gemm(gemv)              185081.40      0.36     10.24      2.30     0.59   1638.4
      3117 silu_mul                185092.00     44.52      0.00      1.70     0.00      0.0
      3118 gemm(gemv)              185136.52      0.48     16.80      1.90     0.86   1792.0
      3119 scatter_axpy            185153.80      0.48     46.84      2.20     0.00      8.5
      3120 upload_i32              185201.12     54.20      5.88      2.80     0.00      0.0
      3121 upload                  185261.20     35.80      4.20      3.00     0.00      0.0
      3122 gather_rows             185301.20      0.32     68.76      2.90     0.00     12.8
      3123 gemm(gemv)              185370.28     49.76      0.00      3.20     0.59     11.9
      3124 gemm(gemv)              185420.04      0.36     10.44      2.10     0.59   1638.4
      3125 silu_mul                185430.84     51.40      9.14      2.10     0.00      0.0
      3126 gemm(gemv)              185491.38      0.36     16.52      3.10     0.86   2389.3
      3127 scatter_axpy            185508.26      0.48     47.16      2.40     0.00      8.5
      3128 gemm(gemv)              185555.90     48.52      2.78      2.00     0.59     12.2
      3129 gemm(gemv)              185607.20      7.92      1.28      2.30     0.59     74.5
      3130 silu_mul                185616.40     42.52     12.92      2.30     0.00      0.0
      3131 gemm(gemv)              185671.84     10.04      3.56      2.10     0.86     85.7
      3132 add_inplace             185685.44     43.68      8.74      2.40     0.00      0.0
      3133 add_inplace             185737.86      6.24      3.60      1.70     0.00      0.0
      3134 rmsnorm                 185747.70     48.80     16.58      2.30     0.00      0.0
      3135 gemm(gemv)              185813.08    372.08      3.12      3.40     7.08     19.0
      3136 gemm(gemv)              186188.28      0.32      5.40      2.50     1.18   3686.4
      3137 gemm(gemv)              186194.00      0.36     19.60      2.70     1.72   4778.7
      3138 qk_norm                 186213.96      0.36      5.48      4.50     0.00      0.0
      3139 rope                    186219.80    185.20      0.00   4087.60     0.00      0.0
      3140 kv_append               186405.00      6.16      4.12      3.30     0.00      0.0
      3141 attention               186415.28     71.20      0.00     53.80     0.00      0.0
      3142 gemm(gemv)              186486.48      0.36      7.80      3.60     0.06    153.6
      3143 softplus_act            186494.64     47.28     10.80      2.10     0.00      0.0
      3144 mul_head_bcast          186552.72      0.00     14.56      3.00     0.00      0.0
      3145 gemm(gemv)              186567.28     24.04     42.84      3.00     7.08    294.4
      3146 add_inplace             186634.16      0.80     13.92      2.10     0.00      0.0
      3147 rmsnorm                 186648.88      0.44     53.68      2.30     0.00      0.0
      3148 fill0                   186703.00     48.28      4.24      2.70     0.00      0.0
      3149 gemm(gemv)              186755.52      9.94     16.92      3.00     1.05    105.5
      3150 download_f32            186782.38     64.04     77.30     77.10     0.00      0.0
      3151 warm_read               186923.72    173.60      4.20    158.40     0.00      0.0
      3152 warm_read               187101.52    140.04      4.28    134.70     0.00      0.0
      3153 warm_read               187245.84    190.36      4.04    188.50     0.00      0.0
      3154 upload_paged            187440.24    433.08    480.84    535.70     2.04      4.7
      3155 upload_i32              188354.16    110.48     39.12      7.00     0.00      0.0
      3156 upload                  188503.76    102.80      2.42      2.80     0.00      0.0
      3157 gather_rows             188608.98     99.04      5.90      4.80     0.00      0.0
      3158 gemm(gemv)              188713.92     64.32      3.40      3.80     0.59      9.2
      3159 gemm(gemv)              188781.64     92.20      2.14      2.10     0.59      6.4
      3160 silu_mul                188875.98     71.48     72.36      2.10     0.00      0.0
      3161 gemm(gemv)              189019.82     73.00     35.56      2.10     0.86     11.8
      3162 scatter_axpy            189128.38      3.02    106.08      2.30     0.00      1.4
      3163 upload_i32              189237.48    185.12     72.80      2.20     0.00      0.0
      3164 upload                  189495.40     78.68     70.40      2.00     0.00      0.0
      3165 gather_rows             189644.48      0.44    264.16      1.90     0.00      9.3
      3166 gemm(gemv)              189909.08      0.36     63.12      3.40     0.59   1638.4
      3167 gemm(gemv)              189972.56     45.60     10.20      2.80     0.59     12.9
      3168 silu_mul                190028.36      0.32      7.64      2.50     0.00      0.0
      3169 gemm(gemv)              190036.32     47.04     15.68      3.20     0.86     18.3
      3170 scatter_axpy            190099.04      0.32     10.56      2.30     0.00     12.8
      3171 upload_i32              190109.92     16.20     31.32      2.60     0.00      0.0
      3172 upload                  190157.44     61.04     14.28      3.20     0.00      0.0
      3173 gather_rows             190232.76     10.88      5.76      2.50     0.00      0.4
      3174 gemm(gemv)              190249.40     20.76     14.68      2.80     0.59     28.4
      3175 gemm(gemv)              190284.84     46.76     12.72      2.60     0.59     12.6
      3176 silu_mul                190344.32      0.36      7.00      1.90     0.00      0.0
      3177 gemm(gemv)              190351.68     49.48     11.68      2.60     0.86     17.4
      3178 scatter_axpy            190412.84      0.36     10.92      2.60     0.00     11.4
      3179 warm_read               190424.12     15.88      8.84    185.80     0.00      0.0
      3180 warm_read               190448.84     46.00     15.56    191.20     0.00      0.0
      3181 warm_read               190510.40     17.44      4.20    233.30     0.00      0.0
      3182 upload_paged            190532.04      0.00     55.64    816.70     2.04      0.0
      3183 upload_i32              190587.68     58.46     68.84     50.30     0.00      0.0
      3184 upload                  190714.98      0.00    102.84      4.90     0.00      0.0
      3185 gather_rows             190817.82      0.36     68.44      4.60     0.00     11.4
      3186 gemm(gemv)              190886.62     53.36      0.00      3.60     0.59     11.1
      3187 gemm(gemv)              190939.98      0.36      7.80      2.10     0.59   1638.4
      3188 silu_mul                190948.14     49.24      7.08     55.00     0.00      0.0
      3189 gemm(gemv)              191004.46      0.56     14.48      3.60     0.86   1536.0
      3190 scatter_axpy            191019.50     44.84      7.52      3.30     0.00      0.1
      3191 upload_i32              191071.86     19.08      2.68      2.90     0.00      0.0
      3192 upload                  191093.62     30.80     37.52      3.00     0.00      0.0
      3193 gather_rows             191161.94     46.84     11.48      1.90     0.00      0.1
      3194 gemm(gemv)              191220.26     16.88     12.48    107.60     0.59     34.9
      3195 gemm(gemv)              191249.62      0.00     58.20      3.40     0.59      0.0
      3196 silu_mul                191307.82    172.36     44.96      2.20     0.00      0.0
      3197 gemm(gemv)              191525.14     10.04      3.56      2.90     0.86     85.7
      3198 scatter_axpy            191538.74     62.72     18.28      2.80     0.00      0.1
      3199 warm_read               191619.74      4.08      2.68    737.70     0.00      0.0
      3200 warm_read               191626.50    217.08     10.56    496.60     0.00      0.0
      3201 warm_read               191854.14    266.60     10.60    284.00     0.00      0.0
      3202 upload_paged            192131.34    410.56    186.36    467.10     2.04      5.0
      3203 upload_i32              192728.26     90.64      5.16      6.70     0.00      0.0
      3204 upload                  192824.06     86.36     78.56      3.40     0.00      0.0
      3205 gather_rows             192988.98     91.56     35.24      4.30     0.00      0.0
      3206 gemm(gemv)              193115.78     91.48     10.94      3.90     0.59      6.4
      3207 gemm(gemv)              193218.20     61.72      1.32      1.70     0.59      9.6
      3208 silu_mul                193281.24     96.08     19.78      2.30     0.00      0.0
      3209 gemm(gemv)              193397.10     67.68      3.56      2.00     0.86     12.7
      3210 scatter_axpy            193468.34     87.36      0.00      2.00     0.00      0.0
      3211 upload_i32              193555.70     74.56      3.48      2.30     0.00      0.0
      3212 upload                  193633.74     59.52     92.36      2.30     0.00      0.0
      3213 gather_rows             193785.62     88.20     12.92      1.90     0.00      0.0
      3214 gemm(gemv)              193886.74     62.36      3.36      4.60     0.59      9.5
      3215 gemm(gemv)              193952.46    106.60     26.08      2.20     0.59      5.5
      3216 silu_mul                194085.14      0.00     12.12      2.60     0.00      0.0
      3217 gemm(gemv)              194097.26      0.36     67.28      2.50     0.86   2389.3
      3218 scatter_axpy            194164.90     47.92      0.00      2.10     0.00      0.1
      3219 upload_i32              194212.82     21.32      2.48      2.00     0.00      0.0
      3220 upload                  194236.62     42.96     16.52      2.00     0.00      0.0
      3221 gather_rows             194296.10      0.36     69.36      2.20     0.00     11.4
      3222 gemm(gemv)              194365.82     50.08      0.00      2.60     0.59     11.8
      3223 gemm(gemv)              194415.90      7.92      1.28      2.90     0.59     74.5
      3224 silu_mul                194425.10     42.44     12.64      2.00     0.00      0.0
      3225 gemm(gemv)              194480.18      0.48     16.52      2.40     0.86   1792.0
      3226 scatter_axpy            194497.18      0.48     46.72      2.10     0.00      8.5
      3227 gemm(gemv)              194544.38     50.16      3.24      3.50     0.59     11.8
      3228 gemm(gemv)              194597.78      0.36     10.48      2.90     0.59   1638.4
      3229 silu_mul                194608.62     46.40      9.50      2.00     0.00      0.0
      3230 gemm(gemv)              194664.52      9.80      3.52      1.90     0.86     87.8
      3231 add_inplace             194677.84     43.88      8.68      2.80     0.00      0.0
      3232 add_inplace             194730.40      3.58     10.04      1.90     0.00      0.0
      3233 rmsnorm                 194744.02      0.48     54.16      3.10     0.00      0.0
      3234 gemm(gemv)              194798.66    126.28     53.16      3.60     9.44     74.7
      3235 gemm(gemv)              194978.10      0.36     11.00      2.90     1.18   3276.8
      3236 gemm(gemv)              194989.46      0.00     15.04      3.50     1.72      0.0
      3237 qk_norm                 195004.50      0.36     53.48      3.40     0.00      0.0
      3238 rope                    195058.34    158.32     24.96   2312.60     0.00      0.0
      3239 kv_append               195241.62      0.36      9.84      3.20     0.00      0.0
      3240 attention               195251.82      0.36     54.68      8.60     0.00      0.0
      3241 gemm(gemv)              195306.86      0.44     23.88      2.60     0.07    167.6
      3242 softplus_act            195331.18      0.36     46.20      2.60     0.00      0.0
      3243 mul_head_bcast          195377.74     48.08      0.00      2.80     0.00      0.0
      3244 gemm(gemv)              195425.82     35.76      3.52      2.00     9.44    263.9
      3245 add_inplace             195465.10     42.84      4.08      2.00     0.00      0.0
      3246 rmsnorm                 195512.02      0.44     20.60      2.00     0.00      0.0
      3247 fill0                   195533.06      0.32     65.00      3.60     0.00      0.0
      3248 gemm(gemv)              195598.38     68.10     12.36      2.30     1.05     15.4
      3249 download_f32            195678.84     68.80     87.00     86.40     0.00      0.0
      3250 upload_i32              195834.64     14.50      4.20      4.30     0.00      0.0
      3251 upload                  195853.34      0.00     69.60      2.00     0.00      0.0
      3252 gather_rows             195922.94     30.00     40.90      5.00     0.00      0.1
      3253 gemm(gemv)              195993.84     64.12     16.84      4.30     0.59      9.2
      3254 gemm(gemv)              196074.80     33.96      1.40      3.80     0.59     17.4
      3255 silu_mul                196110.16     47.32     16.08      1.80     0.00      0.0
      3256 gemm(gemv)              196173.56     64.96      3.60      2.60     0.86     13.2
      3257 scatter_axpy            196242.12      0.36     11.12      1.80     0.00     11.4
      3258 upload_i32              196253.60     69.16     18.04      2.60     0.00      0.0
      3259 upload                  196340.80     19.24     19.72      3.70     0.00      0.0
      3260 gather_rows             196379.76     64.56     14.28      2.20     0.00      0.1
      3261 gemm(gemv)              196458.60      7.72      5.44      2.60     0.59     76.4
      3262 gemm(gemv)              196471.76     46.16     14.04      2.10     0.59     12.8
      3263 silu_mul                196531.96      0.32      8.88      2.40     0.00      0.0
      3264 gemm(gemv)              196541.16     53.64      6.08      2.80     0.86     16.0
      3265 scatter_axpy            196600.88      0.36     10.04      2.20     0.00     11.4
      3266 upload_i32              196611.28     49.88     10.00      2.90     0.00      0.0
      3267 upload                  196671.16     98.30     16.78      2.60     0.00      0.0
      3268 gather_rows             196786.24     59.16     60.90     19.00     0.00      0.1
      3269 gemm(gemv)              196906.30      9.96     87.88      3.00     0.59     59.2
      3270 gemm(gemv)              197004.14     77.24     48.70      2.70     0.59      7.6
      3271 silu_mul                197130.08     46.00      0.00      2.90     0.00      0.0
      3272 gemm(gemv)              197176.08      0.36     16.72      2.10     0.86   2389.3
      3273 scatter_axpy            197193.16      0.36     46.40      2.20     0.00     11.4
      3274 upload_i32              197239.92     55.48      8.26      2.20     0.00      0.0
      3275 upload                  197303.66     26.24      4.28      2.80     0.00      0.0
      3276 gather_rows             197334.18     45.20     15.08      2.20     0.00      0.1
      3277 gemm(gemv)              197394.46      8.00      2.44      3.20     0.59     73.7
      3278 gemm(gemv)              197404.90     45.64     13.32      2.00     0.59     12.9
      3279 silu_mul                197463.86      0.36      8.76      1.70     0.00      0.0
      3280 gemm(gemv)              197472.98     68.80     19.20      2.20     0.86     12.5
      3281 scatter_axpy            197560.98      0.36     10.40      2.30     0.00     11.4
      3282 warm_read               197571.74     62.20     11.24    180.60     0.00      0.0
      3283 warm_read               197645.18      4.20      4.16    165.90     0.00      0.0
      3284 warm_read               197653.54     48.76      8.64    218.40     0.00      0.0
      3285 upload_paged            197710.94    106.84    121.44    524.40     2.04     19.1
      3286 upload_i32              197939.22      0.00      4.16      5.60     0.00      0.0
      3287 upload                  197943.38      4.68     51.40      3.00     0.00      0.0
      3288 gather_rows             197999.46      0.36     48.40      4.80     0.00     11.4
      3289 gemm(gemv)              198048.22     49.44      7.76      3.00     0.59     11.9
      3290 gemm(gemv)              198105.42      0.36     10.52      2.30     0.59   1638.4
      3291 silu_mul                198116.30     47.44      9.48      2.50     0.00      0.0
      3292 gemm(gemv)              198173.22     54.08      3.56      3.00     0.86     15.9
      3293 scatter_axpy            198230.86      0.36     10.92      2.70     0.00     11.4
      3294 upload_i32              198242.14     43.48     32.68      3.10     0.00      0.0
      3295 upload                  198318.30    186.36     75.12      2.40     0.00      0.0
      3296 gather_rows             198579.78      0.00     15.36      2.60     0.00      0.0
      3297 gemm(gemv)              198595.14     53.70     55.40      3.30     0.59     11.0
      3298 gemm(gemv)              198704.24      0.36    128.92      2.70     0.59   1638.4
      3299 silu_mul                198833.52     43.44     10.84      2.50     0.00      0.0
      3300 gemm(gemv)              198887.80      1.88     17.28      2.50     0.86    457.5
      3301 scatter_axpy            198906.96     44.24     16.12      2.40     0.00      0.1
      3302 upload_i32              198967.32      9.60     12.24      3.10     0.00      0.0
      3303 upload                  198989.16     51.56     18.44      2.70     0.00      0.0
      3304 gather_rows             199059.16     11.72      4.20      3.00     0.00      0.3
      3305 gemm(gemv)              199075.08     63.24     15.16      3.80     0.59      9.3
      3306 gemm(gemv)              199153.48      7.80      1.32      2.40     0.59     75.6
      3307 silu_mul                199162.60     42.68     13.64      2.70     0.00      0.0
      3308 gemm(gemv)              199218.92      0.36     16.80      3.10     0.86   2389.3
      3309 scatter_axpy            199236.08      0.44     46.76      1.90     0.00      9.3
      3310 upload_i32              199283.28     54.16      0.00      2.20     0.00      0.0
      3311 upload                  199337.44     26.24      4.16      2.10     0.00      0.0
      3312 gather_rows             199367.84     44.08     14.96      2.10     0.00      0.1
      3313 gemm(gemv)              199426.88      0.32     12.56     54.80     0.59   1843.2
      3314 gemm(gemv)              199439.76     50.88     12.92      3.10     0.59     11.6
      3315 silu_mul                199503.56      6.52      1.32      2.40     0.00      0.0
      3316 gemm(gemv)              199511.40     46.44     13.44      2.10     0.86     18.5
      3317 scatter_axpy            199571.28      0.36     10.56      2.60     0.00     11.4
      3318 gemm(gemv)              199582.20     64.92     14.48      2.20     0.59      9.1
      3319 gemm(gemv)              199661.60      8.36      1.32      2.80     0.59     70.6
      3320 silu_mul                199671.28     42.28     13.64      2.50     0.00      0.0
      3321 gemm(gemv)              199727.20      9.76      4.16      2.30     0.86     88.1
      3322 add_inplace             199741.12     43.96     10.16      2.40     0.00      0.0
      3323 add_inplace             199795.24      0.00     10.08      2.60     0.00      0.0
      3324 rmsnorm                 199805.32      0.48     54.24      3.10     0.00      0.0
      3325 gemm(gemv)              199860.04     69.56      0.00      2.90     9.44    135.7
      3326 gemm(gemv)              199929.60      0.36     11.84      2.50     1.18   3276.8
      3327 gemm(gemv)              199941.80      0.32     14.92      2.40     1.72   5376.0
      3328 qk_norm                 199957.04     48.96      7.90      4.00     0.00      0.0
      3329 rope                    200013.90      8.20      4.16      4.20     0.00      0.0
      3330 kv_append               200026.26     47.44     12.28      2.60     0.00      0.0
      3331 attention               200085.98     15.12      3.80      8.30     0.00      0.0
      3332 gemm(gemv)              200104.90     63.20     15.84      2.00     0.07      1.2
      3333 softplus_act            200183.94      0.36      8.40      2.60     0.00      0.0
      3334 mul_head_bcast          200192.70     43.24     12.88      2.80     0.00      0.0
      3335 gemm(gemv)              200248.82     29.32      3.56      2.00     9.44    321.9
      3336 add_inplace             200281.70      0.36     11.32      2.30     0.00      0.0
      3337 rmsnorm                 200293.38     52.60      3.56      2.20     0.00      0.0
      3338 fill0                   200349.54      7.80      1.44      2.40     0.00      0.0
      3339 gemm(gemv)              200358.78     62.10     13.46      3.00     1.05     16.9
      3340 download_f32            200434.34     65.80     77.60     78.10     0.00      0.0
      3341 upload_i32              200577.74     12.40      4.20      2.80     0.00      0.0
      3342 upload                  200594.34      0.14     55.96      2.20     0.00      0.0
      3343 gather_rows             200650.44      0.36     48.12      2.60     0.00     11.4
      3344 gemm(gemv)              200698.92     47.44      7.62      3.60     0.59     12.4
      3345 gemm(gemv)              200753.98      8.00      1.32      2.50     0.59     73.7
      3346 silu_mul                200763.30     42.40     12.16      2.10     0.00      0.0
      3347 gemm(gemv)              200817.86     10.72      3.52      2.30     0.86     80.2
      3348 scatter_axpy            200832.10     45.68      9.44      1.90     0.00      0.1
      3349 upload_i32              200887.22     19.84      2.64      2.30     0.00      0.0
      3350 upload                  200909.70     71.36     23.44      2.90     0.00      0.0
      3351 gather_rows             201004.50     11.60      4.16      1.70     0.00      0.4
      3352 gemm(gemv)              201020.26     63.32     16.08      2.30     0.59      9.3
      3353 gemm(gemv)              201099.66      8.28      1.32      2.10     0.59     71.2
      3354 silu_mul                201109.26     42.28     12.20      1.90     0.00      0.0
      3355 gemm(gemv)              201163.74     10.12      3.60      1.80     0.86     85.0
      3356 scatter_axpy            201177.46     44.64      0.00      1.70     0.00      0.1
      3357 upload_i32              201222.10     22.32      2.64      2.50     0.00      0.0
      3358 upload                  201247.06     34.78     41.52      2.30     0.00      0.0
      3359 gather_rows             201323.36    293.00     47.20      2.00     0.00      0.0
      3360 gemm(gemv)              201663.56     48.72     73.36      3.40     0.59     12.1
      3361 gemm(gemv)              201785.64     46.36      6.68      2.20     0.59     12.7
      3362 silu_mul                201838.68      0.00     19.40      1.60     0.00      0.0
      3363 gemm(gemv)              201858.08      0.44     71.84      2.20     0.86   1954.9
      3364 scatter_axpy            201930.36     79.84     44.42      1.60     0.00      0.1
      3365 upload_i32              202054.62      0.00     16.76      2.20     0.00      0.0
      3366 upload                  202071.38     42.98     29.42      2.90     0.00      0.0
      3367 gather_rows             202143.78      0.32     65.69      2.20     0.00     12.8
      3368 gemm(gemv)              202209.79     24.88     23.02      3.00     0.59     23.7
      3369 gemm(gemv)              202257.69     29.90     16.24      1.90     0.59     19.7
      3370 silu_mul                202303.83     47.40     13.55      1.80     0.00      0.0
      3371 gemm(gemv)              202364.78     47.42      8.10      2.70     0.86     18.1
      3372 scatter_axpy            202420.30      0.44     30.12      2.00     0.00      9.3
      3373 upload_i32              202450.86     30.64     20.48      2.20     0.00      0.0
      3374 upload                  202501.98     37.76     27.36      2.00     0.00      0.0
      3375 gather_rows             202567.10      7.91     41.07      2.60     0.00      0.5
      3376 gemm(gemv)              202616.08     20.90     42.82      3.10     0.59     28.2
      3377 gemm(gemv)              202679.80     22.81     16.91      2.50     0.59     25.9
      3378 silu_mul                202719.52     28.58      1.66      2.20     0.00      0.0
      3379 gemm(gemv)              202749.76     37.44     18.42      1.90     0.86     23.0
      3380 scatter_axpy            202805.62     78.86     44.46      2.60     0.00      0.1
      3381 warm_read               202928.94      4.08      2.64    145.00     0.00      0.0
      3382 warm_read               202935.66     17.61     20.45    120.10     0.00      0.0
      3383 warm_read               202973.72     51.76     16.56    177.00     0.00      0.0
      3384 upload_paged            203042.04      4.20     94.72   1162.70     2.04    485.7
      3385 upload_i32              203140.96     55.76      3.52      5.70     0.00      0.0
      3386 upload                  203200.24     60.36     25.96      2.40     0.00      0.0
      3387 gather_rows             203286.56      0.44     14.48      4.50     0.00      9.3
      3388 gemm(gemv)              203301.48      0.36     52.24      3.90     0.59   1638.4
      3389 gemm(gemv)              203354.08     50.08     11.28      3.00     0.59     11.8
      3390 silu_mul                203415.44      7.86     11.88      2.90     0.00      0.0
      3391 gemm(gemv)              203435.18      0.44     70.44      2.00     0.86   1954.9
      3392 scatter_axpy            203506.06     49.88      0.00      1.80     0.00      0.1
      3393 upload_i32              203555.94     28.42      2.60      2.10     0.00      0.0
      3394 upload                  203586.96      0.00     62.08      3.00     0.00      0.0
      3395 gather_rows             203649.04      0.36     51.80      2.70     0.00     11.4
      3396 gemm(gemv)              203701.20     52.48      7.84      3.60     0.59     11.2
      3397 gemm(gemv)              203761.52      1.08     13.64      3.00     0.59    546.1
      3398 silu_mul                203776.24      0.36     53.56      1.90     0.00      0.0
      3399 gemm(gemv)              203830.16     51.28      4.08      2.00     0.86     16.8
      3400 scatter_axpy            203885.52      0.36     10.40      2.50     0.00     11.4
      3401 upload_i32              203896.28      8.36     49.36      3.00     0.00      0.0
      3402 upload                  203954.00     51.96     17.12      2.10     0.00      0.0
      3403 gather_rows             204023.08      0.00     22.56      2.30     0.00      0.0
      3404 gemm(gemv)              204045.64      0.32     55.12      2.70     0.59   1843.2
      3405 gemm(gemv)              204101.08     50.00      7.06      2.10     0.59     11.8
      3406 silu_mul                204158.14     10.10     10.40      1.70     0.00      0.0
      3407 gemm(gemv)              204178.64      0.36     69.72      3.10     0.86   2389.3
      3408 scatter_axpy            204248.72     48.04      0.00      2.10     0.00      0.1
      3409 gemm(gemv)              204296.76      0.06     13.80      2.50     0.59   9830.4
      3410 gemm(gemv)              204310.62      0.36     50.32      2.70     0.59   1638.4
      3411 silu_mul                204361.30     45.08      7.48      2.20     0.00      0.0
      3412 gemm(gemv)              204413.86      0.44     19.36      2.80     0.86   1954.9
      3413 add_inplace             204433.66      0.36     53.64      1.70     0.00      0.0
      3414 add_inplace             204487.66     47.72      7.96      1.90     0.00      0.0
      3415 rmsnorm                 204543.34      0.44     16.72      2.00     0.00      0.0
      3416 gemm(gemv)              204560.50     29.60     41.40      2.50     9.44    318.8
      3417 gemm(gemv)              204631.50     17.16      2.52      2.40     1.18     68.7
      3418 gemm(gemv)              204651.18     51.92     12.80      2.90     1.72     33.1
      3419 qk_norm                 204715.90     10.24      1.52      3.80     0.00      0.0
      3420 rope                    204727.66     46.64     12.68      3.70     0.00      0.0
      3421 kv_append               204786.98    106.16     13.48      2.70     0.00      0.0
      3422 attention               204906.62     23.76    149.88      8.20     0.00      0.0
      3423 gemm(gemv)              205080.26     48.12      0.00      2.30     0.07      1.5
      3424 softplus_act            205128.38     22.20     15.12      2.50     0.00      0.0
      3425 mul_head_bcast          205165.70     42.72     13.36      2.50     0.00      0.0
      3426 gemm(gemv)              205221.78     35.64      3.56      2.30     9.44    264.8
      3427 add_inplace             205260.98      5.60     24.08      1.80     0.00      0.0
      3428 rmsnorm                 205290.66      0.48     73.28      2.50     0.00      0.0
      3429 fill0                   205364.42     48.40      0.00      2.70     0.00      0.0
      3430 gemm(gemv)              205412.82    206.62     34.48      2.40     1.05      5.1
      3431 download_f32            205653.92    114.16     88.60    107.90     0.00      0.0
      3432 upload_i32              205856.68     26.36      4.28      5.90     0.00      0.0
      3433 upload                  205887.32     15.32     59.16      2.70     0.00      0.0
      3434 gather_rows             205961.80     48.96      0.00      4.70     0.00      0.1
      3435 gemm(gemv)              206010.76     11.24      1.32      3.80     0.59     52.5
      3436 gemm(gemv)              206023.32     47.12     12.16      2.50     0.59     12.5
      3437 silu_mul                206082.60      2.74     14.56      2.40     0.00      0.0
      3438 gemm(gemv)              206099.90      0.36     57.32      2.70     0.86   2389.3
      3439 scatter_axpy            206157.58     69.28     16.12      2.20     0.00      0.1
      3440 upload_i32              206242.98     45.12     16.40      2.50     0.00      0.0
      3441 upload                  206304.50     16.88     19.24      2.50     0.00      0.0
      3442 gather_rows             206340.62     43.52     17.24      2.90     0.00      0.1
      3443 gemm(gemv)              206401.38      0.44     14.88      3.50     0.59   1340.5
      3444 gemm(gemv)              206416.70      0.32     50.12      2.40     0.59   1843.2
      3445 silu_mul                206467.14     46.24      7.28      1.50     0.00      0.0
      3446 gemm(gemv)              206520.66      0.48     19.16      2.60     0.86   1792.0
      3447 scatter_axpy            206540.30      0.32     56.40      1.90     0.00     12.8
      3448 upload_i32              206597.02     54.32      7.20      2.20     0.00      0.0
      3449 upload                  206658.54     18.12     26.76      1.90     0.00      0.0
      3450 gather_rows             206703.42     44.20     16.44      2.00     0.00      0.1
      3451 gemm(gemv)              206764.06      3.78     15.96      2.40     0.59    156.0
      3452 gemm(gemv)              206783.80      0.32     73.36      3.00     0.59   1843.2
      3453 silu_mul                206857.48     47.72      0.00      1.90     0.00      0.0
      3454 gemm(gemv)              206905.20      0.44     17.92      2.30     0.86   1954.9
      3455 scatter_axpy            206923.56      0.36     48.04      2.50     0.00     11.4
      3456 upload_i32              206971.96     54.76      7.80      3.10     0.00      0.0
      3457 upload                  207034.52     41.80     28.24      2.10     0.00      0.0
      3458 gather_rows             207104.56      0.72     15.40      2.50     0.00      5.7
      3459 gemm(gemv)              207120.68      0.32     53.44      3.50     0.59   1843.2
      3460 gemm(gemv)              207174.44     48.92      4.74      2.00     0.59     12.1
      3461 silu_mul                207228.10      8.70     11.28      2.20     0.00      0.0
      3462 gemm(gemv)              207248.08      0.48     70.72      2.70     0.86   1792.0
      3463 scatter_axpy            207319.28     47.92      4.16      2.30     0.00      0.1
      3464 upload_i32              207371.36     25.16      3.36      2.60     0.00      0.0
      3465 upload                  207399.88     51.52     17.00      2.20     0.00      0.0
      3466 gather_rows             207468.40      0.00     23.00      1.90     0.00      0.0
      3467 gemm(gemv)              207491.40      0.36     63.96      3.60     0.59   1638.4
      3468 gemm(gemv)              207555.72     66.88     24.68      2.20     0.59      8.8
      3469 silu_mul                207647.28      0.00     10.80      1.70     0.00      0.0
      3470 gemm(gemv)              207658.08      0.32     73.68      2.20     0.86   2688.0
      3471 scatter_axpy            207732.08     45.72      4.24      2.20     0.00      0.1
      3472 upload_i32              207782.04     40.92     17.00      2.50     0.00      0.0
      3473 upload                  207839.96     48.64     19.40      2.50     0.00      0.0
      3474 gather_rows             207908.00      0.48     16.80      2.20     0.00      8.5
      3475 gemm(gemv)              207925.28      0.36     47.84      3.10     0.59   1638.4
      3476 gemm(gemv)              207973.48     45.68     10.20      2.80     0.59     12.9
      3477 silu_mul                208029.36      0.38     11.64      2.40     0.00      0.0
      3478 gemm(gemv)              208041.38      0.44     71.12      2.70     0.86   1954.9
      3479 scatter_axpy            208112.94     49.52      0.00      2.30     0.00      0.1
      3480 upload_i32              208162.46     42.36     16.52      2.70     0.00      0.0
      3481 upload                  208221.34     48.60     19.60      2.00     0.00      0.0
      3482 gather_rows             208289.54      0.48     17.80      2.30     0.00      8.5
      3483 gemm(gemv)              208307.82      0.36     46.96      3.10     0.59   1638.4
      3484 gemm(gemv)              208355.14     47.88      7.24      2.30     0.59     12.3
      3485 silu_mul                208410.26      5.70     12.48      1.90     0.00      0.0
      3486 gemm(gemv)              208428.44      0.48     69.20      1.70     0.86   1792.0
      3487 scatter_axpy            208498.12     47.00      5.36      2.20     0.00      0.1
      3488 upload_i32              208550.48     41.56     16.68      3.00     0.00      0.0
      3489 upload                  208608.72     17.24     18.72      2.20     0.00      0.0
      3490 gather_rows             208644.68     43.32     17.28      2.00     0.00      0.1
      3491 gemm(gemv)              208705.28      0.48     15.40      3.50     0.59   1228.8
      3492 gemm(gemv)              208721.16      0.32     50.08     55.00     0.59   1843.2
      3493 silu_mul                208771.56     42.76     10.28      2.90     0.00      0.0
      3494 gemm(gemv)              208824.60      0.44     18.04      2.30     0.86   1954.9
      3495 scatter_axpy            208843.08      0.32     47.16      2.40     0.00     12.8
      3496 gemm(gemv)              208890.56     50.60      0.18      3.00     0.59     11.7
      3497 gemm(gemv)              208941.34      4.10     12.40      2.50     0.59    143.9
      3498 silu_mul                208957.84     53.58     45.52      2.20     0.00      0.0
      3499 gemm(gemv)              209056.94      0.40    110.80      2.70     0.86   2150.4
      3500 add_inplace             209168.14     46.00      0.00      2.00     0.00      0.0
      3501 add_inplace             209214.14      5.06     15.24      1.70     0.00      0.0
      3502 rmsnorm                 209234.44      0.36     57.60      3.10     0.00      0.0
      3503 gemm(gemv)              209292.40   6876.02     43.12      2.90   168.59     24.5
      3504 logits_topk             216211.54     49.24    121.56     18.00     0.00      0.0
      3505 download                216382.34     74.64     92.30     89.50     0.00      0.0
           rolled up                  n    dev us   idle us   host us
           gemm(gemv)              1234  45478.34  27238.56   4958.00
           upload_i32               312  12932.14   6930.39   1446.80
           silu_mul                 352  12409.37   7868.76   4565.70
           upload                   312  11686.56  10723.12   1200.60
           scatter_axpy             312   7165.40   7370.37   1188.50
           upload_paged              34   5894.55   4429.24  24869.60
           warm_read                 96   5200.61   1745.04  18616.00
           gather_rows              312   5009.17  12698.79   1207.80
           rope                      40   3670.37    675.34  52524.70
           download_f32              39   2959.96   3762.40   3762.00
           gemm_group                21   2100.26    496.43     70.10
           add_inplace              119   1990.32   1906.19    342.30
           rmsnorm                   81   1699.62   1978.19    350.90
           attention                 40   1167.77   1647.90    342.50
           kv_append                 40    883.34    648.04    179.70
           fill0                     39    711.04    832.09    107.20
           softplus_act              40    630.96    850.86    147.40
           mul_head_bcast            40    563.50   1296.70    104.00
           qk_norm                   40    426.33    444.64    273.90
           download                   1     74.64     92.30     89.50
           logits_topk                1     49.24    121.56     18.00
           embed                      1      0.44     88.44     13.40
     component           ops   %dev      dev us     idle us     host us
     projections        1255  38.8%    47578.60    27734.99     5028.10
     transfer            698  27.3%    33547.85    25937.45    31368.50
     other               799  15.2%    18649.72    23942.99    21223.50
     ffn-activate        352  10.1%    12409.37     7868.76     4565.70
     attention           160   5.0%     6147.81     3415.92    53320.80
     residual            119   1.6%     1990.32     1906.19      342.30
     norms                81   1.4%     1699.62     1978.19      350.90
     recurrent            40   0.5%      630.96      850.86      147.40
     head+sample           1   0.0%       49.24      121.56       18.00
     embed                 1   0.0%        0.44       88.44       13.40
   instrumentation floor, 256 empty ops timed through the same begin/end path: 0.72 us host, 19.25 us device each.
   Every row pays that, so dev and idle are upper bounds and a row sitting on the floor is the recorder, not the kernel. The host column carries the same ~0.72 us on each of the 3506 ops (2532 us of 116379 us submitted).
   Order, counts and GB/s are exact; use KRK_TIME=<op> or a --bench wall delta for an undistorted device time.
-- step 1/24: ops 121413..124869
   3457 ops | host wall  192.904 ms | device spans 114.510 ms ( 59.4%) | device idle  84.301 ms ( 43.7%) | outside every op  -5.907 ms ( -3.1%)
         # op                          t+ us    dev us   idle us   host us       MB     GB/s
         0 embed                        0.00     49.64     23.48      9.40     0.00      0.0
         1 rmsnorm                     73.12      0.44     22.92      2.70     0.00      0.0
         2 gemm(gemv)                  96.48     24.56     45.20      2.50     7.08    288.2
         3 gemm(gemv)                 166.24     18.48      2.44      2.80     1.18     63.8
         4 gemm(gemv)                 187.16      0.36     51.72      3.20     1.72   4778.7
         5 qk_norm                    239.24     34.28      6.24      3.10     0.00      0.0
         6 rope                       279.76    182.00      1.20    423.80     0.00      0.0
         7 kv_append                  462.96     74.20     49.90      3.10     0.00      0.0
         8 attention                  587.06     54.56      8.56      8.20     0.00      0.0
         9 gemm(gemv)                 650.18      9.24      1.40      2.40     0.06      6.0
        10 softplus_act               660.82     44.44     15.96      2.30     0.00      0.0
        11 mul_head_bcast             721.22      0.48     16.40      2.10     0.00      0.0
        12 gemm(gemv)                 738.10     23.96     43.72      2.10     7.08    295.4
        13 add_inplace                805.78      0.36     17.32      2.60     0.00      0.0
        14 rmsnorm                    823.46      0.36     48.80      2.70     0.00      0.0
        15 gemm_group                 872.62     95.84      0.00      3.60     0.00      0.0
        16 silu_mul                   968.46      0.36      6.20      1.90     0.00      0.0
        17 gemm(gemv)                 975.02     41.44      3.56      3.00    13.76    332.1
        18 add_inplace               1020.02      0.36      9.16      2.10     0.00      0.0
        19 rmsnorm                   1029.54      0.18     17.40      2.20     0.00      0.0
        20 gemm(gemv)                1047.12     35.20     41.12      2.30     9.44    268.1
        21 gemm(gemv)                1123.44      0.36     12.52      2.30     1.18   3276.8
        22 gemm(gemv)                1136.32     57.00     12.90      2.40     1.72     30.2
        23 qk_norm                   1206.22      0.36      9.72      2.90     0.00      0.0
        24 rope                      1216.30    124.44      4.32    841.80     0.00      0.0
        25 kv_append                 1345.06      3.54      9.92      2.30     0.00      0.0
        26 attention                 1358.52      0.36     63.80      5.00     0.00      0.0
        27 gemm(gemv)                1422.68     80.16      1.40      2.40     0.07      0.9
        28 softplus_act              1504.24     45.32      9.44      1.90     0.00      0.0
        29 mul_head_bcast            1559.00      0.36     16.16      2.10     0.00      0.0
        30 gemm(gemv)                1575.52     29.12     40.48      2.90     9.44    324.1
        31 add_inplace               1645.12      0.36     10.52      2.10     0.00      0.0
        32 rmsnorm                   1656.00     64.20     12.12      1.80     0.00      0.0
        33 fill0                     1732.32     41.44      1.40      2.60     0.00      0.0
        34 gemm(gemv)                1775.16     60.40      7.16      2.80     1.05     17.4
        35 download_f32              1842.72     69.52     81.80     81.80     0.00      0.0
        36 upload_i32                1994.04     42.64     18.24      3.90     0.00      0.0
        37 upload                    2054.92     33.12      4.16      2.40     0.00      0.0
        38 gather_rows               2092.20      0.36     48.00      3.30     0.00     11.4
        39 gemm(gemv)                2140.56     52.92     18.56      3.60     0.59     11.1
        40 gemm(gemv)                2212.04     28.32     16.32      1.90     0.59     20.8
        41 silu_mul                  2256.68      0.48     41.28      1.90     0.00      0.0
        42 gemm(gemv)                2298.44     53.72     18.56      2.00     0.86     16.0
        43 scatter_axpy              2370.72     45.10     49.30      3.10     0.00      0.1
        44 upload_i32                2465.12     23.32    273.76      2.00     0.00      0.0
        45 upload                    2762.20     25.86     20.56      2.70     0.00      0.0
        46 gather_rows               2808.62     23.88     23.56      1.90     0.00      0.2
        47 gemm(gemv)                2856.06     38.12     17.52      2.90     0.59     15.5
        48 gemm(gemv)                2911.70      0.36     55.08      2.20     0.59   1638.4
        49 silu_mul                  2967.14      0.32     77.28      3.30     0.00      0.0
        50 gemm(gemv)                3044.74    172.24     42.80      2.40     0.86      5.0
        51 scatter_axpy              3259.78     44.52      5.84      1.80     0.00      0.1
        52 upload_i32                3310.14     59.80      7.60      2.20     0.00      0.0
        53 upload                    3377.54     60.04     15.48      2.20     0.00      0.0
        54 gather_rows               3453.06     60.20      8.26      2.10     0.00      0.1
        55 gemm(gemv)                3521.52      0.36     23.00      2.40     0.59   1638.4
        56 gemm(gemv)                3544.88     13.84     40.16      2.70     0.59     42.6
        57 silu_mul                  3598.88      0.36     52.24      2.50     0.00      0.0
        58 gemm(gemv)                3651.48      0.36     56.24      2.10     0.86   2389.3
        59 scatter_axpy              3708.08     59.04     11.34      2.00     0.00      0.1
        60 upload_i32                3778.46     43.96     25.84      2.30     0.00      0.0
        61 upload                    3848.26     61.92     25.12      2.70     0.00      0.0
        62 gather_rows               3935.30      0.44     23.28      3.10     0.00      9.3
        63 gemm(gemv)                3959.02     13.88     38.96      2.40     0.59     42.5
        64 gemm(gemv)                4011.86     13.64     38.08      2.20     0.59     43.2
        65 silu_mul                  4063.58      0.48     49.88      2.80     0.00      0.0
        66 gemm(gemv)                4113.94     16.20     38.56      2.10     0.86     53.1
        67 scatter_axpy              4168.70     59.92     12.42      2.10     0.00      0.1
        68 upload_i32                4241.04     50.04     24.36      2.60     0.00      0.0
        69 upload                    4315.44     50.28      4.16      2.50     0.00      0.0
        70 gather_rows               4369.88      0.44     53.12      2.30     0.00      9.3
        71 gemm(gemv)                4423.44     12.44     39.24      2.30     0.59     47.4
        72 gemm(gemv)                4475.12     13.48     38.12      2.00     0.59     43.8
        73 silu_mul                  4526.72      0.44     49.84      2.00     0.00      0.0
        74 gemm(gemv)                4577.00      0.48     56.32      2.30     0.86   1792.0
        75 scatter_axpy              4633.80     62.08     17.42      2.30     0.00      0.1
        76 upload_i32                4713.30     47.20     23.84      2.60     0.00      0.0
        77 upload                    4784.34     16.56     20.28      3.00     0.00      0.0
        78 gather_rows               4821.18     42.44     17.36      1.80     0.00      0.1
        79 gemm(gemv)                4880.98      0.44     14.88      2.90     0.59   1340.5
        80 gemm(gemv)                4896.30     13.64     41.36      2.30     0.59     43.2
        81 silu_mul                  4951.30     43.68     14.24      2.30     0.00      0.0
        82 gemm(gemv)                5009.22      0.48     19.36      2.10     0.86   1792.0
        83 scatter_axpy              5029.06      0.36     54.16      2.30     0.00     11.4
        84 upload_i32                5083.58     51.52      8.20      2.70     0.00      0.0
        85 upload                    5143.30     16.84     27.44      2.30     0.00      0.0
        86 gather_rows               5187.58     42.16     16.28      1.90     0.00      0.1
        87 gemm(gemv)                5246.02      0.44     15.08      2.40     0.59   1340.5
        88 gemm(gemv)                5261.54      0.36     47.60      2.80     0.59   1638.4
        89 silu_mul                  5309.50     42.48      8.44      1.90     0.00      0.0
        90 gemm(gemv)                5360.42      0.48     19.60      2.70     0.86   1792.0
        91 scatter_axpy              5380.50     43.16     15.68      1.80     0.00      0.1
        92 upload_i32                5439.34     18.36     17.76      2.40     0.00      0.0
        93 upload                    5475.46     32.02     17.24      2.50     0.00      0.0
        94 gather_rows               5524.72      0.36     51.32      2.20     0.00     11.4
        95 gemm(gemv)                5576.40     45.16      8.72      2.60     0.59     13.1
        96 gemm(gemv)                5630.28      8.12     15.12      2.30     0.59     72.6
        97 silu_mul                  5653.52      0.36     64.80      1.70     0.00      0.0
        98 gemm(gemv)                5718.68     47.36     10.36      2.20     0.86     18.2
        99 scatter_axpy              5776.40      0.00     13.72      1.60     0.00      0.0
       100 gemm(gemv)                5790.12      0.32     50.92      2.60     0.59   1843.2
       101 gemm(gemv)                5841.36     44.76      8.92      2.50     0.59     13.2
       102 silu_mul                  5895.04      0.94     13.44      1.90     0.00      0.0
       103 gemm(gemv)                5909.42      0.36     54.88      2.50     0.86   2389.3
       104 add_inplace               5964.66     65.80     15.66      2.10     0.00      0.0
       105 add_inplace               6046.12      0.00     14.64      1.80     0.00      0.0
       106 rmsnorm                   6060.76      0.36     51.12      2.20     0.00      0.0
       107 gemm(gemv)                6112.24     62.72      6.44      3.00     9.44    150.5
       108 gemm(gemv)                6181.40      0.32     12.00      2.90     1.18   3686.4
       109 gemm(gemv)                6193.72     64.40      6.74      2.30     1.72     26.7
       110 qk_norm                   6264.86      0.00     13.76      3.10     0.00      0.0
       111 rope                      6278.62      0.36     64.52      2.80     0.00      0.0
       112 kv_append                 6343.50     43.36      8.56      2.70     0.00      0.0
       113 attention                 6395.42     20.84      3.56     16.70     0.00      0.0
       114 gemm(gemv)                6419.82     53.10      7.00      2.60     0.07      1.4
       115 softplus_act              6479.92      0.36     56.04      2.80     0.00      0.0
       116 mul_head_bcast            6536.32     51.40      7.70      2.50     0.00      0.0
       117 gemm(gemv)                6595.42      0.44     37.48      2.80     9.44  21448.1
       118 add_inplace               6633.34      0.44     52.08      2.10     0.00      0.0
       119 rmsnorm                   6685.86     52.28     29.86      3.20     0.00      0.0
       120 fill0                     6768.00      2.89     33.63      2.00     0.00      0.0
       121 gemm(gemv)                6804.52      4.92     72.38      3.10     1.05    213.1
       122 download_f32              6881.82     60.00     90.80     90.30     0.00      0.0
       123 upload_i32                7032.62     54.78      0.00      4.60     0.00      0.0
       124 upload                    7087.40     20.78     38.93      2.70     0.00      0.0
       125 gather_rows               7147.11     27.35     17.56      4.20     0.00      0.1
       126 gemm(gemv)                7192.02     53.13     19.80      4.00     0.59     11.1
       127 gemm(gemv)                7264.95     19.97     11.69      3.00     0.59     29.5
       128 silu_mul                  7296.61     19.92     16.71      2.90     0.00      0.0
       129 gemm(gemv)                7333.24     26.20     15.92      2.20     0.86     32.8
       130 scatter_axpy              7375.36     38.00      7.86      2.60     0.00      0.1
       131 upload_i32                7421.22     36.78     41.37      2.30     0.00      0.0
       132 upload                    7499.37     51.30     42.15      2.20     0.00      0.0
       133 gather_rows               7592.82      0.32     60.61      1.90     0.00     12.8
       134 gemm(gemv)                7653.75      0.00     54.60      2.90     0.59      0.0
       135 gemm(gemv)                7708.35      0.36     70.16      2.10     0.59   1638.4
       136 silu_mul                  7778.87     45.76      0.00      2.30     0.00      0.0
       137 gemm(gemv)                7824.63      0.44     20.56      2.40     0.86   1954.9
       138 scatter_axpy              7845.63      0.36     47.44      2.20     0.00     11.4
       139 upload_i32                7893.43     50.96     10.72      2.20     0.00      0.0
       140 upload                    7955.11     40.76     27.40      2.70     0.00      0.0
       141 gather_rows               8023.27      0.44     17.48      1.80     0.00      9.3
       142 gemm(gemv)                8041.19      0.32     46.52      2.80     0.59   1843.2
       143 gemm(gemv)                8088.03     44.80     15.36      2.50     0.59     13.2
       144 silu_mul                  8148.19      2.84     13.44      2.00     0.00      0.0
       145 gemm(gemv)                8164.47      0.44     55.60     59.50     0.86   1954.9
       146 scatter_axpy              8220.51     66.96     16.66      2.20     0.00      0.1
       147 upload_i32                8304.13     40.68     17.32      2.70     0.00      0.0
       148 upload                    8362.13     57.08     19.80      2.20     0.00      0.0
       149 gather_rows               8439.01      0.48     17.48      2.10     0.00      8.5
       150 gemm(gemv)                8456.97      0.32     45.92      3.10     0.59   1843.2
       151 gemm(gemv)                8503.21     44.32      8.76      2.40     0.59     13.3
       152 silu_mul                  8556.29      0.00     14.16      2.10     0.00      0.0
       153 gemm(gemv)                8570.45      0.48     51.40      2.50     0.86   1792.0
       154 scatter_axpy              8622.33     71.40     20.12      1.80     0.00      0.1
       155 upload_i32                8713.85     18.28     18.52      2.20     0.00      0.0
       156 upload                    8750.65     33.08     17.32      2.50     0.00      0.0
       157 gather_rows               8801.05      0.32     74.08      1.80     0.00     12.8
       158 gemm(gemv)                8875.45     46.24     11.80      2.80     0.59     12.8
       159 gemm(gemv)                8933.49      0.36     15.84      2.10     0.59   1638.4
       160 silu_mul                  8949.69      0.36     46.52      1.90     0.00      0.0
       161 gemm(gemv)                8996.57     46.32     10.36      2.40     0.86     18.6
       162 scatter_axpy              9053.25      0.00     14.08      1.60     0.00      0.0
       163 upload_i32                9067.33      4.64     52.64      1.90     0.00      0.0
       164 upload                    9124.61      4.68     50.00      2.20     0.00      0.0
       165 gather_rows               9179.29      0.36     46.36      2.10     0.00     11.4
       166 gemm(gemv)                9226.01     43.12     11.32      3.20     0.59     13.7
       167 gemm(gemv)                9280.45     23.32     22.56      2.20     0.59     25.3
       168 silu_mul                  9326.33     99.40     15.90     39.40     0.00      0.0
       169 gemm(gemv)                9441.63      0.00    114.72      3.00     0.86      0.0
       170 scatter_axpy              9556.35      0.48     82.84      2.00     0.00      8.5
       171 upload_i32                9639.67     42.94     15.84      2.40     0.00      0.0
       172 upload                    9698.45      0.00     71.32      2.00     0.00      0.0
       173 gather_rows               9769.77      0.00     71.36      2.20     0.00      0.0
       174 gemm(gemv)                9841.13     14.02     56.88      2.90     0.59     42.1
       175 gemm(gemv)                9912.03    208.52     33.40      2.50     0.59      2.8
       176 silu_mul                 10153.95     15.96      3.48      2.30     0.00      0.0
       177 gemm(gemv)               10173.39     44.44     14.60      2.10     0.86     19.4
       178 scatter_axpy             10232.43      0.36     10.52      1.90     0.00     11.4
       179 upload_i32               10243.31     71.08     16.62      2.30     0.00      0.0
       180 upload                   10331.01     19.16     27.08      2.00     0.00      0.0
       181 gather_rows              10377.25     42.36     16.36      2.40     0.00      0.1
       182 gemm(gemv)               10435.97      0.44     14.36      2.70     0.59   1340.5
       183 gemm(gemv)               10450.77      0.36     51.56      2.50     0.59   1638.4
       184 silu_mul                 10502.69     41.04     10.64      1.90     0.00      0.0
       185 gemm(gemv)               10554.37      0.48     20.12      1.80     0.86   1792.0
       186 scatter_axpy             10574.97      0.36     51.20      2.30     0.00     11.4
       187 gemm(gemv)               10626.53     45.48      8.40      2.20     0.59     13.0
       188 gemm(gemv)               10680.41      0.54     15.28      2.10     0.59   1092.3
       189 silu_mul                 10696.23      0.32     64.76      2.00     0.00      0.0
       190 gemm(gemv)               10761.31     48.92      0.00      2.30     0.86     17.6
       191 add_inplace              10810.23      1.40     12.68      2.10     0.00      0.0
       192 add_inplace              10824.31      0.36     48.08      2.30     0.00      0.0
       193 rmsnorm                  10872.75     46.32     10.16      3.20     0.00      0.0
       194 gemm(gemv)               10929.23     31.32      1.40      2.10     9.44    301.3
       195 gemm(gemv)               10961.95     44.76     11.52      3.10     1.18     26.4
       196 gemm(gemv)               11018.23      0.48     18.16      2.20     1.72   3584.0
       197 qk_norm                  11036.87      0.36     49.12      3.70     0.00      0.0
       198 rope                     11086.35     46.60      9.00      3.20     0.00      0.0
       199 kv_append                11141.95      0.44     14.76      2.70     0.00      0.0
       200 attention                11157.15      0.44     56.48      5.90     0.00      0.0
       201 gemm(gemv)               11214.07     41.88      2.64      2.30     0.07      1.8
       202 softplus_act             11258.59      0.48     18.32      2.40     0.00      0.0
       203 mul_head_bcast           11277.39      0.36     53.48      1.60     0.00      0.0
       204 gemm(gemv)               11331.23     61.32     10.04      2.40     9.44    153.9
       205 add_inplace              11402.59      0.36      9.16      1.50     0.00      0.0
       206 rmsnorm                  11412.11     48.60      3.80      2.10     0.00      0.0
       207 fill0                    11464.51      2.38     14.12      2.50     0.00      0.0
       208 gemm(gemv)               11481.01      0.80     71.70      2.80     1.05   1310.7
       209 download_f32             11553.51     62.32     80.10     79.40     0.00      0.0
       210 upload_i32               11695.93     19.32     17.24      4.80     0.00      0.0
       211 upload                   11732.49     67.76     15.84      3.00     0.00      0.0
       212 gather_rows              11816.09      0.00     20.32      4.70     0.00      0.0
       213 gemm(gemv)               11836.41      0.32     48.72      3.70     0.59   1843.2
       214 gemm(gemv)               11885.45     46.52      4.66      2.70     0.59     12.7
       215 silu_mul                 11936.63      9.76     10.52      2.20     0.00      0.0
       216 gemm(gemv)               11956.91     76.80     78.60      2.70     0.86     11.2
       217 scatter_axpy             12112.31     72.90      9.10      2.20     0.00      0.1
       218 upload_i32               12194.31     29.84     45.76      2.20     0.00      0.0
       219 upload                   12269.91     30.08     54.92      2.30     0.00      0.0
       220 gather_rows              12354.91      0.36     64.28      1.90     0.00     11.4
       221 gemm(gemv)               12419.55    279.16     10.36      3.20     0.59      2.1
       222 gemm(gemv)               12709.07     43.96      1.32      3.40     0.59     13.4
       223 silu_mul                 12754.35      1.24     13.12      1.80     0.00      0.0
       224 gemm(gemv)               12768.71      0.44     51.52      2.30     0.86   1954.9
       225 scatter_axpy             12820.67     46.20      2.64      2.60     0.00      0.1
       226 upload_paged             12869.51      4.20     62.32    848.90     2.04    485.7
       227 upload_i32               12936.03     57.88      9.98      6.50     0.00      0.0
       228 upload                   13003.89     19.92      4.20      3.00     0.00      0.0
       229 gather_rows              13028.01      0.36     49.04     49.20     0.00     11.4
       230 gemm(gemv)               13077.41     44.44      5.92      4.30     0.59     13.3
       231 gemm(gemv)               13127.77      0.36     12.92      2.50     0.59   1638.4
       232 silu_mul                 13141.05     46.36     13.06      2.90     0.00      0.0
       233 gemm(gemv)               13200.47      0.44     15.04     45.40     0.86   1954.9
       234 scatter_axpy             13215.95      0.36     45.08      2.40     0.00     11.4
       235 upload_i32               13261.39     49.84      2.22      2.60     0.00      0.0
       236 upload                   13313.45     57.88     21.44      2.60     0.00      0.0
       237 gather_rows              13392.77      1.58     14.36      2.20     0.00      2.6
       238 gemm(gemv)               13408.71      0.36     46.64     66.80     0.59   1638.4
       239 gemm(gemv)               13455.71     45.92      6.32      5.00     0.59     12.8
       240 silu_mul                 13507.95     51.96      7.60      2.70     0.00      0.0
       241 gemm(gemv)               13567.51      0.36    101.12      2.20     0.86   2389.3
       242 scatter_axpy             13668.99     48.00      0.00      2.40     0.00      0.1
       243 upload_i32               13716.99     40.88     15.68      4.70     0.00      0.0
       244 upload                   13773.55     23.38      4.16      2.50     0.00      0.0
       245 gather_rows              13801.09      0.00     70.32      2.80     0.00      0.0
       246 gemm(gemv)               13871.41     13.96     60.44      2.50     0.59     42.3
       247 gemm(gemv)               13945.81    115.80     44.50      2.20     0.59      5.1
       248 silu_mul                 14106.11     88.84     19.40      2.10     0.00      0.0
       249 gemm(gemv)               14214.35      0.00     20.20      2.70     0.86      0.0
       250 scatter_axpy             14234.55      0.36     73.76      1.90     0.00     11.4
       251 warm_read                14308.67      4.12     46.76    164.50     0.00      0.0
       252 warm_read                14359.55     39.16     14.76    143.60     0.00      0.0
       253 warm_read                14413.47      0.00      4.20    222.10     0.00      0.0
       254 upload_paged             14417.67    250.92     98.68    970.50     2.04      8.1
       255 upload_i32               14767.27     59.04     19.64      7.00     0.00      0.0
       256 upload                   14845.95     52.64      6.22      3.70     0.00      0.0
       257 gather_rows              14904.81     42.92      4.16      6.10     0.00      0.1
       258 gemm(gemv)               14951.89      0.44     18.76      4.40     0.59   1340.5
       259 gemm(gemv)               14971.09     50.20     15.88      2.40     0.59     11.7
       260 silu_mul                 15037.17      1.94     10.96      2.50     0.00      0.0
       261 gemm(gemv)               15050.07      0.48     53.04      2.30     0.86   1792.0
       262 scatter_axpy             15103.59     48.56      6.28      3.10     0.00      0.1
       263 upload_i32               15158.43     40.84     15.68      2.80     0.00      0.0
       264 upload                   15214.95     18.08     18.00      3.90     0.00      0.0
       265 gather_rows              15251.03     59.92     17.76      1.90     0.00      0.1
       266 gemm(gemv)               15328.71      5.44     13.52      3.90     0.59    108.4
       267 gemm(gemv)               15347.67      0.44     65.84      2.50     0.59   1340.5
       268 silu_mul                 15413.95     44.28      0.00      2.30     0.00      0.0
       269 gemm(gemv)               15458.23      0.44     16.96      3.10     0.86   1954.9
       270 scatter_axpy             15475.63      0.36     44.92      2.70     0.00     11.4
       271 upload_i32               15520.91     51.48      4.44      3.40     0.00      0.0
       272 upload                   15576.83     57.08     22.64      2.90     0.00      0.0
       273 gather_rows              15656.55      0.00     14.48      2.20     0.00      0.0
       274 gemm(gemv)               15671.03      0.32     46.44      4.10     0.59   1843.2
       275 gemm(gemv)               15717.79     43.80      6.74      2.40     0.59     13.5
       276 silu_mul                 15768.33      0.36     10.96      2.40     0.00      0.0
       277 gemm(gemv)               15779.65     51.24     17.28      2.90     0.86     16.8
       278 scatter_axpy             15848.17      0.36     10.56      2.30     0.00     11.4
       279 gemm(gemv)               15859.09     50.96     11.84      3.20     0.59     11.6
       280 gemm(gemv)               15921.89     10.20      1.28      2.60     0.59     57.8
       281 silu_mul                 15933.37     19.40     12.04      2.20     0.00      0.0
       282 gemm(gemv)               15964.81     44.24     14.16      3.40     0.86     19.4
       283 add_inplace              16023.21      0.32     10.04      2.90     0.00      0.0
       284 add_inplace              16033.57     59.56     13.06      2.10     0.00      0.0
       285 rmsnorm                  16106.19      0.36     15.48      3.00     0.00      0.0
       286 gemm(gemv)               16122.03     21.24     37.80      3.00     7.08    333.2
       287 gemm(gemv)               16181.07      0.36     16.84      3.50     1.18   3276.8
       288 gemm(gemv)               16198.27      0.32     48.28      3.40     1.72   5376.0
       289 qk_norm                  16246.87     55.68      2.68      3.60     0.00      0.0
       290 rope                     16305.23    141.24      1.10   1536.60     0.00      0.0
       291 kv_append                16447.57    113.76     10.00      3.00     0.00      0.0
       292 attention                16571.33     23.20    168.48      7.40     0.00      0.0
       293 gemm(gemv)               16763.01     66.56      0.00      2.20     0.06      0.8
       294 softplus_act             16829.57      0.00     13.92      2.00     0.00      0.0
       295 mul_head_bcast           16843.49      0.36     63.24      1.90     0.00      0.0
       296 gemm(gemv)               16907.09     59.36      0.00      2.40     7.08    119.2
       297 add_inplace              16966.45      0.32      9.32      1.90     0.00      0.0
       298 rmsnorm                  16976.09     45.76      6.04      2.20     0.00      0.0
       299 fill0                    17027.89      0.32     18.12      2.60     0.00      0.0
       300 gemm(gemv)               17046.33     46.36     39.40      2.40     1.05     22.6
       301 download_f32             17132.09    462.60    119.80    301.40     0.00      0.0
       302 upload_i32               17714.49     77.96    246.24      5.90     0.00      0.0
       303 upload                   18038.69     86.96      4.12      2.70     0.00      0.0
       304 gather_rows              18129.77     52.76     58.40      5.30     0.00      0.1
       305 gemm(gemv)               18240.93     87.24      0.00      3.80     0.59      6.8
       306 gemm(gemv)               18328.17     61.40      3.48      2.40     0.59      9.6
       307 silu_mul                 18393.05     83.64     10.68      2.60     0.00      0.0
       308 gemm(gemv)               18487.37     68.96      0.00      1.90     0.86     12.5
       309 scatter_axpy             18556.33      0.00     15.60      2.10     0.00      0.0
       310 upload_i32               18571.93      4.44     50.48      2.30     0.00      0.0
       311 upload                   18626.85      4.68     50.24      2.90     0.00      0.0
       312 gather_rows              18681.77      0.32     46.24      1.80     0.00     12.8
       313 gemm(gemv)               18728.33     46.12      6.10      2.40     0.59     12.8
       314 gemm(gemv)               18780.55      8.12      1.32      2.20     0.59     72.6
       315 silu_mul                 18789.99     19.08     13.56      2.20     0.00      0.0
       316 gemm(gemv)               18822.63     43.96     14.24      3.10     0.86     19.6
       317 scatter_axpy             18880.83      0.32     10.72      1.80     0.00     12.8
       318 upload_i32               18891.87     69.60     16.76      2.40     0.00      0.0
       319 upload                   18978.23     56.76     22.24      2.00     0.00      0.0
       320 gather_rows              19057.23      0.00     14.16      2.10     0.00      0.0
       321 gemm(gemv)               19071.39      0.36     47.08      3.30     0.59   1638.4
       322 gemm(gemv)               19118.83     44.08      6.16      2.40     0.59     13.4
       323 silu_mul                 19169.07      0.32     10.28      2.10     0.00      0.0
       324 gemm(gemv)               19179.67     51.36     16.42      3.00     0.86     16.7
       325 scatter_axpy             19247.45      0.36     10.32      2.20     0.00     11.4
       326 upload_i32               19258.13     69.16     13.56      2.50     0.00      0.0
       327 upload                   19340.85     56.40     22.28      2.40     0.00      0.0
       328 gather_rows              19419.53      0.00     14.52      2.40     0.00      0.0
       329 gemm(gemv)               19434.05      0.32     46.56      2.90     0.59   1843.2
       330 gemm(gemv)               19480.93     45.40      7.02      2.30     0.59     13.0
       331 silu_mul                 19533.35      7.66     11.24      2.00     0.00      0.0
       332 gemm(gemv)               19552.25      0.44     56.48      2.30     0.86   1954.9
       333 scatter_axpy             19609.17     44.44      0.00      2.00     0.00      0.1
       334 upload_i32               19653.61      6.86     15.60      2.40     0.00      0.0
       335 upload                   19676.07      4.64     49.80      2.20     0.00      0.0
       336 gather_rows              19730.51      0.36     46.36      2.20     0.00     11.4
       337 gemm(gemv)               19777.23     46.84      6.64      2.30     0.59     12.6
       338 gemm(gemv)               19830.71      0.36     10.48      2.10     0.59   1638.4
       339 silu_mul                 19841.55     59.20     16.92      2.40     0.00      0.0
       340 gemm(gemv)               19917.67      0.44     15.80      2.30     0.86   1954.9
       341 scatter_axpy             19933.91      0.36     45.00      2.50     0.00     11.4
       342 upload_i32               19979.27     51.56      0.00      2.90     0.00      0.0
       343 upload                   20030.83     56.44     20.72      2.70     0.00      0.0
       344 gather_rows              20107.99      0.00     13.80      2.10     0.00      0.0
       345 gemm(gemv)               20121.79      0.36     46.72     52.30     0.59   1638.4
       346 gemm(gemv)               20168.87     46.48      6.52      2.60     0.59     12.7
       347 silu_mul                 20221.87      0.36      8.80      2.00     0.00      0.0
       348 gemm(gemv)               20231.03     64.12     20.36      2.50     0.86     13.4
       349 scatter_axpy             20315.51      0.32     10.48      2.20     0.00     12.8
       350 upload_i32               20326.31     68.96     10.08      2.70     0.00      0.0
       351 upload                   20405.35     19.24      4.20      2.00     0.00      0.0
       352 gather_rows              20428.79      0.36     47.60      2.90     0.00     11.4
       353 gemm(gemv)               20476.75     45.84      5.44      2.50     0.59     12.9
       354 gemm(gemv)               20528.03     11.76      1.32      3.10     0.59     50.2
       355 silu_mul                 20541.11     40.64     12.60      1.50     0.00      0.0
       356 gemm(gemv)               20594.35      0.36     16.12      2.10     0.86   2389.3
       357 scatter_axpy             20610.83      0.36     44.28      1.80     0.00     11.4
       358 upload_i32               20655.47     51.12      6.12      2.60     0.00      0.0
       359 upload                   20712.71     57.80     22.64      2.30     0.00      0.0
       360 gather_rows              20793.15    120.98     14.16      2.00     0.00      0.0
       361 gemm(gemv)               20928.29     16.24    161.56      3.60     0.59     36.3
       362 gemm(gemv)               21106.09     20.60     11.40      3.30     0.59     28.6
       363 silu_mul                 21138.09     42.24      0.00      2.40     0.00      0.0
       364 gemm(gemv)               21180.33      0.44     15.92      2.50     0.86   1954.9
       365 scatter_axpy             21196.69      0.36     45.20      2.70     0.00     11.4
       366 gemm(gemv)               21242.25     45.52      7.04      2.80     0.59     13.0
       367 gemm(gemv)               21294.81     10.60      1.32      2.80     0.59     55.6
       368 silu_mul                 21306.73     18.88     11.48      2.40     0.00      0.0
       369 gemm(gemv)               21337.09     22.76     14.56      2.30     0.86     37.8
       370 add_inplace              21374.41     46.52     13.18      2.60     0.00      0.0
       371 add_inplace              21434.11      0.00     12.00      1.90     0.00      0.0
       372 rmsnorm                  21446.11      0.36     49.64      2.90     0.00      0.0
       373 gemm_group               21496.11     84.68      8.80      4.00     0.00      0.0
       374 qk_norm                  21589.59      0.32     32.32      3.40     0.00      0.0
       375 rope                     21622.23    170.00      1.28   3718.00     0.00      0.0
       376 kv_append                21793.51      0.00     12.80      7.60     0.00      0.0
       377 attention                21806.31      0.44     72.24      6.90     0.00      0.0
       378 gemm(gemv)               21878.99     59.96      0.00      2.80     0.07      1.2
       379 softplus_act             21938.95      4.72     14.72      1.70     0.00      0.0
       380 mul_head_bcast           21958.39      0.32     66.24      1.90     0.00      0.0
       381 gemm(gemv)               22024.95     67.60      3.04      2.00     9.44    139.6
       382 add_inplace              22095.59      0.36     10.08      2.00     0.00      0.0
       383 rmsnorm                  22106.03     65.48     12.76      1.80     0.00      0.0
       384 fill0                    22184.27      0.00     14.72      2.60     0.00      0.0
       385 gemm(gemv)               22198.99     30.32     65.28      2.20     1.05     34.6
       386 download_f32             22294.59    101.72     89.40    109.20     0.00      0.0
       387 upload_i32               22485.71     60.32     19.16      5.10     0.00      0.0
       388 upload                   22565.19     52.20      0.00      4.10     0.00      0.0
       389 gather_rows              22617.39      1.56     19.84      4.40     0.00      2.6
       390 gemm(gemv)               22638.79      0.36     49.84      4.60     0.59   1638.4
       391 gemm(gemv)               22688.99     45.96      3.00      2.50     0.59     12.8
       392 silu_mul                 22737.95      6.68      1.32      2.10     0.00      0.0
       393 gemm(gemv)               22745.95     43.32     14.84      2.70     0.59     13.6
       394 scatter_axpy             22804.11      0.32     10.68      2.50     0.00     12.8
       395 upload_i32               22815.11     57.44     18.08      2.40     0.00      0.0
       396 upload                   22890.63     32.12      4.24      2.30     0.00      0.0
       397 gather_rows              22926.99      0.36     65.24      2.30     0.00     11.4
       398 gemm(gemv)               22992.59     49.04      0.00      3.20     0.59     12.0
       399 gemm(gemv)               23041.63     10.76      1.32      1.90     0.59     54.8
       400 silu_mul                 23053.71     19.44     11.72      2.10     0.00      0.0
       401 gemm(gemv)               23084.87     45.16     14.28      2.00     0.59     13.1
       402 scatter_axpy             23144.31      0.36     15.04      2.50     0.00     11.4
       403 upload_i32               23159.71      7.36     50.56      1.90     0.00      0.0
       404 upload                   23217.63     50.48     17.92      2.40     0.00      0.0
       405 gather_rows              23286.03      0.36     24.88    120.60     0.00     11.4
       406 gemm(gemv)               23311.27      0.36     46.04      3.60     0.59   1638.4
       407 gemm(gemv)               23357.67     44.20      9.32      2.10     0.59     13.3
       408 silu_mul                 23411.19      0.36     14.76      2.20     0.00      0.0
       409 gemm(gemv)               23426.31      0.32     48.60      3.00     0.59   1843.2
       410 scatter_axpy             23475.23     42.04     10.44      2.20     0.00      0.1
       411 upload_i32               23527.71     56.92     19.36     61.30     0.00      0.0
       412 upload                   23603.99     61.76      4.16      2.50     0.00      0.0
       413 gather_rows              23669.91      0.44     17.80      3.20     0.00      9.3
       414 gemm(gemv)               23688.15      0.36     45.36     45.70     0.59   1638.4
       415 gemm(gemv)               23733.87     44.56     10.12      2.80     0.59     13.2
       416 silu_mul                 23788.55      1.94     13.20      2.90     0.00      0.0
       417 gemm(gemv)               23803.69     56.72     49.68      2.20     0.59     10.4
       418 scatter_axpy             23910.09      0.00    117.24      2.30     0.00      0.0
       419 upload_i32               24027.33      0.00     76.72      2.60     0.00      0.0
       420 upload                   24104.05      4.56     50.44     54.50     0.00      0.0
       421 gather_rows              24159.05     43.32     18.84      3.10     0.00      0.1
       422 gemm(gemv)               24221.21      0.32     17.40      3.30     0.59   1843.2
       423 gemm(gemv)               24238.93      0.36     46.92      2.30     0.59   1638.4
       424 silu_mul                 24286.21     42.00      7.84      2.00     0.00      0.0
       425 gemm(gemv)               24336.05      0.44     43.88     61.60     0.59   1340.5
       426 scatter_axpy             24380.37      0.36     54.40      2.50     0.00     11.4
       427 upload_i32               24435.13    206.68     37.82      2.70     0.00      0.0
       428 upload                   24679.63     17.28     23.48      3.40     0.00      0.0
       429 gather_rows              24720.39     44.80     14.12      2.40     0.00      0.1
       430 gemm(gemv)               24779.31      0.44     16.40      2.80     0.59   1340.5
       431 gemm(gemv)               24796.15      0.32     47.52     90.40     0.59   1843.2
       432 silu_mul                 24843.99     42.64      9.24      3.00     0.00      0.0
       433 gemm(gemv)               24895.87      0.44     19.28      2.60     0.59   1340.5
       434 scatter_axpy             24915.59      0.36     63.96      2.30     0.00     11.4
       435 upload_i32               24979.91     51.84      9.32      3.90     0.00      0.0
       436 upload                   25041.07     16.32     28.48      2.90     0.00      0.0
       437 gather_rows              25085.87     42.12     16.40      2.90     0.00      0.1
       438 gemm(gemv)               25144.39      0.44     15.24      2.30     0.59   1340.5
       439 gemm(gemv)               25160.07      0.36     47.72      2.60     0.59   1638.4
       440 silu_mul                 25208.15     41.48     10.12      2.70     0.00      0.0
       441 gemm(gemv)               25259.75      0.44     19.40      2.20     0.59   1340.5
       442 scatter_axpy             25279.59      0.36     44.76      2.30     0.00     11.4
       443 upload_i32               25324.71     53.24      6.64      2.20     0.00      0.0
       444 upload                   25384.59     17.16     27.64      3.30     0.00      0.0
       445 gather_rows              25429.39     20.48     15.12      2.00     0.00      0.2
       446 gemm(gemv)               25464.99     64.92      8.66      2.90     0.59      9.1
       447 gemm(gemv)               25538.57      0.00     13.76      2.20     0.59      0.0
       448 silu_mul                 25552.33      0.36     63.60      2.00     0.00      0.0
       449 gemm(gemv)               25616.29     44.40     10.56      2.00     0.59     13.3
       450 scatter_axpy             25671.25      0.00     14.12      1.70     0.00      0.0
       451 gemm(gemv)               25685.37      0.36     49.44      2.50     0.59   1638.4
       452 gemm(gemv)               25735.17     43.52      9.44      2.20     0.59     13.6
       453 silu_mul                 25788.13      1.22     14.92      2.10     0.00      0.0
       454 gemm(gemv)               25804.27      0.36     50.60      3.60     0.59   1638.4
       455 add_inplace              25855.23     42.28      8.20      2.60     0.00      0.0
       456 add_inplace              25905.71      0.36     16.32      2.20     0.00      0.0
       457 rmsnorm                  25922.39      0.36     48.24      2.30     0.00      0.0
       458 gemm_group               25970.99     86.44     13.58      3.30     0.00      0.0
       459 qk_norm                  26071.01      2.20      8.44      3.30     0.00      0.0
       460 rope                     26081.65      0.00     20.44      3.30     0.00      0.0
       461 kv_append                26102.09      0.32     49.48      2.60     0.00      0.0
       462 attention                26151.89     51.32     10.92      6.20     0.00      0.0
       463 gemm(gemv)               26214.13      8.48      1.44      2.80     0.07      8.7
       464 softplus_act             26224.05     62.04     23.74      2.20     0.00      0.0
       465 mul_head_bcast           26309.83      0.00     15.36      2.90     0.00      0.0
       466 gemm(gemv)               26325.19     25.16     43.40      2.30     9.44    375.1
       467 add_inplace              26393.75      0.00     12.96      2.00     0.00      0.0
       468 rmsnorm                  26406.71     19.24     42.60      2.60     0.00      0.0
       469 fill0                    26468.55     46.40     12.04      2.50     0.00      0.0
       470 gemm(gemv)               26526.99      7.46     17.76      2.80     1.05    140.6
       471 download_f32             26552.21     63.36     76.70     76.70     0.00      0.0
       472 upload_i32               26692.27     15.04      4.20      3.70     0.00      0.0
       473 upload                   26711.51      4.72     56.76      2.40     0.00      0.0
       474 gather_rows              26772.99     42.40     18.04      5.20     0.00      0.1
       475 gemm(gemv)               26833.43      7.48      2.64      2.80     0.59     78.9
       476 gemm(gemv)               26843.55     42.84     11.72      2.50     0.59     13.8
       477 silu_mul                 26898.11      6.20      2.60      2.10     0.00      0.0
       478 gemm(gemv)               26906.91     43.36     12.80      2.20     0.59     13.6
       479 scatter_axpy             26963.07      0.00     14.96      2.10     0.00      0.0
       480 upload_i32               26978.03      6.16     53.20      2.60     0.00      0.0
       481 upload                   27037.39      4.60     48.92      2.70     0.00      0.0
       482 gather_rows              27090.91      0.36     46.52      2.60     0.00     11.4
       483 gemm(gemv)               27137.79     43.08      9.84      2.70     0.59     13.7
       484 gemm(gemv)               27190.71      0.36     15.88      2.40     0.59   1638.4
       485 silu_mul                 27206.95      0.36     45.00      1.60     0.00      0.0
       486 gemm(gemv)               27252.31     43.88     10.88      3.30     0.59     13.4
       487 scatter_axpy             27307.07      0.36     14.96      2.20     0.00     11.4
       488 upload_i32               27322.39      4.72     50.88      1.90     0.00      0.0
       489 upload                   27377.99      4.88     50.12      3.00     0.00      0.0
       490 gather_rows              27432.99      0.36     46.72      1.50     0.00     11.4
       491 gemm(gemv)               27480.07     47.16      7.64      2.30     0.59     12.5
       492 gemm(gemv)               27534.87      1.20     14.16      2.50     0.59    491.5
       493 silu_mul                 27550.23      0.32     49.16      2.50     0.00      0.0
       494 gemm(gemv)               27599.71     45.72      9.00      2.40     0.59     12.9
       495 scatter_axpy             27654.43      0.00     13.88      2.30     0.00      0.0
       496 upload_i32               27668.31      4.64     51.32      2.50     0.00      0.0
       497 upload                   27724.27      6.12     55.92      2.40     0.00      0.0
       498 gather_rows              27786.31      0.32     44.92      2.40     0.00     12.8
       499 gemm(gemv)               27831.55     44.52      9.36      2.90     0.59     13.2
       500 gemm(gemv)               27885.43      0.36     16.56      2.30     0.59   1638.4
       501 silu_mul                 27902.35      0.32     44.92      2.10     0.00      0.0
       502 gemm(gemv)               27947.59     15.86     55.16      2.00     0.59     37.2
       503 scatter_axpy             28018.61      0.32     63.68      2.10     0.00     12.8
       504 upload_i32               28082.61     51.84      8.40      1.90     0.00      0.0
       505 upload                   28142.85     50.32     17.76      2.10     0.00      0.0
       506 gather_rows              28210.93     50.96      0.00      2.40     0.00      0.1
       507 gemm(gemv)               28261.89      0.00     16.68      2.90     0.59      0.0
       508 gemm(gemv)               28278.57     25.39     20.28      3.30     0.59     23.2
       509 silu_mul                 28324.24     73.07     13.52      1.80     0.00      0.0
       510 gemm(gemv)               28410.83      0.44     11.24      1.80     0.59   1340.5
       511 scatter_axpy             28422.51      2.00     13.96      2.10     0.00      2.0
       512 upload_i32               28438.47     45.91     24.99      3.30     0.00      0.0
       513 upload                   28509.37     18.92     64.30      2.40     0.00      0.0
       514 gather_rows              28592.59     24.10     17.97      1.90     0.00      0.2
       515 gemm(gemv)               28634.66     28.96     13.67      2.20     0.59     20.4
       516 gemm(gemv)               28677.29     46.50     11.58      2.30     0.59     12.7
       517 silu_mul                 28735.37     29.96      5.50      2.20     0.00      0.0
       518 gemm(gemv)               28770.83     46.40     30.24      3.00     0.59     12.7
       519 scatter_axpy             28847.47     22.42     49.64      2.00     0.00      0.2
       520 upload_i32               28919.53     55.92     18.11      2.60     0.00      0.0
       521 upload                   28993.56     54.44      0.61      3.00     0.00      0.0
       522 gather_rows              29048.61     48.08      8.46      2.40     0.00      0.1
       523 gemm(gemv)               29105.15      8.38     17.24      2.60     0.59     70.4
       524 gemm(gemv)               29130.77      0.36     63.40      2.30     0.59   1638.4
       525 silu_mul                 29194.53     44.72      9.68     50.00     0.00      0.0
       526 gemm(gemv)               29248.93      2.44     19.80      3.30     0.59    241.7
       527 scatter_axpy             29271.17      0.36     66.80      3.00     0.00     11.4
       528 upload_i32               29338.33     57.08      0.54      2.70     0.00      0.0
       529 upload                   29395.95     40.80     24.88      3.00     0.00      0.0
       530 gather_rows              29461.63      0.00     17.28      2.30     0.00      0.0
       531 gemm(gemv)               29478.91      0.36     47.48      2.50     0.59   1638.4
       532 gemm(gemv)               29526.75     44.80      7.06      2.30     0.59     13.2
       533 silu_mul                 29578.61      4.24     11.36      2.20     0.00      0.0
       534 gemm(gemv)               29594.21      0.56     52.88      2.50     0.59   1053.3
       535 scatter_axpy             29647.65     44.60      1.46      2.30     0.00      0.1
       536 gemm(gemv)               29693.71      1.76     13.44      2.30     0.59    335.1
       537 gemm(gemv)               29708.91      0.36     49.68      2.70     0.59   1638.4
       538 silu_mul                 29758.95     43.40      4.66      2.10     0.00      0.0
       539 gemm(gemv)               29807.01      0.44     15.16      2.50     0.59   1340.5
       540 add_inplace              29822.61      0.36     46.04      2.20     0.00      0.0
       541 add_inplace              29869.01     43.96      6.80      2.30     0.00      0.0
       542 rmsnorm                  29919.77      0.48     16.24      2.60     0.00      0.0
       543 gemm(gemv)               29936.49     25.76     41.16      2.30     9.44    366.4
       544 gemm(gemv)               30003.41      1.30     13.80      3.70     1.18    907.4
       545 gemm(gemv)               30018.51      0.36     54.56      2.70     1.72   4778.7
       546 qk_norm                  30073.43     49.04      6.48      3.70     0.00      0.0
       547 rope                     30128.95      0.92     14.64      2.70     0.00      0.0
       548 kv_append                30144.51      0.32     48.76      2.50     0.00      0.0
       549 attention                30193.59     54.08      6.22      5.90     0.00      0.0
       550 gemm(gemv)               30253.89      0.32      9.44      3.20     0.07    230.4
       551 softplus_act             30263.65     45.84     12.66      1.80     0.00      0.0
       552 mul_head_bcast           30322.15      0.36     16.16      1.90     0.00      0.0
       553 gemm(gemv)               30338.67     24.32     38.88      1.90     9.44    388.0
       554 add_inplace              30401.87      0.44     14.96      2.10     0.00      0.0
       555 rmsnorm                  30417.27      0.36     49.96      2.90     0.00      0.0
       556 fill0                    30467.59     43.88      6.32      2.30     0.00      0.0
       557 gemm(gemv)               30517.79     28.28     19.04      2.60     1.05     37.1
       558 download_f32             30565.11     62.76     80.60     79.50     0.00      0.0
       559 upload_i32               30708.47     18.60     17.04      4.20     0.00      0.0
       560 upload                   30744.11     59.24     17.72      2.90     0.00      0.0
       561 gather_rows              30821.07      0.00     17.72      4.50     0.00      0.0
       562 gemm(gemv)               30838.79      0.36     63.96      3.80     0.59   1638.4
       563 gemm(gemv)               30903.11    108.48     63.38      2.10     0.59      5.4
       564 silu_mul                 31074.97      0.48     27.20      2.00     0.00      0.0
       565 gemm(gemv)               31102.65      0.48     47.24      3.00     0.86   1792.0
       566 scatter_axpy             31150.37     45.36      0.00      2.30     0.00      0.1
       567 upload_i32               31195.73     24.20      3.04      2.10     0.00      0.0
       568 upload                   31222.97      4.44     57.24      2.70     0.00      0.0
       569 gather_rows              31284.65     12.00     46.72      2.20     0.00      0.3
       570 gemm(gemv)               31343.37     61.92     13.20      2.70     0.59      9.5
       571 gemm(gemv)               31418.49      5.36     33.72      2.50     0.59    110.0
       572 silu_mul                 31457.57    156.52     58.00      1.80     0.00      0.0
       573 gemm(gemv)               31672.09      0.26     19.72      2.50     0.86   3308.3
       574 scatter_axpy             31692.07     45.72     57.32      2.20     0.00      0.1
       575 upload_i32               31795.11     50.12      7.88      1.80     0.00      0.0
       576 upload                   31853.11     39.52     15.96      2.10     0.00      0.0
       577 gather_rows              31908.59     17.44     72.04      2.10     0.00      0.2
       578 gemm(gemv)               31998.07      0.36     93.80      3.80     0.59   1638.4
       579 gemm(gemv)               32092.23     28.68      0.00      2.70     0.59     20.6
       580 silu_mul                 32120.91     41.24     10.88      2.00     0.00      0.0
       581 gemm(gemv)               32173.03     16.56     13.44      2.60     0.86     51.9
       582 scatter_axpy             32203.03      0.36     77.80      2.60     0.00     11.4
       583 upload_i32               32281.19     54.12      0.00      1.90     0.00      0.0
       584 upload                   32335.31     24.88      4.20      1.90     0.00      0.0
       585 gather_rows              32364.39      0.36     47.84      2.60     0.00     11.4
       586 gemm(gemv)               32412.59     46.04      4.50      3.80     0.59     12.8
       587 gemm(gemv)               32463.13      8.44      1.28      2.90     0.59     69.9
       588 silu_mul                 32472.85     19.08     13.36      2.30     0.00      0.0
       589 gemm(gemv)               32505.29     44.76     14.40      2.50     0.86     19.2
       590 scatter_axpy             32564.45      0.36     10.44      2.10     0.00     11.4
       591 warm_read                32575.25     47.04     17.44    155.60     0.00      0.0
       592 warm_read                32639.73      1.36      4.20    161.90     0.00      0.0
       593 warm_read                32645.29      9.12     42.56    247.90     0.00      0.0
       594 upload_paged             32696.97     41.28     51.82    636.60     2.04     49.4
       595 upload_i32               32790.07     16.44     17.04      6.70     0.00      0.0
       596 upload                   32823.55     68.20     16.16      3.60     0.00      0.0
       597 gather_rows              32907.91      1.72     18.36      5.80     0.00      2.4
       598 gemm(gemv)               32927.99      0.36     51.92      4.70     0.59   1638.4
       599 gemm(gemv)               32980.27     43.88      0.32      2.80     0.59     13.4
       600 silu_mul                 33024.47      0.36     11.24      2.70     0.00      0.0
       601 gemm(gemv)               33036.07     51.32     15.12      3.70     0.86     16.8
       602 scatter_axpy             33102.51      0.32     11.00      2.30     0.00     12.8
       603 upload_i32               33113.83     15.76     30.00      2.70     0.00      0.0
       604 upload                   33159.59     57.40     14.84      2.70     0.00      0.0
       605 gather_rows              33231.83      0.00     18.52      2.90     0.00      0.0
       606 gemm(gemv)               33250.35      0.36     49.72      3.60     0.59   1638.4
       607 gemm(gemv)               33300.43     43.76      7.00      3.20     0.59     13.5
       608 silu_mul                 33351.19      0.00     12.20      2.30     0.00      0.0
       609 gemm(gemv)               33363.39      0.40     49.36      2.70     0.86   2150.4
       610 scatter_axpy             33413.15     42.92      2.94      2.20     0.00      0.1
       611 upload_i32               33459.01     45.00     15.68      2.80     0.00      0.0
       612 upload                   33519.69     41.68      4.12      3.60     0.00      0.0
       613 gather_rows              33565.49      0.36     65.64      3.10     0.00     11.4
       614 gemm(gemv)               33631.49     47.44      0.00      3.30     0.59     12.4
       615 gemm(gemv)               33678.93      0.32     10.44      2.50     0.59   1843.2
       616 silu_mul                 33689.69     59.36     16.60      3.10     0.00      0.0
       617 gemm(gemv)               33765.65      0.44     15.80      3.80     0.86   1954.9
       618 scatter_axpy             33781.89      0.36     45.00      2.40     0.00     11.4
       619 upload_i32               33827.25     50.56      0.00      3.20     0.00      0.0
       620 upload                   33877.81     56.72     21.36      3.10     0.00      0.0
       621 gather_rows              33955.89      0.58     13.48      3.00     0.00      7.1
       622 gemm(gemv)               33969.95      0.44     48.76      3.70     0.59   1340.5
       623 gemm(gemv)               34019.15     44.56      4.40      2.40     0.59     13.2
       624 silu_mul                 34068.11      0.36     10.56      2.40     0.00      0.0
       625 gemm(gemv)               34079.03     50.00     15.62      3.40     0.86     17.2
       626 scatter_axpy             34144.65      0.32     10.48      2.30     0.00     12.8
       627 gemm(gemv)               34155.45     61.28     13.60      3.30     0.59      9.6
       628 gemm(gemv)               34230.33      8.56      1.28      2.80     0.59     68.9
       629 silu_mul                 34240.17     40.96     12.84      2.40     0.00      0.0
       630 gemm(gemv)               34293.97      0.00     12.68      2.30     0.86      0.0
       631 add_inplace              34306.65      0.36     45.64      2.40     0.00      0.0
       632 add_inplace              34352.65     44.36      7.70      2.30     0.00      0.0
       633 rmsnorm                  34404.71      0.36     15.32      3.80     0.00      0.0
       634 gemm_group               34420.39     29.08     37.88      3.60     0.00      0.0
       635 qk_norm                  34487.35     14.52      2.64      5.00     0.00      0.0
       636 rope                     34504.51    156.52     20.34   2202.10     0.00      0.0
       637 kv_append                34681.37      0.00     13.72      3.20     0.00      0.0
       638 attention                34695.09      0.44     58.56      7.50     0.00      0.0
       639 gemm(gemv)               34754.09     42.00      2.60      3.90     0.06      1.3
       640 softplus_act             34798.69      0.48     18.64      3.00     0.00      0.0
       641 mul_head_bcast           34817.81      0.36     53.64      2.20     0.00      0.0
       642 gemm(gemv)               34871.81     58.52      9.52      3.60     7.08    120.9
       643 add_inplace              34939.85      0.36      8.36      2.60     0.00      0.0
       644 rmsnorm                  34948.57     50.88      9.22      2.30     0.00      0.0
       645 fill0                    35008.67      0.00     14.44      3.20     0.00      0.0
       646 gemm(gemv)               35023.11     49.22     49.48      2.60     1.05     21.3
       647 download_f32             35121.81     70.72     96.20     92.30     0.00      0.0
       648 upload_i32               35288.73     40.84     17.24      4.30     0.00      0.0
       649 upload                   35346.81     17.28     17.52      2.20     0.00      0.0
       650 gather_rows              35381.61     43.24     14.36      3.40     0.00      0.1
       651 gemm(gemv)               35439.21      0.00     12.16      3.30     0.59      0.0
       652 gemm(gemv)               35451.37      0.48     50.44      2.20     0.59   1228.8
       653 silu_mul                 35502.29     45.24      4.48      2.30     0.00      0.0
       654 gemm(gemv)               35552.01      0.00     14.56      2.20     0.59      0.0
       655 scatter_axpy             35566.57      0.56     47.20      2.30     0.00      7.3
       656 upload_i32               35614.33     52.76      7.24      2.30     0.00      0.0
       657 upload                   35674.33     27.08      4.24      2.10     0.00      0.0
       658 gather_rows              35705.65     62.48     22.32      1.70     0.00      0.1
       659 gemm(gemv)               35790.45      0.00     12.04      2.40     0.59      0.0
       660 gemm(gemv)               35802.49      0.44     51.52      2.40     0.59   1340.5
       661 silu_mul                 35854.45     45.08      3.54      2.70     0.00      0.0
       662 gemm(gemv)               35903.07      0.00     13.72      2.50     0.59      0.0
       663 scatter_axpy             35916.79      0.44     65.80      1.90     0.00      9.3
       664 upload_i32               35983.03     51.64     15.86      2.80     0.00      0.0
       665 upload                   36050.53     90.20      9.86      2.70     0.00      0.0
       666 gather_rows              36150.59      0.32     50.20      2.00     0.00     12.8
       667 gemm(gemv)               36201.11     43.36     11.32      2.50     0.59     13.6
       668 gemm(gemv)               36255.79     10.52      1.32      3.30     0.59     56.1
       669 silu_mul                 36267.63     41.12     11.72      2.00     0.00      0.0
       670 gemm(gemv)               36320.47      0.00     14.20      2.60     0.59      0.0
       671 scatter_axpy             36334.67      0.48     48.40      2.70     0.00      8.5
       672 upload_i32               36383.55     54.32      8.02      2.40     0.00      0.0
       673 upload                   36445.89     57.36     21.56      2.50     0.00      0.0
       674 gather_rows              36524.81      0.00     13.80      2.60     0.00      0.0
       675 gemm(gemv)               36538.61      0.36     46.92      3.40     0.59   1638.4
       676 gemm(gemv)               36585.89     46.04      6.82      2.60     0.59     12.8
       677 silu_mul                 36638.75      6.60      1.28      2.50     0.00      0.0
       678 gemm(gemv)               36646.63     43.24     14.44      2.60     0.59     13.6
       679 scatter_axpy             36704.31      0.36     10.44      1.70     0.00     11.4
       680 upload_i32               36715.11     55.04     13.90      2.50     0.00      0.0
       681 upload                   36784.05     31.70      4.16      2.60     0.00      0.0
       682 gather_rows              36819.91      0.36     66.32      2.00     0.00     11.4
       683 gemm(gemv)               36886.59     44.84      0.00      3.40     0.59     13.2
       684 gemm(gemv)               36931.43     11.08     15.08      2.30     0.59     53.2
       685 silu_mul                 36957.59      0.36     63.64      2.00     0.00      0.0
       686 gemm(gemv)               37021.59     47.00      0.00      3.00     0.59     12.5
       687 scatter_axpy             37068.59      0.36     11.16      2.00     0.00     11.4
       688 upload_i32               37080.11     67.48     15.78      2.60     0.00      0.0
       689 upload                   37163.37     28.48      4.24      2.60     0.00      0.0
       690 gather_rows              37196.09      0.36     65.28      2.70     0.00     11.4
       691 gemm(gemv)               37261.73     45.60      0.00      2.40     0.59     12.9
       692 gemm(gemv)               37307.33      7.80      1.28      2.70     0.59     75.6
       693 silu_mul                 37316.41     18.32     13.28      2.60     0.00      0.0
       694 gemm(gemv)               37348.01     44.40     14.12      3.00     0.59     13.3
       695 scatter_axpy             37406.53      0.32     10.52      2.00     0.00     12.8
       696 upload_i32               37417.37     70.64     17.46      2.40     0.00      0.0
       697 upload                   37505.47     26.22      4.24      2.70     0.00      0.0
       698 gather_rows              37535.93      0.36     66.36      2.00     0.00     11.4
       699 gemm(gemv)               37602.65     45.40      0.00      3.40     0.59     13.0
       700 gemm(gemv)               37648.05      8.72      1.28      2.00     0.59     67.6
       701 silu_mul                 37658.05     18.76     12.64      2.70     0.00      0.0
       702 gemm(gemv)               37689.45     43.08     14.24      2.30     0.59     13.7
       703 scatter_axpy             37746.77      0.36     10.60      2.20     0.00     11.4
       704 upload_i32               37757.73     54.80     15.42     55.80     0.00      0.0
       705 upload                   37827.95     57.28     21.48      2.70     0.00      0.0
       706 gather_rows              37906.71      9.80      4.20      2.70     0.00      0.4
       707 gemm(gemv)               37920.71     43.48     13.16      2.90     0.59     13.6
       708 gemm(gemv)               37977.35    115.84      9.16      2.70     0.59      5.1
       709 silu_mul                 38102.35     14.24    159.44      2.30     0.00      0.0
       710 gemm(gemv)               38276.03     48.12      0.00      2.30     0.59     12.3
       711 scatter_axpy             38324.15      0.36     10.88      2.40     0.00     11.4
       712 gemm(gemv)               38335.39     49.24     12.94      2.50     0.59     12.0
       713 gemm(gemv)               38397.57      7.80      1.32      2.00     0.59     75.6
       714 silu_mul                 38406.69     19.08     13.20      2.20     0.00      0.0
       715 gemm(gemv)               38438.97     10.40     44.04      2.70     0.59     56.7
       716 add_inplace              38493.41      0.48     28.00      2.30     0.00      0.0
       717 add_inplace              38521.89      3.08     43.96      2.20     0.00      0.0
       718 rmsnorm                  38568.93    166.30     29.60      2.90     0.00      0.0
       719 gemm_group               38764.83     33.36    164.84      3.00     0.00      0.0
       720 qk_norm                  38963.03     11.76      2.52      4.30     0.00      0.0
       721 rope                     38977.31    137.20      0.00   3331.50     0.00      0.0
       722 kv_append                39114.51      0.00     12.64      3.40     0.00      0.0
       723 attention                39127.15      0.44     56.80      5.70     0.00      0.0
       724 gemm(gemv)               39184.39      0.32     22.60      2.60     0.07    230.4
       725 softplus_act             39207.31      0.36     52.72      1.60     0.00      0.0
       726 mul_head_bcast           39260.39     43.00      9.52      2.30     0.00      0.0
       727 gemm(gemv)               39312.91     30.96      3.60      2.50     9.44    304.8
       728 add_inplace              39347.47      8.34     20.44      1.90     0.00      0.0
       729 rmsnorm                  39376.25      0.36     65.12      2.20     0.00      0.0
       730 fill0                    39441.73     43.76      6.28      2.10     0.00      0.0
       731 gemm(gemv)               39491.77      0.00     18.72      2.60     1.05      0.0
       732 download_f32             39510.49     58.16     63.90     63.70     0.00      0.0
       733 upload_i32               39632.55     17.72     16.96      3.20     0.00      0.0
       734 upload                   39667.23     29.14     15.72      2.40     0.00      0.0
       735 gather_rows              39712.09     20.08     31.44      3.50     0.00      0.2
       736 gemm(gemv)               39763.61     25.84      4.48      3.50     0.59     22.8
       737 gemm(gemv)               39793.93     66.36     23.96      2.90     0.59      8.9
       738 silu_mul                 39884.25      0.00     13.84      2.20     0.00      0.0
       739 gemm(gemv)               39898.09      0.44     54.00      2.10     0.59   1340.5
       740 scatter_axpy             39952.53     44.16      7.12      2.20     0.00      0.1
       741 upload_i32               40003.81     17.00     18.36      2.10     0.00      0.0
       742 upload                   40039.17     32.28     17.44      2.00     0.00      0.0
       743 gather_rows              40088.89     21.20     22.76      2.10     0.00      0.2
       744 gemm(gemv)               40132.85     44.92     13.76      2.90     0.59     13.1
       745 gemm(gemv)               40191.53      0.00     15.92      2.60     0.59      0.0
       746 silu_mul                 40207.45     41.16     21.36      1.80     0.00      0.0
       747 gemm(gemv)               40269.97      0.44     16.00      2.50     0.59   1340.5
       748 scatter_axpy             40286.41      0.36     47.16      1.90     0.00     11.4
       749 upload_i32               40333.93     51.16      8.56      2.20     0.00      0.0
       750 upload                   40393.65     18.16     27.64      2.50     0.00      0.0
       751 gather_rows              40439.45     42.44     16.40      2.20     0.00      0.1
       752 gemm(gemv)               40498.29      0.96     14.20      2.30     0.59    614.4
       753 gemm(gemv)               40513.45      0.36     49.20      2.40     0.59   1638.4
       754 silu_mul                 40563.01     41.88      7.56      1.90     0.00      0.0
       755 gemm(gemv)               40612.45      0.44     21.52      3.40     0.59   1340.5
       756 scatter_axpy             40634.41      0.36     57.40      2.30     0.00     11.4
       757 upload_i32               40692.17     49.92      9.64      2.10     0.00      0.0
       758 upload                   40751.73     39.22      4.20      2.70     0.00      0.0
       759 gather_rows              40795.15      0.36     67.52      2.40     0.00     11.4
       760 gemm(gemv)               40863.03     46.84      0.00      3.50     0.59     12.6
       761 gemm(gemv)               40909.87     10.32      1.32      2.60     0.59     57.2
       762 silu_mul                 40921.51     18.56     11.56      2.10     0.00      0.0
       763 gemm(gemv)               40951.63     43.36     14.24      2.60     0.59     13.6
       764 scatter_axpy             41009.23      0.36     10.60      3.00     0.00     11.4
       765 upload_i32               41020.19     70.16     18.44      2.50     0.00      0.0
       766 upload                   41108.79     18.94      4.20      2.70     0.00      0.0
       767 gather_rows              41131.93      0.32     47.80      2.10     0.00     12.8
       768 gemm(gemv)               41180.05     45.28      4.88      2.80     0.59     13.0
       769 gemm(gemv)               41230.21      0.36     12.32      3.00     0.59   1638.4
       770 silu_mul                 41242.89     60.68     16.94      2.00     0.00      0.0
       771 gemm(gemv)               41320.51      0.00     14.44      2.20     0.59      0.0
       772 scatter_axpy             41334.95      0.32     46.96      2.40     0.00     12.8
       773 upload_i32               41382.23     56.72     23.76      2.30     0.00      0.0
       774 upload                   41462.71     17.60     17.40      2.60     0.00      0.0
       775 gather_rows              41497.71     50.56     16.96      1.90     0.00      0.1
       776 gemm(gemv)               41565.23      1.28     12.24      2.60     0.59    460.8
       777 gemm(gemv)               41578.75      0.36     47.60      2.30     0.59   1638.4
       778 silu_mul                 41626.71     41.40      4.94      1.80     0.00      0.0
       779 gemm(gemv)               41673.05      2.32     13.88      2.60     0.59    254.2
       780 scatter_axpy             41689.25      0.44     48.68      1.70     0.00      9.3
       781 upload_i32               41738.37     50.96     10.18      2.60     0.00      0.0
       782 upload                   41799.51     53.88      4.24      2.10     0.00      0.0
       783 gather_rows              41857.63     13.80      4.16      2.00     0.00      0.3
       784 gemm(gemv)               41875.59     20.84     13.96      3.20     0.59     28.3
       785 gemm(gemv)               41910.39     44.64     12.88      2.10     0.59     13.2
       786 silu_mul                 41967.91      0.32      8.80      1.90     0.00      0.0
       787 gemm(gemv)               41977.03     46.80      8.02      2.20     0.59     12.6
       788 scatter_axpy             42031.85      0.36     10.68      2.20     0.00     11.4
       789 upload_i32               42042.89     50.44      9.46      2.70     0.00      0.0
       790 upload                   42102.79     56.60     22.84      2.40     0.00      0.0
       791 gather_rows              42182.23      0.44     13.68      2.10     0.00      9.3
       792 gemm(gemv)               42196.35      0.36     47.28      2.90     0.59   1638.4
       793 gemm(gemv)               42243.99     43.88      5.76      2.60     0.59     13.4
       794 silu_mul                 42293.63     49.46     10.76      1.80     0.00      0.0
       795 gemm(gemv)               42353.85      8.00     89.20      2.70     0.59     73.7
       796 scatter_axpy             42451.05     42.36     13.84      2.40     0.00      0.1
       797 gemm(gemv)               42507.25      0.00     16.16      2.80     0.59      0.0
       798 gemm(gemv)               42523.41      0.32     46.16      2.30     0.59   1843.2
       799 silu_mul                 42569.89     44.72      8.62      2.20     0.00      0.0
       800 gemm(gemv)               42623.23      0.44     14.36      2.20     0.59   1340.5
       801 add_inplace              42638.03     73.48     17.48      2.70     0.00      0.0
       802 add_inplace              42728.99      0.00      9.48      1.70     0.00      0.0
       803 rmsnorm                  42738.47      0.44     53.08      2.40     0.00      0.0
       804 gemm(gemv)               42791.99     63.64      0.00      2.50     9.44    148.3
       805 gemm(gemv)               42855.63      0.36     11.76      2.50     1.18   3276.8
       806 gemm(gemv)               42867.75     16.80      1.40      2.60     1.72    102.4
       807 qk_norm                  42885.95     64.80     20.74      3.40     0.00      0.0
       808 rope                     42971.49      0.32     12.20      3.90     0.00      0.0
       809 kv_append                42984.01     59.76      4.98      2.20     0.00      0.0
       810 attention                43048.75     20.96      2.56      4.90     0.00      0.0
       811 gemm(gemv)               43072.27     47.40      7.92      2.40     0.07      1.6
       812 softplus_act             43127.59      9.68      2.48      2.80     0.00      0.0
       813 mul_head_bcast           43139.75     43.56     11.94      2.40     0.00      0.0
       814 gemm(gemv)               43195.25     31.88      3.76      3.30     9.44    296.0
       815 add_inplace              43230.89     65.84     23.50      2.20     0.00      0.0
       816 rmsnorm                  43320.23      0.00     15.52      2.30     0.00      0.0
       817 fill0                    43335.75      7.16     50.44      2.20     0.00      0.0
       818 gemm(gemv)               43393.35     71.10     35.80      2.70     1.05     14.7
       819 download_f32             43500.25     42.80     89.90     89.60     0.00      0.0
       820 upload_i32               43632.95      0.00     71.20      4.20     0.00      0.0
       821 upload                   43704.15      4.68     48.76      2.40     0.00      0.0
       822 gather_rows              43757.59      0.32     47.00      4.40     0.00     12.8
       823 gemm(gemv)               43804.91      0.36     62.88      3.60     0.59   1638.4
       824 gemm(gemv)               43868.15     44.80      9.00      2.70     0.59     13.2
       825 silu_mul                 43921.95      3.28     10.32      2.80     0.00      0.0
       826 gemm(gemv)               43935.55      0.44     52.40      2.70     0.86   1954.9
       827 scatter_axpy             43988.39     47.20      2.96      2.10     0.00      0.1
       828 upload_i32               44038.55      8.16     15.44      2.50     0.00      0.0
       829 upload                   44062.15      5.96     55.32      2.40     0.00      0.0
       830 gather_rows              44123.43      0.36     45.08      2.80     0.00     11.4
       831 gemm(gemv)               44168.87     43.84      7.40      2.60     0.59     13.5
       832 gemm(gemv)               44220.11      7.86     18.28      2.60     0.59     75.0
       833 silu_mul                 44246.25      0.32     64.08     46.40     0.00      0.0
       834 gemm(gemv)               44310.65     48.20      0.00      2.50     0.86     17.8
       835 scatter_axpy             44358.85      0.36     10.52      2.30     0.00     11.4
       836 warm_read                44369.73     48.00     16.02    136.40     0.00      0.0
       837 warm_read                44433.75      0.14      4.16    152.30     0.00      0.0
       838 warm_read                44438.05     11.04     44.08    220.30     0.00      0.0
       839 upload_paged             44493.17    511.84     82.18    566.20     2.04      4.0
       840 upload_i32               45087.19     27.74      4.12      5.80     0.00      0.0
       841 upload                   45119.05      4.64     67.60      2.80     0.00      0.0
       842 gather_rows              45191.29    102.80     48.76      4.40     0.00      0.0
       843 gemm(gemv)               45342.85      0.36    111.56      3.50     0.59   1638.4
       844 gemm(gemv)               45454.77     48.28      0.00      2.30     0.59     12.2
       845 silu_mul                 45503.05      0.00     14.28      2.10     0.00      0.0
       846 gemm(gemv)               45517.33      0.32     53.32      2.60     0.86   2688.0
       847 scatter_axpy             45570.97     68.12     19.36      1.90     0.00      0.1
       848 upload_i32               45658.45     41.56     18.20      2.50     0.00      0.0
       849 upload                   45718.21     53.88      0.00      2.80     0.00      0.0
       850 gather_rows              45772.09     44.84     21.52      1.90     0.00      0.1
       851 gemm(gemv)               45838.45    179.20     13.28      3.00     0.59      3.3
       852 gemm(gemv)               46030.93      0.44     19.32      2.30     0.59   1340.5
       853 silu_mul                 46050.69      0.36     44.88      1.90     0.00      0.0
       854 gemm(gemv)               46095.93     64.56      0.00      2.50     0.86     13.3
       855 scatter_axpy             46160.49      0.36     14.52      2.00     0.00     11.4
       856 upload_i32               46175.37     57.44      8.86      2.00     0.00      0.0
       857 upload                   46241.67     16.16     28.76      2.50     0.00      0.0
       858 gather_rows              46286.59     42.04     17.36      2.30     0.00      0.1
       859 gemm(gemv)               46345.99      0.44     15.36      2.90     0.59   1340.5
       860 gemm(gemv)               46361.79      0.32     47.72      2.20     0.59   1843.2
       861 silu_mul                 46409.83     42.80      8.80      1.70     0.00      0.0
       862 gemm(gemv)               46461.43     17.40      3.56      3.00     0.86     49.4
       863 scatter_axpy             46482.39     59.96     15.64      2.20     0.00      0.1
       864 upload_i32               46557.99     18.60     19.24      2.00     0.00      0.0
       865 upload                   46595.83     40.98     17.32      2.30     0.00      0.0
       866 gather_rows              46654.13      0.36     64.48      2.60     0.00     11.4
       867 gemm(gemv)               46718.97     47.68      9.00      2.80     0.59     12.4
       868 gemm(gemv)               46775.65      1.94     15.44      2.10     0.59    304.0
       869 silu_mul                 46793.03      0.36     70.96      2.80     0.00      0.0
       870 gemm(gemv)               46864.35     47.04     10.16      2.30     0.86     18.3
       871 scatter_axpy             46921.55      0.00     13.56      2.00     0.00      0.0
       872 upload_i32               46935.11      7.68     61.52      2.40     0.00      0.0
       873 upload                   47004.31     49.92     17.32      2.10     0.00      0.0
       874 gather_rows              47071.55      0.36     24.80      2.10     0.00     11.4
       875 gemm(gemv)               47096.71      0.32     46.64      2.60     0.59   1843.2
       876 gemm(gemv)               47143.67     59.60     11.96      2.80     0.59      9.9
       877 silu_mul                 47215.23      4.52     13.96      1.90     0.00      0.0
       878 gemm(gemv)               47233.71      0.36     55.88      1.90     0.86   2389.3
       879 scatter_axpy             47289.95     43.40      5.88      2.60     0.00      0.1
       880 upload_i32               47339.23     46.60     19.36      2.70     0.00      0.0
       881 upload                   47405.19     60.44      4.44     48.70     0.00      0.0
       882 gather_rows              47470.07      0.48     18.44      2.80     0.00      8.5
       883 gemm(gemv)               47488.99      0.36     45.12      2.70     0.59   1638.4
       884 gemm(gemv)               47534.47     43.36     10.20      2.10     0.59     13.6
       885 silu_mul                 47588.03      0.00     13.92      1.80     0.00      0.0
       886 gemm(gemv)               47601.95      0.44     51.52      2.50     0.86   1954.9
       887 scatter_axpy             47653.91     65.92     20.64      2.20     0.00      0.1
       888 gemm(gemv)               47740.47      0.00     15.32      3.30     0.59      0.0
       889 gemm(gemv)               47755.79      0.36     48.36      2.80     0.59   1638.4
       890 silu_mul                 47804.51     42.04      8.32      2.40     0.00      0.0
       891 gemm(gemv)               47854.87     17.48      4.16      2.20     0.86     49.2
       892 add_inplace              47876.51     40.68     14.76      2.20     0.00      0.0
       893 add_inplace              47931.95      0.36     15.44      2.00     0.00      0.0
       894 rmsnorm                  47947.75      0.36     49.84      2.50     0.00      0.0
       895 gemm_group               47997.95     70.20      8.00      2.70     0.00      0.0
       896 qk_norm                  48076.15      0.32     10.64      3.30     0.00      0.0
       897 rope                     48087.11      0.36     15.04      3.40     0.00      0.0
       898 kv_append                48102.51      0.32     52.60      2.50     0.00      0.0
       899 attention                48155.43     50.56     12.24      6.90     0.00      0.0
       900 gemm(gemv)               48218.23      0.36      9.56      2.70     0.07    204.8
       901 softplus_act             48228.15     45.76     11.48      2.60     0.00      0.0
       902 mul_head_bcast           48285.39      0.48     16.20      2.40     0.00      0.0
       903 gemm(gemv)               48302.07     24.52     39.44      2.60     9.44    384.9
       904 add_inplace              48366.03      1.76     12.40      2.50     0.00      0.0
       905 rmsnorm                  48380.19      0.36     51.08      2.30     0.00      0.0
       906 fill0                    48431.63     45.20      6.24      2.70     0.00      0.0
       907 gemm(gemv)               48483.07     23.26     18.96      3.10     1.05     45.1
       908 download_f32             48525.29     62.60     78.80     78.10     0.00      0.0
       909 upload_i32               48666.69     18.56     16.92      3.60     0.00      0.0
       910 upload                   48702.17     68.72     16.44      2.10     0.00      0.0
       911 gather_rows              48787.33      0.00     20.64      4.80     0.00      0.0
       912 gemm(gemv)               48807.97      0.32     48.48      3.30     0.59   1843.2
       913 gemm(gemv)               48856.77     44.44      4.90      2.60     0.59     13.3
       914 silu_mul                 48906.11      0.36     11.16      2.20     0.00      0.0
       915 gemm(gemv)               48917.63     48.92     16.24      2.50     0.59     12.1
       916 scatter_axpy             48982.79      6.60      4.52      2.60     0.00      0.6
       917 upload_i32               48993.91     58.04     17.16      2.60     0.00      0.0
       918 upload                   49069.11     58.68     20.72      2.50     0.00      0.0
       919 gather_rows              49148.51      0.48     15.68      2.00     0.00      8.5
       920 gemm(gemv)               49164.67      0.36     45.84      3.80     0.59   1638.4
       921 gemm(gemv)               49210.87     50.64      3.60      3.20     0.59     11.6
       922 silu_mul                 49265.11      2.04     19.72      2.00     0.00      0.0
       923 gemm(gemv)               49286.87    337.25     68.20      2.50     0.59      1.7
       924 scatter_axpy             49692.32     65.77     29.45      2.00     0.00      0.1
       925 upload_i32               49787.54     60.85     81.41      2.30     0.00      0.0
       926 upload                   49929.80     94.20     37.67      3.00     0.00      0.0
       927 gather_rows              50061.67     54.41     54.24      2.60     0.00      0.1
       928 gemm(gemv)               50170.32     83.53     40.55      3.10     0.59      7.1
       929 gemm(gemv)               50294.40     32.72     33.55      2.90     0.59     18.0
       930 silu_mul                 50360.67      0.48    152.19      1.80     0.00      0.0
       931 gemm(gemv)               50513.34      0.00    105.80      2.50     0.59      0.0
       932 scatter_axpy             50619.14      0.36     91.32      2.80     0.00     11.4
       933 warm_read                50710.82      4.08     72.56    157.30     0.00      0.0
       934 warm_read                50787.46     50.28     75.44    139.20     0.00      0.0
       935 warm_read                50913.18     80.00      8.76    134.10     0.00      0.0
       936 upload_paged             51001.94     37.24      4.16    471.10     1.77     47.5
       937 upload_i32               51043.34      8.20     79.88      7.40     0.00      0.0
       938 upload                   51131.42      4.60     50.32      3.20     0.00      0.0
       939 gather_rows              51186.34      0.36     46.44      5.80     0.00     11.4
       940 gemm(gemv)               51233.14     45.96      7.20      4.10     0.59     12.8
       941 gemm(gemv)               51286.30      2.10     12.04      3.10     0.59    280.9
       942 silu_mul                 51300.44      0.36     52.40      3.10     0.00      0.0
       943 gemm(gemv)               51353.20     45.16      0.04      3.10     0.59     13.1
       944 scatter_axpy             51398.40      6.76      4.04      2.70     0.00      0.6
       945 upload_i32               51409.20     54.36     16.64      2.70     0.00      0.0
       946 upload                   51480.20     59.96     21.88      2.30     0.00      0.0
       947 gather_rows              51562.04      0.00     14.20      2.80     0.00      0.0
       948 gemm(gemv)               51576.24      0.36     47.36      4.80     0.59   1638.4
       949 gemm(gemv)               51623.96     44.56      6.38      3.40     0.59     13.2
       950 silu_mul                 51674.90      3.34     10.20      2.50     0.00      0.0
       951 gemm(gemv)               51688.44      0.44     50.72      2.90     0.59   1340.5
       952 scatter_axpy             51739.60     45.84      2.94      2.70     0.00      0.1
       953 upload_i32               51788.38     23.12      2.64      2.70     0.00      0.0
       954 upload                   51814.14      4.68     54.36      3.10     0.00      0.0
       955 gather_rows              51873.18      0.36     48.08      2.30     0.00     11.4
       956 gemm(gemv)               51921.62     44.32      0.00      3.50     0.59     13.3
       957 gemm(gemv)               51965.94     10.68      1.28      2.60     0.59     55.2
       958 silu_mul                 51977.90     45.28     14.22      2.50     0.00      0.0
       959 gemm(gemv)               52037.40      0.48     15.84      2.50     0.59   1228.8
       960 scatter_axpy             52053.72     42.40     18.00      2.50     0.00      0.1
       961 upload_i32               52114.12     23.12      2.64      2.80     0.00      0.0
       962 upload                   52139.88     40.14     15.60      2.20     0.00      0.0
       963 gather_rows              52195.62      0.32     66.00      2.30     0.00     12.8
       964 gemm(gemv)               52261.94     46.36      0.00      2.80     0.59     12.7
       965 gemm(gemv)               52308.30    112.28     11.56      2.70     0.59      5.3
       966 silu_mul                 52432.14     14.20    153.12      2.30     0.00      0.0
       967 gemm(gemv)               52599.46     20.52     13.16      2.60     0.59     28.7
       968 scatter_axpy             52633.14     43.44      0.00      3.40     0.00      0.1
       969 upload_i32               52676.58     20.48      2.24      3.40     0.00      0.0
       970 upload                   52699.30     50.28     16.36      2.70     0.00      0.0
       971 gather_rows              52765.94     10.84      4.20      2.20     0.00      0.4
       972 gemm(gemv)               52780.98     73.64     26.56      3.10     0.59      8.0
       973 gemm(gemv)               52881.18      0.00     21.24      2.70     0.59      0.0
       974 silu_mul                 52902.42     48.32     46.04      2.80     0.00      0.0
       975 gemm(gemv)               52996.78     46.96      4.94      2.80     0.59     12.6
       976 scatter_axpy             53048.68    163.88      4.52      2.60     0.00      0.0
       977 gemm(gemv)               53217.08      0.60     18.64      3.50     0.59    983.0
       978 gemm(gemv)               53236.32      0.44     49.72     63.50     0.59   1340.5
       979 silu_mul                 53286.48     43.24      3.64      3.20     0.00      0.0
       980 gemm(gemv)               53333.36      0.32     14.88      2.90     0.59   1843.2
       981 add_inplace              53348.56      0.36     44.52      2.50     0.00      0.0
       982 add_inplace              53393.44     43.72      6.48      2.20     0.00      0.0
       983 rmsnorm                  53443.64      0.32     15.20      3.40     0.00      0.0
       984 gemm_group               53459.16     29.84     37.72      3.10     0.00      0.0
       985 qk_norm                  53526.72     14.16      2.56      3.90     0.00      0.0
       986 rope                     53543.44    158.16     21.18   3679.70     0.00      0.0
       987 kv_append                53722.78      0.00     15.28      3.40     0.00      0.0
       988 attention                53738.06      0.48     57.00      7.80     0.00      0.0
       989 gemm(gemv)               53795.54     41.96      3.64      3.40     0.06      1.3
       990 softplus_act             53841.14      0.44     16.28      2.10     0.00      0.0
       991 mul_head_bcast           53857.86      0.36     45.56      3.00     0.00      0.0
       992 gemm(gemv)               53903.78     56.20     11.76      2.90     7.08    125.9
       993 add_inplace              53971.74      0.36      8.28      1.70     0.00      0.0
       994 rmsnorm                  53980.38     50.80     10.58      3.20     0.00      0.0
       995 fill0                    54041.76     10.08     15.32      2.60     0.00      0.0
       996 gemm(gemv)               54067.16      0.80     73.20      3.10     1.05   1310.7
       997 download_f32             54141.16     62.88     75.70     75.40     0.00      0.0
       998 upload_i32               54279.74     21.04      4.12      3.80     0.00      0.0
       999 upload                   54304.90     50.08     16.16      2.50     0.00      0.0
      1000 gather_rows              54371.14     11.72      4.20      3.40     0.00      0.3
      1001 gemm(gemv)               54387.06     60.72     13.48      4.00     0.59      9.7
      1002 gemm(gemv)               54461.26      0.00     12.40      2.60     0.59      0.0
      1003 silu_mul                 54473.66      0.36     47.56      2.60     0.00      0.0
      1004 gemm(gemv)               54521.58     47.16      6.08      2.00     0.59     12.5
      1005 scatter_axpy             54574.82      6.76      4.56      2.20     0.00      0.6
      1006 upload_i32               54586.14     52.84     12.72      2.40     0.00      0.0
      1007 upload                   54651.70     34.84      4.12      1.80     0.00      0.0
      1008 gather_rows              54690.66      0.36     63.08      2.00     0.00     11.4
      1009 gemm(gemv)               54754.10     46.72      0.00      2.30     0.59     12.6
      1010 gemm(gemv)               54800.82      0.36     11.44      2.30     0.59   1638.4
      1011 silu_mul                 54812.62     47.44     13.48      1.60     0.00      0.0
      1012 gemm(gemv)               54873.54      0.44     13.96      2.90     0.59   1340.5
      1013 scatter_axpy             54887.94     45.08      5.96      2.20     0.00      0.1
      1014 upload_i32               54938.98     43.70      1.32      2.80     0.00      0.0
      1015 upload                   54984.00     70.30     58.00      1.90     0.00      0.0
      1016 gather_rows              55112.30    255.40     68.70      2.30     0.00      0.0
      1017 gemm(gemv)               55436.40     13.72     44.64      3.50     0.59     43.0
      1018 gemm(gemv)               55494.76     47.48      0.00      2.50     0.59     12.4
      1019 silu_mul                 55542.24      1.56     10.36      2.60     0.00      0.0
      1020 gemm(gemv)               55554.16      0.36     50.68      2.60     0.59   1638.4
      1021 scatter_axpy             55605.20     45.76      2.16      2.60     0.00      0.1
      1022 upload_i32               55653.12     19.28     14.96      2.80     0.00      0.0
      1023 upload                   55687.36     67.76     16.44      2.50     0.00      0.0
      1024 gather_rows              55771.56      1.62     20.08      2.30     0.00      2.5
      1025 gemm(gemv)               55793.26      0.36     49.64      2.50     0.59   1638.4
      1026 gemm(gemv)               55843.26     46.60      3.50      2.50     0.59     12.7
      1027 silu_mul                 55893.36      0.36      8.76      2.20     0.00      0.0
      1028 gemm(gemv)               55902.48     63.76     21.38      2.60     0.59      9.3
      1029 scatter_axpy             55987.62      0.32     10.96      2.40     0.00     12.8
      1030 warm_read                55998.90     15.04      9.64    184.50     0.00      0.0
      1031 warm_read                56023.58     47.40     14.92    184.60     0.00      0.0
      1032 warm_read                56085.90      0.00      4.20    153.70     0.00      0.0
      1033 upload_paged             56090.10     14.60     20.72    574.10     1.77    121.2
      1034 upload_i32               56125.42     32.34     16.24      6.10     0.00      0.0
      1035 upload                   56174.00      4.92     50.00      2.90     0.00      0.0
      1036 gather_rows              56228.92      0.32     47.68     59.90     0.00     12.8
      1037 gemm(gemv)               56276.92     45.96      7.88      3.80     0.59     12.8
      1038 gemm(gemv)               56330.76      6.94     11.60      2.70     0.59     85.0
      1039 silu_mul                 56349.30      0.36     53.00      2.70     0.00      0.0
      1040 gemm(gemv)               56402.66     49.72      2.54      3.00     0.59     11.9
      1041 scatter_axpy             56454.92      6.68      4.12     44.10     0.00      0.6
      1042 upload_i32               56465.72     55.16     12.88      3.50     0.00      0.0
      1043 upload                   56533.76    118.88     48.44      1.70     0.00      0.0
      1044 gather_rows              56701.08     44.08      0.00      2.80     0.00      0.1
      1045 gemm(gemv)               56745.16     60.84      2.48     46.00     0.59      9.7
      1046 gemm(gemv)               56808.48      2.34     17.16      3.10     0.59    252.1
      1047 silu_mul                 56827.98      0.36     46.20      2.30     0.00      0.0
      1048 gemm(gemv)               56874.54     51.04     11.24      2.50     0.59     11.6
      1049 scatter_axpy             56936.82     17.24      6.36      2.40     0.00      0.2
      1050 upload_i32               56960.42     50.40     14.44     93.30     0.00      0.0
      1051 upload                   57025.26     79.00     22.22      3.20     0.00      0.0
      1052 gather_rows              57126.48     19.76      4.20      3.10     0.00      0.2
      1053 gemm(gemv)               57150.44      7.52     43.40      4.00     0.59     78.4
      1054 gemm(gemv)               57201.36     46.40      0.00      2.50     0.59     12.7
      1055 silu_mul                 57247.76      2.44     11.36      2.20     0.00      0.0
      1056 gemm(gemv)               57261.56      0.44     51.60      4.00     0.59   1340.5
      1057 scatter_axpy             57313.60     43.76      1.26      1.80     0.00      0.1
      1058 upload_i32               57358.62      8.32     15.52     60.20     0.00      0.0
      1059 upload                   57382.46     11.74     48.96      3.00     0.00      0.0
      1060 gather_rows              57443.16     63.20     59.90      2.90     0.00      0.1
      1061 gemm(gemv)               57566.26      0.00     13.48    383.70     0.59      0.0
      1062 gemm(gemv)               57579.74      0.48     50.72      3.80     0.59   1228.8
      1063 silu_mul                 57630.94     59.08     10.20      3.60     0.00      0.0
      1064 gemm(gemv)               57700.22     11.60      3.56      2.70     0.59     50.8
      1065 scatter_axpy             57715.38     12.12     41.56      3.20     0.00      0.3
      1066 gemm(gemv)               57769.06     46.76      6.98      2.80     0.59     12.6
      1067 gemm(gemv)               57822.80      0.36     17.48      2.10     0.59   1638.4
      1068 silu_mul                 57840.64      0.32     43.28      2.20     0.00      0.0
      1069 gemm(gemv)               57884.24     47.60      6.10      2.40     0.59     12.4
      1070 add_inplace              57937.94      0.32     10.00      2.10     0.00      0.0
      1071 add_inplace              57948.26     41.00     12.80      2.80     0.00      0.0
      1072 rmsnorm                  58002.06     21.00      3.60      2.80     0.00      0.0
      1073 gemm(gemv)               58026.66     62.80     11.38      2.80     9.44    150.3
      1074 gemm(gemv)               58100.84      0.32     11.76      2.40     1.18   3686.4
      1075 gemm(gemv)               58112.92      3.42     14.20      2.40     1.72    503.0
      1076 qk_norm                  58130.54     15.68     46.24      4.10     0.00      0.0
      1077 rope                     58192.46    151.44     26.08   1991.70     0.00      0.0
      1078 kv_append                58369.98      0.00     12.56      3.50     0.00      0.0
      1079 attention                58382.54      0.44     59.56      7.40     0.00      0.0
      1080 gemm(gemv)               58442.54     41.88      2.56      2.90     0.07      1.8
      1081 softplus_act             58486.98      0.00     13.32      2.30     0.00      0.0
      1082 mul_head_bcast           58500.30     71.64     59.00      2.60     0.00      0.0
      1083 gemm(gemv)               58630.94     31.48      3.60      2.20     9.44    299.8
      1084 add_inplace              58666.02     39.48     10.60      2.30     0.00      0.0
      1085 rmsnorm                  58716.10     16.92      3.56      2.50     0.00      0.0
      1086 fill0                    58736.58     43.40     15.04      3.40     0.00      0.0
      1087 gemm(gemv)               58795.02      0.00     18.04      2.40     1.05      0.0
      1088 download_f32             58813.06     63.16     75.90     75.70     0.00      0.0
      1089 upload_i32               58952.12     12.58      4.16      4.20     0.00      0.0
      1090 upload                   58968.86      6.16     56.48      2.50     0.00      0.0
      1091 gather_rows              59031.50      0.36     45.16      2.90     0.00     11.4
      1092 gemm(gemv)               59077.02     45.16      7.44      3.20     0.59     13.1
      1093 gemm(gemv)               59129.62      7.68      1.32      2.10     0.59     76.8
      1094 silu_mul                 59138.62     40.20     14.24      1.80     0.00      0.0
      1095 gemm(gemv)               59193.06      0.48     16.36      2.20     0.86   1792.0
      1096 scatter_axpy             59209.90      0.48     45.60      2.40     0.00      8.5
      1097 upload_i32               59255.98     53.92      5.78      2.20     0.00      0.0
      1098 upload                   59315.68     35.22      4.16      2.20     0.00      0.0
      1099 gather_rows              59355.06      0.32     67.12      2.00     0.00     12.8
      1100 gemm(gemv)               59422.50     46.56      0.00      2.80     0.59     12.7
      1101 gemm(gemv)               59469.06    115.24     10.00      3.00     0.59      5.1
      1102 silu_mul                 59594.30     14.24    155.92      2.00     0.00      0.0
      1103 gemm(gemv)               59764.46     65.60      0.00      2.70     0.86     13.1
      1104 scatter_axpy             59830.06      0.36     10.84      2.10     0.00     11.4
      1105 upload_i32               59841.26     31.02      9.08      2.60     0.00      0.0
      1106 upload                   59881.36      4.68     69.16      2.30     0.00      0.0
      1107 gather_rows              59955.20      0.36     46.36      2.00     0.00     11.4
      1108 gemm(gemv)               60001.92     44.56      0.00      2.60     0.59     13.2
      1109 gemm(gemv)               60046.48      0.44     35.80      2.40     0.59   1340.5
      1110 silu_mul                 60082.72     43.76     15.92      2.60     0.00      0.0
      1111 gemm(gemv)               60142.40     55.00     31.42      2.60     0.86     15.6
      1112 scatter_axpy             60228.82      0.00     25.92      2.10     0.00      0.0
      1113 warm_read                60254.74     84.80    209.30    175.00     0.00      0.0
      1114 warm_read                60548.84    148.20    180.10    145.70     0.00      0.0
      1115 warm_read                60877.14     64.60      0.00    251.30     0.00      0.0
      1116 upload_paged             60941.74     58.76    393.40    756.20     2.04     34.7
      1117 upload_i32               61393.90     93.24     11.94      5.60     0.00      0.0
      1118 upload                   61499.08    107.20     19.06      2.70     0.00      0.0
      1119 gather_rows              61625.34    116.48     14.40      4.50     0.00      0.0
      1120 gemm(gemv)               61756.22      0.00     16.84      3.70     0.59      0.0
      1121 gemm(gemv)               61773.06      0.32     48.56      2.60     0.59   1843.2
      1122 silu_mul                 61821.94    106.68     59.02      2.50     0.00      0.0
      1123 gemm(gemv)               61987.64    288.20      0.00      2.70     0.86      3.0
      1124 scatter_axpy             62275.84      0.36     71.40      2.10     0.00     11.4
      1125 upload_i32               62347.60     50.20     11.20      2.60     0.00      0.0
      1126 upload                   62409.00     57.60      0.00      2.80     0.00      0.0
      1127 gather_rows              62466.60      0.36     24.72      2.10     0.00     11.4
      1128 gemm(gemv)               62491.68      0.32     46.76      3.10     0.59   1843.2
      1129 gemm(gemv)               62538.76     43.04      9.96      3.10     0.59     13.7
      1130 silu_mul                 62591.76      0.36     15.08      1.70     0.00      0.0
      1131 gemm(gemv)               62607.20      0.36     49.72      2.30     0.86   2389.3
      1132 scatter_axpy             62657.28     60.00      7.92      2.50     0.00      0.1
      1133 upload_i32               62725.20     17.76     19.04      2.40     0.00      0.0
      1134 upload                   62762.00     16.34     48.36      2.50     0.00      0.0
      1135 gather_rows              62826.70      0.32     69.52      1.90     0.00     12.8
      1136 gemm(gemv)               62896.54     46.20      8.52      3.00     0.59     12.8
      1137 gemm(gemv)               62951.26      0.00     13.20      2.30     0.59      0.0
      1138 silu_mul                 62964.46      0.32     51.80      2.30     0.00      0.0
      1139 gemm(gemv)               63016.58     48.12      1.18      2.20     0.86     17.9
      1140 scatter_axpy             63065.88      0.36     10.64      1.70     0.00     11.4
      1141 upload_i32               63076.88     69.84     16.88      2.40     0.00      0.0
      1142 upload                   63163.60     18.46      4.20      2.30     0.00      0.0
      1143 gather_rows              63186.26      0.32     49.20      2.40     0.00     12.8
      1144 gemm(gemv)               63235.78     50.44      8.28      2.90     0.59     11.7
      1145 gemm(gemv)               63294.50      0.36     12.32      2.30     0.59   1638.4
      1146 silu_mul                 63307.18     60.60     12.48      1.80     0.00      0.0
      1147 gemm(gemv)               63380.26      0.44     20.40      2.60     0.86   1954.9
      1148 scatter_axpy             63401.10      0.36     54.48      3.00     0.00     11.4
      1149 warm_read                63455.94     39.32      9.24    147.20     0.00      0.0
      1150 warm_read                63504.50     10.04      4.20    155.40     0.00      0.0
      1151 warm_read                63518.74     15.00     41.52    195.80     0.00      0.0
      1152 upload_paged             63575.26     41.52     47.00   1084.30     2.04     49.1
      1153 upload_i32               63663.78     32.24      4.16     52.40     0.00      0.0
      1154 upload                   63700.18     45.48     17.20      3.30     0.00      0.0
      1155 gather_rows              63762.86     53.80     50.00      4.70     0.00      0.1
      1156 gemm(gemv)               63866.66      4.70     16.60     46.10     0.59    125.5
      1157 gemm(gemv)               63887.96      0.36     64.68      2.60     0.59   1638.4
      1158 silu_mul                 63953.00     44.80      0.00      2.70     0.00      0.0
      1159 gemm(gemv)               63997.80     45.36      3.52      2.10     0.86     19.0
      1160 scatter_axpy             64046.68      0.64     16.28      2.40     0.00      6.4
      1161 gemm(gemv)               64063.60      0.36     47.52      3.20     0.59   1638.4
      1162 gemm(gemv)               64111.48     44.60      9.36     71.20     0.59     13.2
      1163 silu_mul                 64165.44      0.32     14.68      2.80     0.00      0.0
      1164 gemm(gemv)               64180.44      0.36     50.24      2.60     0.86   2389.3
      1165 add_inplace              64231.04      0.48     28.92      2.80     0.00      0.0
      1166 add_inplace              64260.44     41.16     15.76      2.50     0.00      0.0
      1167 rmsnorm                  64317.36      0.36     18.84      3.30     0.00      0.0
      1168 gemm_group               64336.56     33.36     37.44    133.80     0.00      0.0
      1169 qk_norm                  64407.36      0.36     10.72      7.10     0.00      0.0
      1170 rope                     64418.44     47.08     10.76      3.70     0.00      0.0
      1171 kv_append                64476.28      0.90     14.92      2.70     0.00      0.0
      1172 attention                64492.10      0.32     56.92      7.70     0.00      0.0
      1173 gemm(gemv)               64549.34     45.88      2.46      3.50     0.07      1.6
      1174 softplus_act             64597.68      0.00     14.40      2.00     0.00      0.0
      1175 mul_head_bcast           64612.08      0.36     46.20      2.80     0.00      0.0
      1176 gemm(gemv)               64658.64     78.08     15.54      2.50     9.44    120.9
      1177 add_inplace              64752.26      0.36      8.36      2.40     0.00      0.0
      1178 rmsnorm                  64760.98     74.48     44.40      2.40     0.00      0.0
      1179 fill0                    64879.86     81.56      0.00      2.20     0.00      0.0
      1180 gemm(gemv)               64961.42      0.00     23.12      2.90     1.05      0.0
      1181 download_f32             64984.54     90.00    139.50    109.70     0.00      0.0
      1182 upload_i32               65214.04     50.68      9.72      4.50     0.00      0.0
      1183 upload                   65274.44     57.32     24.80      3.10     0.00      0.0
      1184 gather_rows              65356.56      0.48     16.12      4.50     0.00      8.5
      1185 gemm(gemv)               65373.16      0.36     46.44      3.70     0.59   1638.4
      1186 gemm(gemv)               65419.96     45.00      6.18      2.50     0.59     13.1
      1187 silu_mul                 65471.14      2.70     12.40      2.90     0.00      0.0
      1188 gemm(gemv)               65486.24      0.44     49.60      2.40     0.59   1340.5
      1189 scatter_axpy             65536.28     43.24      3.36      2.20     0.00      0.1
      1190 upload_i32               65582.88     18.04     15.80      2.10     0.00      0.0
      1191 upload                   65616.72      4.68     67.68      2.40     0.00      0.0
      1192 gather_rows              65689.08      0.36     46.76      2.00     0.00     11.4
      1193 gemm(gemv)               65736.20     46.60      7.54      3.50     0.59     12.7
      1194 gemm(gemv)               65790.34      5.96     11.64      2.00     0.59     99.0
      1195 silu_mul                 65807.94      0.32     52.16      2.10     0.00      0.0
      1196 gemm(gemv)               65860.42     49.56      2.82      3.10     0.59     11.9
      1197 scatter_axpy             65912.80      0.32     10.60      2.00     0.00     12.8
      1198 upload_i32               65923.72     57.52     15.12      2.20     0.00      0.0
      1199 upload                   65996.36     58.56     22.00      2.40     0.00      0.0
      1200 gather_rows              66076.92      0.00     13.56      2.40     0.00      0.0
      1201 gemm(gemv)               66090.48      0.36     47.56      3.80     0.59   1638.4
      1202 gemm(gemv)               66138.40     44.72      5.58      2.60     0.59     13.2
      1203 silu_mul                 66188.70      0.36     12.24     36.40     0.00      0.0
      1204 gemm(gemv)               66201.30     49.04     14.68      3.10     0.59     12.0
      1205 scatter_axpy             66265.02      0.00     11.20      2.30     0.00      0.0
      1206 upload_i32               66276.22     19.94     53.36      2.80     0.00      0.0
      1207 upload                   66349.52    126.40    111.00      2.10     0.00      0.0
      1208 gather_rows              66586.92    289.56      4.10      2.50     0.00      0.0
      1209 gemm(gemv)               66880.58     15.16     39.56     71.20     0.59     38.9
      1210 gemm(gemv)               66935.30     20.72     12.20      2.90     0.59     28.5
      1211 silu_mul                 66968.22     41.56     12.32      2.10     0.00      0.0
      1212 gemm(gemv)               67022.10      0.44     15.00      2.60     0.59   1340.5
      1213 scatter_axpy             67037.54      0.36     46.84      2.40     0.00     11.4
      1214 upload_i32               67084.74     51.28      0.78      2.60     0.00      0.0
      1215 upload                   67136.80     38.46      4.16      2.10     0.00      0.0
      1216 gather_rows              67179.42     21.20     59.88      2.20     0.00      0.2
      1217 gemm(gemv)               67260.50     60.84      2.42      2.90     0.59      9.7
      1218 gemm(gemv)               67323.76     11.00      1.28     45.50     0.59     53.6
      1219 silu_mul                 67336.04      4.86     50.52      2.40     0.00      0.0
      1220 gemm(gemv)               67391.42    186.76     44.92      2.80     0.59      3.2
      1221 scatter_axpy             67623.10     76.72     31.92      1.70     0.00      0.1
      1222 warm_read                67731.74     43.76      9.38    479.60     0.00      0.0
      1223 warm_read                67784.88     41.80     20.44    141.40     0.00      0.0
      1224 warm_read                67847.12    192.44      4.20    139.80     0.00      0.0
      1225 upload_paged             68043.76     58.72     24.76    649.80     1.77     30.1
      1226 upload_i32               68127.24     71.32      0.00      7.40     0.00      0.0
      1227 upload                   68198.56     18.20     28.40      3.20     0.00      0.0
      1228 gather_rows              68245.16     42.48     17.32      6.10     0.00      0.1
      1229 gemm(gemv)               68304.96      0.44     15.64      4.40     0.59   1340.5
      1230 gemm(gemv)               68321.04      0.36     48.68      3.10     0.59   1638.4
      1231 silu_mul                 68370.08     42.52      8.96      2.70     0.00      0.0
      1232 gemm(gemv)               68421.56     16.32      4.12      3.10     0.59     36.1
      1233 scatter_axpy             68442.00      0.32     51.88      2.90     0.00     12.8
      1234 warm_read                68494.20     40.24      7.80    162.80     0.00      0.0
      1235 warm_read                68542.24      9.96      4.20    161.90     0.00      0.0
      1236 warm_read                68556.40      4.12     40.92    259.40     0.00      0.0
      1237 upload_paged             68601.44    293.56      9.60   1261.40     1.77      6.0
      1238 upload_i32               68904.60    128.56     62.44      7.00     0.00      0.0
      1239 upload                   69095.60     57.88      0.00      2.80     0.00      0.0
      1240 gather_rows              69153.48     59.28      4.82      4.50     0.00      0.1
      1241 gemm(gemv)               69217.58      0.44     17.20      4.20     0.59   1340.5
      1242 gemm(gemv)               69235.22      0.36     47.32      2.10     0.59   1638.4
      1243 silu_mul                 69282.90     41.08     10.72      2.80     0.00      0.0
      1244 gemm(gemv)               69334.70      0.44     19.56      2.10     0.59   1340.5
      1245 scatter_axpy             69354.70      0.32     63.92      2.30     0.00     12.8
      1246 upload_i32               69418.94     51.84      9.12      2.30     0.00      0.0
      1247 upload                   69479.90     48.48      5.76      2.60     0.00      0.0
      1248 gather_rows              69534.14     47.40      5.06      2.20     0.00      0.1
      1249 gemm(gemv)               69586.60      0.32     16.52      2.30     0.59   1843.2
      1250 gemm(gemv)               69603.44      0.32     45.96      2.60     0.59   1843.2
      1251 silu_mul                 69649.72     42.04      9.60      1.60     0.00      0.0
      1252 gemm(gemv)               69701.36      0.44     19.00      2.20     0.59   1340.5
      1253 scatter_axpy             69720.80      0.36     54.44      2.10     0.00     11.4
      1254 gemm(gemv)               69775.60     44.88      9.12      2.80     0.59     13.1
      1255 gemm(gemv)               69829.60      0.00     16.76      2.30     0.59      0.0
      1256 silu_mul                 69846.36      0.32     48.04      2.20     0.00      0.0
      1257 gemm(gemv)               69894.72     45.88      8.96      2.70     0.59     12.9
      1258 add_inplace              69949.56      0.38     13.92      2.50     0.00      0.0
      1259 add_inplace              69963.86      0.32     47.68      2.00     0.00      0.0
      1260 rmsnorm                  70011.86     44.76     12.04      3.70     0.00      0.0
      1261 gemm_group               70068.66     41.12      1.40      3.50     0.00      0.0
      1262 qk_norm                  70111.18      0.36     25.36      3.70     0.00      0.0
      1263 rope                     70136.90      0.36     45.72      3.80     0.00      0.0
      1264 kv_append                70182.98     41.84      9.92      3.60     0.00      0.0
      1265 attention                70234.74     22.04      3.68      7.10     0.00      0.0
      1266 gemm(gemv)               70260.46     46.80     11.10      3.00     0.07      1.6
      1267 softplus_act             70318.36      0.00     14.16      3.00     0.00      0.0
      1268 mul_head_bcast           70332.52      0.32     47.28      2.20     0.00      0.0
      1269 gemm(gemv)               70380.12     63.00      9.52      2.40     9.44    149.8
      1270 add_inplace              70452.64      0.36      7.64      2.20     0.00      0.0
      1271 rmsnorm                  70460.64     62.64     13.18      2.60     0.00      0.0
      1272 fill0                    70536.46      0.00     14.68      2.60     0.00      0.0
      1273 gemm(gemv)               70551.14      0.70     61.30      2.70     1.05   1498.0
      1274 download_f32             70613.14     62.36     75.90     75.90     0.00      0.0
      1275 upload_i32               70751.40     23.58      4.16      4.70     0.00      0.0
      1276 upload                   70779.14    113.70     68.20      2.60     0.00      0.0
      1277 gather_rows              70961.04      0.00    172.56      4.60     0.00      0.0
      1278 gemm(gemv)               71133.60     21.05     61.52      3.70     0.59     28.0
      1279 gemm(gemv)               71216.17      0.32     47.09      2.50     0.59   1843.2
      1280 silu_mul                 71263.58     18.47     19.04      1.90     0.00      0.0
      1281 gemm(gemv)               71301.09     21.54     17.26      2.50     0.59     27.4
      1282 scatter_axpy             71339.89     25.88     14.16      2.80     0.00      0.2
      1283 upload_i32               71379.93     36.42      0.00      2.40     0.00      0.0
      1284 upload                   71416.35     32.46     16.40      2.30     0.00      0.0
      1285 gather_rows              71465.21     23.89     18.52      2.30     0.00      0.2
      1286 gemm(gemv)               71507.62     43.79     21.61      3.00     0.59     13.5
      1287 gemm(gemv)               71573.02     20.60     12.17      3.40     0.59     28.6
      1288 silu_mul                 71605.79     25.20     13.73      2.00     0.00      0.0
      1289 gemm(gemv)               71644.72     26.17     13.65      1.70     0.59     22.5
      1290 scatter_axpy             71684.54     21.44      9.12      2.00     0.00      0.2
      1291 upload_i32               71715.10     32.88     16.95      2.50     0.00      0.0
      1292 upload                   71764.93     36.56     40.25      2.10     0.00      0.0
      1293 gather_rows              71841.74     20.30     20.41      2.20     0.00      0.2
      1294 gemm(gemv)               71882.45     26.16     14.04      2.20     0.59     22.5
      1295 gemm(gemv)               71922.65     47.59     12.78      3.60     0.59     12.4
      1296 silu_mul                 71983.02     18.57     11.66      2.30     0.00      0.0
      1297 gemm(gemv)               72013.25     27.63     13.09      2.50     0.59     21.3
      1298 scatter_axpy             72053.97     30.55      2.26      2.20     0.00      0.1
      1299 upload_i32               72086.78     55.69     18.35      2.60     0.00      0.0
      1300 upload                   72160.82     33.19     16.14      2.30     0.00      0.0
      1301 gather_rows              72210.15     24.81     16.48      2.30     0.00      0.2
      1302 gemm(gemv)               72251.44     29.72      3.39      3.50     0.59     19.8
      1303 gemm(gemv)               72284.55     46.74     19.38      2.00     0.59     12.6
      1304 silu_mul                 72350.67     18.28     11.52      2.50     0.00      0.0
      1305 gemm(gemv)               72380.47     35.81      1.66      2.80     0.59     16.5
      1306 scatter_axpy             72417.94     68.15     20.69      1.80     0.00      0.1
      1307 upload_i32               72506.78      0.65     13.00      2.00     0.00      0.0
      1308 upload                   72520.43     38.04     28.36      2.60     0.00      0.0
      1309 gather_rows              72586.83      0.00     64.35      2.40     0.00      0.0
      1310 gemm(gemv)               72651.18     46.78     22.80      2.50     0.59     12.6
      1311 gemm(gemv)               72720.76     48.72     37.42      3.00     0.59     12.1
      1312 silu_mul                 72806.90     43.60      0.00      2.40     0.00      0.0
      1313 gemm(gemv)               72850.50     59.00     50.90      2.20     0.59     10.0
      1314 scatter_axpy             72960.40     65.48      0.00      1.90     0.00      0.1
      1315 upload_i32               73025.88     28.30      7.52      2.40     0.00      0.0
      1316 upload                   73061.70      0.00     68.40      2.60     0.00      0.0
      1317 gather_rows              73130.10      0.32     46.64      1.80     0.00     12.8
      1318 gemm(gemv)               73177.06     44.12      6.74      3.00     0.59     13.4
      1319 gemm(gemv)               73227.92     11.16      1.28      2.90     0.59     52.9
      1320 silu_mul                 73240.36     46.32     15.34      2.20     0.00      0.0
      1321 gemm(gemv)               73302.02      0.32     14.12      2.10     0.59   1843.2
      1322 scatter_axpy             73316.46      0.36     45.96      1.70     0.00     11.4
      1323 upload_i32               73362.78     51.20      2.72      2.30     0.00      0.0
      1324 upload                   73416.70     57.56     21.36      2.30     0.00      0.0
      1325 gather_rows              73495.62      0.00     14.48      2.60     0.00      0.0
      1326 gemm(gemv)               73510.10      0.44     49.16      3.00     0.59   1340.5
      1327 gemm(gemv)               73559.70     46.12      4.90      2.20     0.59     12.8
      1328 silu_mul                 73610.72      8.76      1.32      2.30     0.00      0.0
      1329 gemm(gemv)               73620.80     22.72     14.20      2.50     0.59     26.0
      1330 scatter_axpy             73657.72     43.88     10.28      2.00     0.00      0.1
      1331 upload_i32               73711.88     23.64      2.68      2.50     0.00      0.0
      1332 upload                   73738.20      4.28     54.00      2.50     0.00      0.0
      1333 gather_rows              73796.48     42.20     17.56      1.90     0.00      0.1
      1334 gemm(gemv)               73856.24     65.56      9.60      2.50     0.59      9.0
      1335 gemm(gemv)               73931.40     15.16    109.56      2.30     0.59     38.9
      1336 silu_mul                 74056.12      0.36     29.20      2.80     0.00      0.0
      1337 gemm(gemv)               74085.68      0.36     45.52      2.40     0.59   1638.4
      1338 scatter_axpy             74131.56     45.36      0.00      2.10     0.00      0.1
      1339 gemm(gemv)               74176.92      0.32     12.60      3.00     0.59   1843.2
      1340 gemm(gemv)               74189.84     68.40     15.32      2.00     0.59      8.6
      1341 silu_mul                 74273.56      0.32     67.28      2.90     0.00      0.0
      1342 gemm(gemv)               74341.16     22.92     30.04      3.10     0.59     25.7
      1343 add_inplace              74394.12     67.92     14.24      2.70     0.00      0.0
      1344 add_inplace              74476.28     22.40      3.08      2.20     0.00      0.0
      1345 rmsnorm                  74501.76    169.04     39.24      4.70     0.00      0.0
      1346 gemm(gemv)               74710.04     73.68     10.82      2.50     7.08     96.1
      1347 gemm(gemv)               74794.54      0.36     11.72      2.40     1.18   3276.8
      1348 gemm(gemv)               74806.62     64.08      0.44      2.20     1.72     26.8
      1349 qk_norm                  74871.14      0.32     11.24      3.90     0.00      0.0
      1350 rope                     74882.70    126.12      3.96   3863.20     0.00      0.0
      1351 kv_append                75012.78      0.90     12.68      3.80     0.00      0.0
      1352 attention                75026.36      0.44     59.36      7.30     0.00      0.0
      1353 gemm(gemv)               75086.16     41.88      2.60      4.00     0.06      1.3
      1354 softplus_act             75130.64      0.44     18.08      2.90     0.00      0.0
      1355 mul_head_bcast           75149.16      0.32     43.96      2.10     0.00      0.0
      1356 gemm(gemv)               75193.44     59.04      9.12      2.80     7.08    119.9
      1357 add_inplace              75261.60      0.36      8.40      2.00     0.00      0.0
      1358 rmsnorm                  75270.36     51.28      8.40      2.90     0.00      0.0
      1359 fill0                    75330.04      0.00     14.00      2.40     0.00      0.0
      1360 gemm(gemv)               75344.04      0.70     60.50      2.90     1.05   1498.0
      1361 download_f32             75405.24     62.48     73.80     73.90     0.00      0.0
      1362 upload_i32               75541.52     20.60      4.12      3.50     0.00      0.0
      1363 upload                   75566.24     23.08     16.12      2.00     0.00      0.0
      1364 gather_rows              75605.44      0.36     48.32      3.10     0.00     11.4
      1365 gemm(gemv)               75654.12     46.84      4.02      3.50     0.59     12.6
      1366 gemm(gemv)               75704.98      7.68      1.32      2.30     0.59     76.8
      1367 silu_mul                 75713.98     41.44     13.40      2.10     0.00      0.0
      1368 gemm(gemv)               75768.82     10.36      3.60      2.50     0.86     83.0
      1369 scatter_axpy             75782.78     43.60      7.76      1.80     0.00      0.1
      1370 upload_i32               75834.14      8.04     17.12      2.80     0.00      0.0
      1371 upload                   75859.30      4.72     48.76      2.50     0.00      0.0
      1372 gather_rows              75912.78     42.40     18.08      1.70     0.00      0.1
      1373 gemm(gemv)               75973.26      7.48      2.64      2.80     0.59     78.9
      1374 gemm(gemv)               75983.38     42.72     11.84      2.00     0.59     13.8
      1375 silu_mul                 76037.94      6.88      1.32      2.10     0.00      0.0
      1376 gemm(gemv)               76046.14     23.08     14.64      2.50     0.86     37.3
      1377 scatter_axpy             76083.86     45.72     12.28      1.90     0.00      0.1
      1378 upload_i32               76141.86     19.96      2.48      2.50     0.00      0.0
      1379 upload                   76164.30     58.92     15.54      2.30     0.00      0.0
      1380 gather_rows              76238.76      3.68     19.00      2.40     0.00      1.1
      1381 gemm(gemv)               76261.44      0.32     51.12      2.50     0.59   1843.2
      1382 gemm(gemv)               76312.88     44.64      1.56      2.70     0.59     13.2
      1383 silu_mul                 76359.08      7.04      1.32      2.30     0.00      0.0
      1384 gemm(gemv)               76367.44     43.68     15.16      3.00     0.86     19.7
      1385 scatter_axpy             76426.28      0.36      9.88      2.50     0.00     11.4
      1386 upload_i32               76436.52     70.72     17.82      3.10     0.00      0.0
      1387 upload                   76525.06     24.14      4.04      2.50     0.00      0.0
      1388 gather_rows              76553.24     48.52     47.40      2.30     0.00      0.1
      1389 gemm(gemv)               76649.16      0.44     25.56      3.40     0.59   1340.5
      1390 gemm(gemv)               76675.16     40.84     22.58      2.50     0.59     14.4
      1391 silu_mul                 76738.58     76.64     25.66      1.70     0.00      0.0
      1392 gemm(gemv)               76840.88     41.68      0.00      2.00     0.86     20.6
      1393 scatter_axpy             76882.56     45.12      0.00      2.30     0.00      0.1
      1394 upload_i32               76927.68     42.96     15.64      2.90     0.00      0.0
      1395 upload                   76986.28     68.24     17.78      2.60     0.00      0.0
      1396 gather_rows              77072.30     13.40      4.04      1.70     0.00      0.3
      1397 gemm(gemv)               77089.74     60.40     12.32      1.80     0.59      9.8
      1398 gemm(gemv)               77162.46      0.00     12.96      2.60     0.59      0.0
      1399 silu_mul                 77175.42      0.32     46.36      1.90     0.00      0.0
      1400 gemm(gemv)               77222.10     50.84      7.32      2.60     0.86     16.9
      1401 scatter_axpy             77280.26      0.36      9.88      2.10     0.00     11.4
      1402 upload_i32               77290.50     69.28     15.32      2.50     0.00      0.0
      1403 upload                   77375.10     58.04     22.16      2.80     0.00      0.0
      1404 gather_rows              77455.30      0.00     13.84      2.00     0.00      0.0
      1405 gemm(gemv)               77469.14      0.32     47.24      3.00     0.59   1843.2
      1406 gemm(gemv)               77516.70     45.64      6.64      2.10     0.59     12.9
      1407 silu_mul                 77568.98      8.96      1.32      1.70     0.00      0.0
      1408 gemm(gemv)               77579.26     23.00     13.48      2.20     0.86     37.4
      1409 scatter_axpy             77615.74     43.28     10.00      2.10     0.00      0.1
      1410 warm_read                77669.02      4.12      2.68    145.30     0.00      0.0
      1411 warm_read                77675.82     16.92     15.16    136.20     0.00      0.0
      1412 warm_read                77707.90     14.76     16.80    194.20     0.00      0.0
      1413 upload_paged             77739.46     46.72    159.98    519.40     2.04     43.7
      1414 upload_i32               77946.16     16.48     17.08      7.30     0.00      0.0
      1415 upload                   77979.72     94.50     15.92      4.00     0.00      0.0
      1416 gather_rows              78090.14      0.44     99.92      6.40     0.00      9.3
      1417 gemm(gemv)               78190.50     48.20      0.00      4.50     0.59     12.2
      1418 gemm(gemv)               78238.70      8.62     11.08      2.90     0.59     68.4
      1419 silu_mul                 78258.40      0.36     62.88      2.40     0.00      0.0
      1420 gemm(gemv)               78321.64     51.04      0.00      2.70     0.86     16.9
      1421 scatter_axpy             78372.68      0.36     10.36      3.00     0.00     11.4
      1422 upload_i32               78383.40     71.48     17.34      3.30     0.00      0.0
      1423 upload                   78472.22     25.54      4.28      2.50     0.00      0.0
      1424 gather_rows              78502.04      0.36     65.32      3.30     0.00     11.4
      1425 gemm(gemv)               78567.72     61.00      1.52      3.20     0.59      9.7
      1426 gemm(gemv)               78630.24     10.68      1.28      3.40     0.59     55.2
      1427 silu_mul                 78642.20     42.08      3.84      2.30     0.00      0.0
      1428 gemm(gemv)               78688.12      0.36     15.36      3.10     0.86   2389.3
      1429 scatter_axpy             78703.84      0.36     44.24      2.70     0.00     11.4
      1430 gemm(gemv)               78748.44     45.52      7.30      3.60     0.59     13.0
      1431 gemm(gemv)               78801.26      8.04      1.32      2.80     0.59     73.4
      1432 silu_mul                 78810.62     43.40     12.92      2.90     0.00      0.0
      1433 gemm(gemv)               78866.94      0.48     15.80      3.00     0.86   1792.0
      1434 add_inplace              78883.22      5.64     44.08      2.90     0.00      0.0
      1435 add_inplace              78932.94     64.00     35.10      2.70     0.00      0.0
      1436 rmsnorm                  79032.04      0.44     18.24      3.20     0.00      0.0
      1437 gemm_group               79050.72     75.60     15.16      3.30     0.00      0.0
      1438 qk_norm                  79141.48      0.00     10.80      4.10     0.00      0.0
      1439 rope                     79152.28    162.28     63.20   2142.00     0.00      0.0
      1440 kv_append                79377.76      0.00     12.60      4.00     0.00      0.0
      1441 attention                79390.36      0.44     59.28      7.20     0.00      0.0
      1442 gemm(gemv)               79450.08     18.60      1.40      3.70     0.07      4.0
      1443 softplus_act             79470.08      0.32     49.28      2.50     0.00      0.0
      1444 mul_head_bcast           79519.68     43.52      2.68      2.00     0.00      0.0
      1445 gemm(gemv)               79565.88     24.44      3.64      2.30     9.44    386.1
      1446 add_inplace              79593.96      0.48     30.08      2.30     0.00      0.0
      1447 rmsnorm                  79624.52     21.48     15.88      2.60     0.00      0.0
      1448 fill0                    79661.88     62.76     19.38      2.60     0.00      0.0
      1449 gemm(gemv)               79744.02      1.62     14.52      2.30     1.05    647.3
      1450 download_f32             79760.16     86.60     97.90    101.40     0.00      0.0
      1451 upload_i32               79944.66     16.84     20.08      4.70     0.00      0.0
      1452 upload                   79981.58     25.72     16.76      2.50     0.00      0.0
      1453 gather_rows              80024.06      0.32     64.16      3.10     0.00     12.8
      1454 gemm(gemv)               80088.54     46.64      0.00      3.30     0.59     12.6
      1455 gemm(gemv)               80135.18      8.48      1.32      2.90     0.59     69.6
      1456 silu_mul                 80144.98     19.28     13.24      1.70     0.00      0.0
      1457 gemm(gemv)               80177.50     22.36     14.08      2.50     0.59     26.4
      1458 scatter_axpy             80213.94     62.08     19.20      1.90     0.00      0.1
      1459 upload_i32               80295.22     22.72      2.52      2.80     0.00      0.0
      1460 upload                   80320.46     50.16     17.00      2.60     0.00      0.0
      1461 gather_rows              80387.62     11.28      4.52      2.30     0.00      0.4
      1462 gemm(gemv)               80403.42     60.96     14.60      2.70     0.59      9.7
      1463 gemm(gemv)               80478.98      0.00     17.16      2.70     0.59      0.0
      1464 silu_mul                 80496.14      0.32     47.64      2.00     0.00      0.0
      1465 gemm(gemv)               80544.10     47.24      9.08      1.90     0.59     12.5
      1466 scatter_axpy             80600.42      1.60     15.12      2.00     0.00      2.6
      1467 upload_i32               80617.14      4.72     52.84      2.00     0.00      0.0
      1468 upload                   80674.70      4.64     51.24    120.70     0.00      0.0
      1469 gather_rows              80730.58      0.36     46.64      3.80     0.00     11.4
      1470 gemm(gemv)               80777.58     43.88      9.28      2.40     0.59     13.4
      1471 gemm(gemv)               80830.74      0.36     16.52      2.30     0.59   1638.4
      1472 silu_mul                 80847.62      0.32     44.92      2.10     0.00      0.0
      1473 gemm(gemv)               80892.86     44.64     10.60      2.20     0.59     13.2
      1474 scatter_axpy             80948.10    123.56     14.68      2.10     0.00      0.0
      1475 upload_i32               81086.34     68.88    145.72      3.30     0.00      0.0
      1476 upload                   81300.94     31.76      4.20      2.40     0.00      0.0
      1477 gather_rows              81336.90     63.16      0.00     45.60     0.00      0.1
      1478 gemm(gemv)               81400.06     10.36      2.52      4.50     0.59     56.9
      1479 gemm(gemv)               81412.94     43.48     11.96      2.10     0.59     13.6
      1480 silu_mul                 81468.38     10.34     10.88      1.90     0.00      0.0
      1481 gemm(gemv)               81489.60      0.56     62.72      2.30     0.59   1053.3
      1482 scatter_axpy             81552.88     61.28      0.00      2.10     0.00      0.1
      1483 upload_i32               81614.16     44.50      3.32     79.00     0.00      0.0
      1484 upload                   81661.98      9.52    194.88     54.40     0.00      0.0
      1485 gather_rows              81866.38      0.36     52.96      2.40     0.00     11.4
      1486 gemm(gemv)               81919.70     45.84      0.98      2.60     0.59     12.9
      1487 gemm(gemv)               81966.52     10.92      1.28      2.80     0.59     54.0
      1488 silu_mul                 81978.72     46.04     13.76      2.40     0.00      0.0
      1489 gemm(gemv)               82038.52      0.48     14.60     19.50     0.59   1228.8
      1490 scatter_axpy             82053.60      0.32     46.12      3.70     0.00     12.8
      1491 upload_i32               82100.04     52.36      3.34      4.50     0.00      0.0
      1492 upload                   82155.74     56.36     22.76      2.60     0.00      0.0
      1493 gather_rows              82234.86      0.00     14.08      2.20     0.00      0.0
      1494 gemm(gemv)               82248.94      0.36     46.84      2.90     0.59   1638.4
      1495 gemm(gemv)               82296.14     44.84      6.70      2.80     0.59     13.2
      1496 silu_mul                 82347.68      7.16      1.32      2.20     0.00      0.0
      1497 gemm(gemv)               82356.16     20.88     14.52      2.60     0.59     28.2
      1498 scatter_axpy             82391.56     43.52     11.76      2.60     0.00      0.1
      1499 upload_i32               82446.84     23.62      2.48      2.40     0.00      0.0
      1500 upload                   82472.94      4.64     52.16      3.00     0.00      0.0
      1501 gather_rows              82529.74      0.32     47.84      2.70     0.00     12.8
      1502 gemm(gemv)               82577.90     45.00      2.04      3.70     0.59     13.1
      1503 gemm(gemv)               82624.94      0.32     12.92      2.40     0.59   1843.2
      1504 silu_mul                 82638.18     61.16     18.16      2.20     0.00      0.0
      1505 gemm(gemv)               82717.50      0.44     15.16      2.30     0.59   1340.5
      1506 scatter_axpy             82733.10      0.36     46.12      1.90     0.00     11.4
      1507 upload_i32               82779.58     50.84      0.00      2.40     0.00      0.0
      1508 upload                   82830.42     57.40     22.56      2.80     0.00      0.0
      1509 gather_rows              82910.38      0.44     13.56      2.00     0.00      9.3
      1510 gemm(gemv)               82924.38      0.36     46.64      3.20     0.59   1638.4
      1511 gemm(gemv)               82971.38     44.00      5.50      1.90     0.59     13.4
      1512 silu_mul                 83020.88      0.32     11.04      2.60     0.00      0.0
      1513 gemm(gemv)               83032.24     48.52     15.44      2.30     0.59     12.2
      1514 scatter_axpy             83096.20      0.36     11.40      1.90     0.00     11.4
      1515 gemm(gemv)               83107.96     48.16     10.62      2.40     0.59     12.2
      1516 gemm(gemv)               83166.74     10.80      1.36      2.00     0.59     54.6
      1517 silu_mul                 83178.90     44.84     10.38      2.40     0.00      0.0
      1518 gemm(gemv)               83234.12      0.44     14.44      2.60     0.59   1340.5
      1519 add_inplace              83249.00     41.16     18.52      2.60     0.00      0.0
      1520 add_inplace              83308.68      6.48      3.56      1.90     0.00      0.0
      1521 rmsnorm                  83318.72     49.08     13.36      3.10     0.00      0.0
      1522 gemm_group               83381.16     34.80      1.40      2.60     0.00      0.0
      1523 qk_norm                  83417.36     16.52      2.52      4.00     0.00      0.0
      1524 rope                     83436.40     42.76     10.92      3.60     0.00      0.0
      1525 kv_append                83490.08      0.00     13.84      2.80     0.00      0.0
      1526 attention                83503.92      0.36     55.36      5.50     0.00      0.0
      1527 gemm(gemv)               83559.64      0.44     19.08      2.80     0.07    167.6
      1528 softplus_act             83579.16      0.36     43.80      3.00     0.00      0.0
      1529 mul_head_bcast           83623.32     46.44      7.30      2.30     0.00      0.0
      1530 gemm(gemv)               83677.06     27.32      3.56      3.00     9.44    345.4
      1531 add_inplace              83707.94      0.44     30.00      1.70     0.00      0.0
      1532 rmsnorm                  83738.38      0.44     47.08      1.90     0.00      0.0
      1533 fill0                    83785.90     45.92      0.42      2.40     0.00      0.0
      1534 gemm(gemv)               83832.24      0.00     14.04      2.50     1.05      0.0
      1535 download_f32             83846.28     62.88     91.10     90.20     0.00      0.0
      1536 warm_read                84000.26    170.68      4.16    152.20     0.00      0.0
      1537 warm_read                84175.10    153.32      4.12    144.20     0.00      0.0
      1538 warm_read                84332.54    142.92      5.28    140.40     0.00      0.0
      1539 upload_paged             84480.74    394.20      5.32    384.50     1.77      4.5
      1540 upload_i32               84880.26     50.20     10.60      5.50     0.00      0.0
      1541 upload                   84941.06     38.12     24.88      3.10     0.00      0.0
      1542 gather_rows              85004.06      0.44     15.52      5.10     0.00      9.3
      1543 gemm(gemv)               85020.02      0.36     45.32      2.50     0.59   1638.4
      1544 gemm(gemv)               85065.70     45.12      0.00      2.00     0.59     13.1
      1545 silu_mul                 85110.82      6.28     13.00      2.00     0.00      0.0
      1546 gemm(gemv)               85130.10     73.82     50.48      2.00     0.59      8.0
      1547 scatter_axpy             85254.40      0.36    126.04      2.00     0.00     11.4
      1548 upload_i32               85380.80     75.00      0.00      2.50     0.00      0.0
      1549 upload                   85455.80     54.64      0.00      2.30     0.00      0.0
      1550 gather_rows              85510.44      0.00     23.32      2.10     0.00      0.0
      1551 gemm(gemv)               85533.76      0.32     47.68      2.20     0.59   1843.2
      1552 gemm(gemv)               85581.76     43.92      7.44      1.90     0.59     13.4
      1553 silu_mul                 85633.12      3.58     12.76      2.40     0.00      0.0
      1554 gemm(gemv)               85649.46      0.36     53.36      2.30     0.59   1638.4
      1555 scatter_axpy             85703.18     42.40      6.12      2.20     0.00      0.1
      1556 upload_i32               85751.70     41.12     17.72      2.20     0.00      0.0
      1557 upload                   85810.54     17.48     19.28      2.70     0.00      0.0
      1558 gather_rows              85847.30      0.32     47.16      2.00     0.00     12.8
      1559 gemm(gemv)               85894.78     46.08      9.04      3.20     0.59     12.8
      1560 gemm(gemv)               85949.90      0.36     18.08      2.40     0.59   1638.4
      1561 silu_mul                 85968.34      0.32     43.16      3.10     0.00      0.0
      1562 gemm(gemv)               86011.82     46.04      4.34      2.50     0.59     12.8
      1563 scatter_axpy             86062.20      3.50     13.96      2.70     0.00      1.2
      1564 upload_i32               86079.66     40.80     69.08      2.50     0.00      0.0
      1565 upload                   86189.54     26.22      4.20      2.10     0.00      0.0
      1566 gather_rows              86219.96     24.28     60.44      1.70     0.00      0.2
      1567 gemm(gemv)               86304.68     47.28     17.78      2.20     0.59     12.5
      1568 gemm(gemv)               86369.74     70.12     22.62      2.00     0.59      8.4
      1569 silu_mul                 86462.48      0.00     13.88      1.50     0.00      0.0
      1570 gemm(gemv)               86476.36      0.48     67.44      3.00     0.59   1228.8
      1571 scatter_axpy             86544.28     46.12      0.00      2.30     0.00      0.1
      1572 upload_i32               86590.40     18.88     17.84      2.40     0.00      0.0
      1573 upload                   86627.12      4.64     52.48      3.20     0.00      0.0
      1574 gather_rows              86684.24      0.36     46.32      2.60     0.00     11.4
      1575 gemm(gemv)               86730.92     43.52     11.08      2.70     0.59     13.6
      1576 gemm(gemv)               86785.52     12.36      1.32      2.80     0.59     47.7
      1577 silu_mul                 86799.20     49.60     17.38      2.30     0.00      0.0
      1578 gemm(gemv)               86866.18      0.48     16.88      2.10     0.59   1228.8
      1579 scatter_axpy             86883.54      0.36     45.92      2.50     0.00     11.4
      1580 upload_i32               86929.82     52.40      1.16      2.50     0.00      0.0
      1581 upload                   86983.38     59.48     21.84      2.00     0.00      0.0
      1582 gather_rows              87064.70      0.00     14.68      2.20     0.00      0.0
      1583 gemm(gemv)               87079.38      0.36     46.76      2.30     0.59   1638.4
      1584 gemm(gemv)               87126.50     44.76      6.48      2.50     0.59     13.2
      1585 silu_mul                 87177.74      9.16      1.32      1.80     0.00      0.0
      1586 gemm(gemv)               87188.22     21.84     14.00      2.70     0.59     27.0
      1587 scatter_axpy             87224.06     42.96     10.62      2.10     0.00      0.1
      1588 upload_i32               87277.64      8.32     15.88      2.80     0.00      0.0
      1589 upload                   87301.84      6.86     49.88      2.40     0.00      0.0
      1590 gather_rows              87358.58      0.36     47.68     49.10     0.00     11.4
      1591 gemm(gemv)               87406.62     46.24      5.46      2.70     0.59     12.8
      1592 gemm(gemv)               87458.32     10.56      1.32      3.20     0.59     55.9
      1593 silu_mul                 87470.20     19.16     12.40      2.10     0.00      0.0
      1594 gemm(gemv)               87501.76     43.84     14.08      2.40     0.59     13.5
      1595 scatter_axpy             87559.68      0.00     13.72      2.30     0.00      0.0
      1596 upload_i32               87573.40      4.64     49.92      2.80     0.00      0.0
      1597 upload                   87627.96      4.64     50.12      2.20     0.00      0.0
      1598 gather_rows              87682.72      0.36     48.20      1.70     0.00     11.4
      1599 gemm(gemv)               87731.28     45.44      4.52      2.80     0.59     13.0
      1600 gemm(gemv)               87781.24      8.16      1.28      2.80     0.59     72.3
      1601 silu_mul                 87790.68     19.40     13.12      2.60     0.00      0.0
      1602 gemm(gemv)               87823.20     43.60     14.16      2.60     0.59     13.5
      1603 scatter_axpy             87880.96      6.72      4.12      1.90     0.00      0.6
      1604 gemm(gemv)               87891.80     46.84     14.30      2.10     0.59     12.6
      1605 gemm(gemv)               87952.94     10.76      1.24      2.10     0.59     54.8
      1606 silu_mul                 87964.94     19.12     11.84      2.10     0.00      0.0
      1607 gemm(gemv)               87995.90     43.36     14.16      3.10     0.59     13.6
      1608 add_inplace              88053.42      0.36     10.40      2.60     0.00      0.0
      1609 add_inplace              88064.18     46.16     14.12      2.00     0.00      0.0
      1610 rmsnorm                  88124.46     55.64     15.40      2.50     0.00      0.0
      1611 gemm(gemv)               88195.50    467.04     99.96      2.50     9.44     20.2
      1612 gemm(gemv)               88762.50      0.32      4.92      2.80     1.18   3686.4
      1613 gemm(gemv)               88767.74      0.36     18.40      2.30     1.72   4778.7
      1614 qk_norm                  88786.50      0.36      6.24      3.00     0.00      0.0
      1615 rope                     88793.10      0.32      9.96      3.50     0.00      0.0
      1616 kv_append                88803.38      0.32     10.72      2.00     0.00      0.0
      1617 attention                88814.42    107.40      0.00      5.40     0.00      0.0
      1618 gemm(gemv)               88921.82     44.04     10.88     10.70     0.07      1.7
      1619 softplus_act             88976.74    103.28     11.60      2.00     0.00      0.0
      1620 mul_head_bcast           89091.62      0.36    200.52      2.00     0.00      0.0
      1621 gemm(gemv)               89292.50    533.80      0.00      3.10     9.44     17.7
      1622 add_inplace              89826.30      1.76      2.48      2.40     0.00      0.0
      1623 rmsnorm                  89830.54      0.32     13.64      3.00     0.00      0.0
      1624 fill0                    89844.50      0.32      5.36      3.10     0.00      0.0
      1625 gemm(gemv)               89850.18      0.00     11.12      2.30     1.05      0.0
      1626 download_f32             89861.30     64.68     82.70     82.40     0.00      0.0
      1627 upload_i32               90008.68     18.64     17.44      4.20     0.00      0.0
      1628 upload                   90044.76     68.00     16.72      2.40     0.00      0.0
      1629 gather_rows              90129.48      0.00     20.04      4.60     0.00      0.0
      1630 gemm(gemv)               90149.52      0.36     50.92      3.90     0.59   1638.4
      1631 gemm(gemv)               90200.80     46.60      2.62      2.30     0.59     12.7
      1632 silu_mul                 90250.02      0.36      8.72      2.20     0.00      0.0
      1633 gemm(gemv)               90259.10     63.28     19.52      2.40     0.86     13.6
      1634 scatter_axpy             90341.90      0.32     10.52      2.30     0.00     12.8
      1635 upload_i32               90352.74     69.68     11.68      2.20     0.00      0.0
      1636 upload                   90434.10     26.88      5.84      2.60     0.00      0.0
      1637 gather_rows              90466.82      0.36     66.52      2.20     0.00     11.4
      1638 gemm(gemv)               90533.70     47.60      0.00      2.60     0.59     12.4
      1639 gemm(gemv)               90581.30      0.14     12.36      2.20     0.59   4213.0
      1640 silu_mul                 90593.80      0.36     46.48      2.10     0.00      0.0
      1641 gemm(gemv)               90640.64     46.24      5.66      2.00     0.86     18.6
      1642 scatter_axpy             90692.54      0.32     10.44      1.60     0.00     12.8
      1643 upload_i32               90703.30     68.24     17.50      2.30     0.00      0.0
      1644 upload                   90789.04     29.96      4.20      2.40     0.00      0.0
      1645 gather_rows              90823.20      0.32     66.52      1.50     0.00     12.8
      1646 gemm(gemv)               90890.04     47.64      0.00      3.10     0.59     12.4
      1647 gemm(gemv)               90937.68      0.32     10.24      2.40     0.59   1843.2
      1648 silu_mul                 90948.24     59.16     18.40      1.60     0.00      0.0
      1649 gemm(gemv)               91025.80    281.40     14.74      2.20     0.86      3.1
      1650 scatter_axpy             91321.94     65.56      9.90      1.80     0.00      0.1
      1651 upload_i32               91397.40     80.96     10.74      3.10     0.00      0.0
      1652 upload                   91489.10     58.20      0.00      2.40     0.00      0.0
      1653 gather_rows              91547.30     42.68      4.20      2.10     0.00      0.1
      1654 gemm(gemv)               91594.18     51.24     10.96      2.60     0.59     11.5
      1655 gemm(gemv)               91656.38      0.00     20.48      1.90     0.59      0.0
      1656 silu_mul                 91676.86      0.36     47.96      2.50     0.00      0.0
      1657 gemm(gemv)               91725.18     49.20     10.08      3.00     0.86     17.5
      1658 scatter_axpy             91784.46      0.46     15.04      2.60     0.00      8.9
      1659 upload_i32               91799.96      4.56     52.64      2.30     0.00      0.0
      1660 upload                   91857.16      8.88     60.76      2.30     0.00      0.0
      1661 gather_rows              91926.80     13.40     40.12      1.90     0.00      0.3
      1662 gemm(gemv)               91980.32     49.08     15.84      2.40     0.59     12.0
      1663 gemm(gemv)               92045.24      5.32     15.40      2.30     0.59    110.9
      1664 silu_mul                 92065.96      0.36     64.68      1.90     0.00      0.0
      1665 gemm(gemv)               92131.00     51.32      3.56      2.80     0.86     16.8
      1666 scatter_axpy             92185.88      0.00     13.48      2.20     0.00      0.0
      1667 upload_i32               92199.36      3.50     53.60      2.40     0.00      0.0
      1668 upload                   92256.46      8.68     60.56      3.00     0.00      0.0
      1669 gather_rows              92325.70      0.36     55.44      1.80     0.00     11.4
      1670 gemm(gemv)               92381.50    109.20     73.06      2.50     0.59      5.4
      1671 gemm(gemv)               92563.76      0.00     16.20      1.90     0.59      0.0
      1672 silu_mul                 92579.96      0.36     63.16      1.80     0.00      0.0
      1673 gemm(gemv)               92643.48     52.68      4.68      2.30     0.86     16.3
      1674 scatter_axpy             92700.84      0.00     14.52      2.00     0.00      0.0
      1675 upload_i32               92715.36      4.68     53.52      2.10     0.00      0.0
      1676 upload                   92773.56      6.04     51.96      1.70     0.00      0.0
      1677 gather_rows              92831.56      0.32     51.28      1.80     0.00     12.8
      1678 gemm(gemv)               92883.16     46.20      9.96      2.60     0.59     12.8
      1679 gemm(gemv)               92939.32      6.20     18.84      2.60     0.59     95.1
      1680 silu_mul                 92964.36      0.36     62.20      2.00     0.00      0.0
      1681 gemm(gemv)               93026.92     48.92      1.74      2.50     0.86     17.6
      1682 scatter_axpy             93077.58      1.36     18.32      1.80     0.00      3.0
      1683 warm_read                93097.26      4.20     43.76    163.20     0.00      0.0
      1684 warm_read                93145.22     57.64     17.14    165.90     0.00      0.0
      1685 warm_read                93220.00     10.24     10.52    206.30     0.00      0.0
      1686 upload_paged             93240.76     79.76    198.64   2459.60     2.04     25.6
      1687 upload_i32               93519.16     85.60     12.90      4.60     0.00      0.0
      1688 upload                   93617.66     72.81     46.80      4.10     0.00      0.0
      1689 gather_rows              93737.27     30.68     22.82      5.20     0.00      0.1
      1690 gemm(gemv)               93790.77     32.99      2.19      3.10     0.59     17.9
      1691 gemm(gemv)               93825.95     30.62     14.01      2.00     0.59     19.3
      1692 silu_mul                 93870.58     29.85     16.38      2.10     0.00      0.0
      1693 gemm(gemv)               93916.81     36.54     18.05      3.10     0.86     23.5
      1694 scatter_axpy             93971.40     60.19     28.06      1.90     0.00      0.1
      1695 gemm(gemv)               94059.65     30.31     16.33      2.80     0.59     19.5
      1696 gemm(gemv)               94106.29     47.68     15.09      2.70     0.59     12.4
      1697 silu_mul                 94169.06      0.00     16.35      1.90     0.00      0.0
      1698 gemm(gemv)               94185.41     26.68     43.99      2.40     0.86     32.2
      1699 add_inplace              94256.08     28.52      2.33      2.50     0.00      0.0
      1700 add_inplace              94286.93     23.51     15.50      2.30     0.00      0.0
      1701 rmsnorm                  94325.94     28.66     13.16      3.00     0.00      0.0
      1702 gemm_group               94367.76    316.11      7.24      3.50     0.00      0.0
      1703 qk_norm                  94691.11      0.36      7.64      3.40     0.00      0.0
      1704 rope                     94699.11    142.14      0.00   1255.10     0.00      0.0
      1705 kv_append                94841.25     42.23      0.00      2.70     0.00      0.0
      1706 attention                94883.48     38.28     15.28      6.50     0.00      0.0
      1707 gemm(gemv)               94937.04      0.36     26.89      2.50     0.06    153.6
      1708 softplus_act             94964.29     22.28     19.15      2.10     0.00      0.0
      1709 mul_head_bcast           95005.72     24.81     15.86      2.90     0.00      0.0
      1710 gemm(gemv)               95046.39     39.87     15.23      2.90     7.08    177.5
      1711 add_inplace              95101.49     18.90      3.52      2.30     0.00      0.0
      1712 rmsnorm                  95123.91     46.30     15.99      3.00     0.00      0.0
      1713 fill0                    95186.20      7.42     15.03      3.00     0.00      0.0
      1714 gemm(gemv)               95208.65     19.25     42.75      2.60     1.05     54.5
      1715 download_f32             95270.65    111.95    137.80    137.80     0.00      0.0
      1716 upload_i32               95520.40     36.06      0.00      3.50     0.00      0.0
      1717 upload                   95556.46     33.03     19.15      2.10     0.00      0.0
      1718 gather_rows              95608.64     30.72     14.79      3.80     0.00      0.1
      1719 gemm(gemv)               95654.15     28.11     10.45      3.50     0.59     21.0
      1720 gemm(gemv)               95692.71      0.36     29.61      2.50     0.59   1638.4
      1721 silu_mul                 95722.68     18.58     37.14      2.40     0.00      0.0
      1722 gemm(gemv)               95778.40     24.18     39.34      2.60     0.59     24.4
      1723 scatter_axpy             95841.92      0.00     47.66      2.50     0.00      0.0
      1724 upload_i32               95889.58    193.60     32.30      2.30     0.00      0.0
      1725 upload                   96115.48     35.99      5.20      2.00     0.00      0.0
      1726 gather_rows              96156.67     24.20     18.36      1.50     0.00      0.2
      1727 gemm(gemv)               96199.23     27.49     11.85      3.10     0.59     21.5
      1728 gemm(gemv)               96238.57     44.31     22.31      2.00     0.59     13.3
      1729 silu_mul                 96305.19      0.44     29.62      1.80     0.00      0.0
      1730 gemm(gemv)               96335.25     21.64     19.45      2.30     0.59     27.3
      1731 scatter_axpy             96376.34     26.12     12.98      2.00     0.00      0.2
      1732 upload_i32               96415.44     50.96     10.64      2.50     0.00      0.0
      1733 upload                   96477.04     33.39     19.13      1.80     0.00      0.0
      1734 gather_rows              96529.56     21.41     21.23      1.90     0.00      0.2
      1735 gemm(gemv)               96572.20     28.07     12.75      3.00     0.59     21.0
      1736 gemm(gemv)               96613.02     45.43     13.26      2.50     0.59     13.0
      1737 silu_mul                 96671.71     18.70     11.59      2.00     0.00      0.0
      1738 gemm(gemv)               96702.00     23.09     16.95      2.80     0.59     25.5
      1739 scatter_axpy             96742.04     23.11     15.98      2.40     0.00      0.2
      1740 upload_i32               96781.13     50.66      9.75      2.80     0.00      0.0
      1741 upload                   96841.54     33.31     19.08      2.50     0.00      0.0
      1742 gather_rows              96893.93     20.87     15.29      2.00     0.00      0.2
      1743 gemm(gemv)               96930.09     26.90     12.48      2.80     0.59     21.9
      1744 gemm(gemv)               96969.47     44.25     11.91      2.10     0.59     13.3
      1745 silu_mul                 97025.63     18.66     11.31      2.20     0.00      0.0
      1746 gemm(gemv)               97055.60     21.97     16.98      2.60     0.59     26.8
      1747 scatter_axpy             97094.55     25.36     13.90      1.90     0.00      0.2
      1748 upload_i32               97133.81     33.61      2.07      3.00     0.00      0.0
      1749 upload                   97169.49     31.73     18.82      2.00     0.00      0.0
      1750 gather_rows              97220.04     24.28     17.39      1.90     0.00      0.2
      1751 gemm(gemv)               97261.71     44.46     21.57      2.90     0.59     13.3
      1752 gemm(gemv)               97327.74     20.07     10.98      2.30     0.59     29.4
      1753 silu_mul                 97358.79     21.42     15.60      2.50     0.00      0.0
      1754 gemm(gemv)               97395.81     26.94     13.80      2.80     0.59     21.9
      1755 scatter_axpy             97436.55     30.59      2.93      1.60     0.00      0.1
      1756 upload_i32               97470.07     35.68      8.01      2.20     0.00      0.0
      1757 upload                   97513.76     29.71     17.34      2.70     0.00      0.0
      1758 gather_rows              97560.81     22.79     19.43      2.50     0.00      0.2
      1759 gemm(gemv)               97603.03     27.42     12.15      3.30     0.59     21.5
      1760 gemm(gemv)               97642.60     44.01     21.18      2.30     0.59     13.4
      1761 silu_mul                 97707.79      0.44     29.43      1.70     0.00      0.0
      1762 gemm(gemv)               97737.66     21.33     20.26      1.80     0.59     27.7
      1763 scatter_axpy             97779.25     25.24     13.93      2.20     0.00      0.2
      1764 upload_i32               97818.42     34.05      2.56      2.20     0.00      0.0
      1765 upload                   97855.03     30.10     18.77      3.10     0.00      0.0
      1766 gather_rows              97903.90     22.73     18.55      1.90     0.00      0.2
      1767 gemm(gemv)               97945.18     26.79     12.00     49.00     0.59     22.0
      1768 gemm(gemv)               97983.97     19.68     11.03      2.60     0.59     30.0
      1769 silu_mul                 98014.68     30.79     14.35      1.80     0.00      0.0
      1770 gemm(gemv)               98059.82     27.92     13.77      3.00     0.59     21.1
      1771 scatter_axpy             98101.51     21.97      8.48      2.20     0.00      0.2
      1772 upload_i32               98131.96     30.72     15.07      2.90     0.00      0.0
      1773 upload                   98177.75     50.12     18.41      2.10     0.00      0.0
      1774 gather_rows              98246.28     10.92      4.24      2.00     0.00      0.4
      1775 gemm(gemv)               98261.44     23.54     21.30      2.40     0.59     25.1
      1776 gemm(gemv)               98306.28     44.40     22.20      1.80     0.59     13.3
      1777 silu_mul                 98372.88     18.52     11.31      1.70     0.00      0.0
      1778 gemm(gemv)               98402.71     22.84     16.42      2.60     0.59     25.8
      1779 scatter_axpy             98441.97     28.73      2.61      2.60     0.00      0.1
      1780 gemm(gemv)               98473.31     26.59      9.07      2.70     0.59     22.2
      1781 gemm(gemv)               98508.97     19.88     10.99      2.50     0.59     29.7
      1782 silu_mul                 98539.84     22.47     14.15      2.50     0.00      0.0
      1783 gemm(gemv)               98576.46     28.39     12.99      2.30     0.59     20.8
      1784 add_inplace              98617.84     18.20      7.60      2.90     0.00      0.0
      1785 add_inplace              98643.64     21.94     15.82      2.40     0.00      0.0
      1786 rmsnorm                  98681.40     27.02     13.53      2.60     0.00      0.0
      1787 gemm_group               98721.95     48.23      7.04      2.50     0.00      0.0
      1788 qk_norm                  98777.22      0.32     10.72      3.60     0.00      0.0
      1789 rope                     98788.26     99.40     23.02   3149.70     0.00      0.0
      1790 kv_append                98910.68     24.09      9.04      2.30     0.00      0.0
      1791 attention                98943.81     36.19     15.23      5.80     0.00      0.0
      1792 gemm(gemv)               98995.23      0.36     25.70      3.00     0.07    204.8
      1793 softplus_act             99021.29     21.50     18.95      1.90     0.00      0.0
      1794 mul_head_bcast           99061.74     24.29     15.54      2.50     0.00      0.0
      1795 gemm(gemv)               99101.57     43.59     15.01      2.90     9.44    216.5
      1796 add_inplace              99160.17      0.36     16.84      2.10     0.00      0.0
      1797 rmsnorm                  99177.37     24.42     20.92      2.80     0.00      0.0
      1798 fill0                    99222.71     42.13      2.47      2.90     0.00      0.0
      1799 gemm(gemv)               99267.31     33.12     15.85      2.40     1.05     31.7
      1800 download_f32             99316.28     78.90    142.70    142.90     0.00      0.0
      1801 upload_i32               99537.88     18.87     98.28      3.60     0.00      0.0
      1802 upload                   99655.03     32.29     14.21      2.30     0.00      0.0
      1803 gather_rows              99701.53     18.93     18.39      3.20     0.00      0.2
      1804 gemm(gemv)               99738.85     23.10     15.66      3.30     0.59     25.5
      1805 gemm(gemv)               99777.61     25.49     14.69      2.30     0.59     23.1
      1806 silu_mul                 99817.79     17.08     12.31     33.10     0.00      0.0
      1807 gemm(gemv)               99847.18     22.74     16.89      2.60     0.59     25.9
      1808 scatter_axpy             99886.81     26.34     12.92      2.20     0.00      0.2
      1809 upload_i32               99926.07     32.67      0.00      2.70     0.00      0.0
      1810 upload                   99958.74     32.96     18.85      2.60     0.00      0.0
      1811 gather_rows             100010.55     34.34     18.62      2.20     0.00      0.1
      1812 gemm(gemv)              100063.51     29.56     14.86      3.00     0.59     20.0
      1813 gemm(gemv)              100107.93     54.18     29.24      2.60     0.59     10.9
      1814 silu_mul                100191.35     18.23     11.86      1.90     0.00      0.0
      1815 gemm(gemv)              100221.44     52.36      1.43      2.90     0.59     11.3
      1816 scatter_axpy            100275.23      0.36     10.88      2.10     0.00     11.4
      1817 upload_i32              100286.47     37.54      9.00      2.20     0.00      0.0
      1818 upload                  100333.01     33.41     17.02      2.00     0.00      0.0
      1819 gather_rows             100383.44     26.78     15.33      2.10     0.00      0.2
      1820 gemm(gemv)              100425.55     47.07     33.82      2.60     0.59     12.5
      1821 gemm(gemv)              100506.44      0.00     39.41      2.80     0.59      0.0
      1822 silu_mul                100545.85      1.48     69.82      2.10     0.00      0.0
      1823 gemm(gemv)              100617.15     20.32     37.99      2.40     0.59     29.0
      1824 scatter_axpy            100675.46     43.04     12.28      1.80     0.00      0.1
      1825 upload_i32              100730.78     33.80      1.32      2.80     0.00      0.0
      1826 upload                  100765.90      6.16     50.16      2.30     0.00      0.0
      1827 gather_rows             100822.22      0.36     44.96      2.20     0.00     11.4
      1828 gemm(gemv)              100867.54     45.76      0.00      2.90     0.59     12.9
      1829 gemm(gemv)              100913.30     10.16      1.28      2.60     0.59     58.1
      1830 silu_mul                100924.74     53.60     21.80      2.20     0.00      0.0
      1831 gemm(gemv)              101000.14      0.00     15.72      2.20     0.59      0.0
      1832 scatter_axpy            101015.86      0.36     49.88      2.20     0.00     11.4
      1833 upload_i32              101066.10     53.64      8.56      2.30     0.00      0.0
      1834 upload                  101128.30     37.32      4.20      2.70     0.00      0.0
      1835 gather_rows             101169.82     63.40     22.74      1.90     0.00      0.1
      1836 gemm(gemv)              101255.96      9.20      3.36      2.40     0.59     64.1
      1837 gemm(gemv)              101268.52     42.72     12.12      2.20     0.59     13.8
      1838 silu_mul                101323.36      6.08      2.60      2.30     0.00      0.0
      1839 gemm(gemv)              101332.04     42.16     14.92      2.80     0.59     14.0
      1840 scatter_axpy            101389.12      0.36     10.52      2.00     0.00     11.4
      1841 upload_i32              101400.00     68.24      7.06      3.10     0.00      0.0
      1842 upload                  101475.30     30.58      4.08      3.10     0.00      0.0
      1843 gather_rows             101509.96      0.36     65.24      2.30     0.00     11.4
      1844 gemm(gemv)              101575.56     46.08      0.00      3.60     0.59     12.8
      1845 gemm(gemv)              101621.64     10.68      1.32      3.10     0.59     55.2
      1846 silu_mul                101633.64     42.64     12.42      2.90     0.00      0.0
      1847 gemm(gemv)              101688.70      0.36     15.60      2.30     0.59   1638.4
      1848 scatter_axpy            101704.66      0.36     44.40      2.20     0.00     11.4
      1849 upload_i32              101749.42     50.24      5.14      2.10     0.00      0.0
      1850 upload                  101804.80     17.48     26.16      2.00     0.00      0.0
      1851 gather_rows             101848.44     20.76     14.80      2.00     0.00      0.2
      1852 gemm(gemv)              101884.00     62.12     21.56      2.90     0.59      9.5
      1853 gemm(gemv)              101967.68      0.86      9.12      2.80     0.59    685.8
      1854 silu_mul                101977.66      0.32     62.64      1.50     0.00      0.0
      1855 gemm(gemv)              102040.62     47.64      0.00      2.30     0.59     12.4
      1856 scatter_axpy            102088.26      0.36     10.72      2.00     0.00     11.4
      1857 upload_i32              102099.34     55.20     13.18      2.30     0.00      0.0
      1858 upload                  102167.72     58.92     21.16      2.30     0.00      0.0
      1859 gather_rows             102247.80      0.00     14.00      1.80     0.00      0.0
      1860 gemm(gemv)              102261.80      0.36     46.96      2.40     0.59   1638.4
      1861 gemm(gemv)              102309.12     44.56      6.28      1.70     0.59     13.2
      1862 silu_mul                102359.96      0.36     11.00      2.50     0.00      0.0
      1863 gemm(gemv)              102371.32     49.84     15.48      2.20     0.59     11.8
      1864 scatter_axpy            102436.64    111.96     11.00      2.20     0.00      0.0
      1865 gemm(gemv)              102559.60     15.80    155.56      2.80     0.59     37.3
      1866 gemm(gemv)              102730.96     19.88     11.16      1.90     0.59     29.7
      1867 silu_mul                102762.00     60.08     14.64      1.70     0.00      0.0
      1868 gemm(gemv)              102836.72      0.44     15.20      2.40     0.59   1340.5
      1869 add_inplace             102852.36     43.00      0.00      2.10     0.00      0.0
      1870 add_inplace             102895.36      3.30      9.40      1.80     0.00      0.0
      1871 rmsnorm                 102908.06      1.44     51.96      3.90     0.00      0.0
      1872 gemm(gemv)              102961.46     78.72     25.04      2.90     9.44    119.9
      1873 gemm(gemv)              103065.22      0.36     11.84      2.20     1.18   3276.8
      1874 gemm(gemv)              103077.42     67.20     29.04      2.30     1.72     25.6
      1875 qk_norm                 103173.66      2.48     22.04      2.90     0.00      0.0
      1876 rope                    103198.18      0.36    189.36      2.80     0.00      0.0
      1877 kv_append               103387.90     49.20      0.00      2.50     0.00      0.0
      1878 attention               103437.10     17.68      2.52     13.70     0.00      0.0
      1879 gemm(gemv)              103457.30      0.32     53.08      2.30     0.07    230.4
      1880 softplus_act            103510.70     43.56      1.80      1.70     0.00      0.0
      1881 mul_head_bcast          103556.06      0.00     12.60      1.70     0.00      0.0
      1882 gemm(gemv)              103568.66     24.48     40.00      2.40     9.44    385.5
      1883 add_inplace             103633.14      1.94     10.28      2.30     0.00      0.0
      1884 rmsnorm                 103645.36      0.36     50.80      2.10     0.00      0.0
      1885 fill0                   103696.52     42.32      6.28      2.00     0.00      0.0
      1886 gemm(gemv)              103745.12      0.00     14.00      3.00     1.05      0.0
      1887 download_f32            103759.12     57.84     63.30     63.30     0.00      0.0
      1888 upload_i32              103880.26     41.12     14.56      2.60     0.00      0.0
      1889 upload                  103935.94     19.48     14.80      2.10     0.00      0.0
      1890 gather_rows             103970.22     20.20     14.64      2.50     0.00      0.2
      1891 gemm(gemv)              104005.06     64.72     13.06      3.40     0.59      9.1
      1892 gemm(gemv)              104082.84      0.36     10.08      2.10     0.59   1638.4
      1893 silu_mul                104093.28     43.04      0.00      1.90     0.00      0.0
      1894 gemm(gemv)              104136.32     18.40      3.60      2.20     0.86     46.7
      1895 scatter_axpy            104158.32     42.48     14.88      1.70     0.00      0.1
      1896 upload_i32              104215.68     18.16     17.96      2.20     0.00      0.0
      1897 upload                  104251.80     49.28     18.76      2.10     0.00      0.0
      1898 gather_rows             104319.84     10.42     22.52      1.80     0.00      0.4
      1899 gemm(gemv)              104352.78      0.36     64.64      3.00     0.59   1638.4
      1900 gemm(gemv)              104417.78     45.60      8.72      2.10     0.59     12.9
      1901 silu_mul                104472.10      0.00     13.88      2.20     0.00      0.0
      1902 gemm(gemv)              104485.98      0.36     52.80      2.60     0.86   2389.3
      1903 scatter_axpy            104539.14     43.60      7.08      2.30     0.00      0.1
      1904 upload_i32              104589.82     17.88     18.60      1.80     0.00      0.0
      1905 upload                  104626.30     43.34     17.44      1.90     0.00      0.0
      1906 gather_rows             104687.08      0.36     64.64      2.10     0.00     11.4
      1907 gemm(gemv)              104752.08     46.40      8.96      3.60     0.59     12.7
      1908 gemm(gemv)              104807.44      1.08     15.56      2.70     0.59    546.1
      1909 silu_mul                104824.08      0.32     64.48      1.90     0.00      0.0
      1910 gemm(gemv)              104888.88     48.00     10.00      2.10     0.86     17.9
      1911 scatter_axpy            104946.88      0.00     14.04      1.80     0.00      0.0
      1912 upload_i32              104960.92      7.76     58.80      2.70     0.00      0.0
      1913 upload                  105027.48     75.68     33.14      2.10     0.00      0.0
      1914 gather_rows             105136.30      0.00     24.40      2.40     0.00      0.0
      1915 gemm(gemv)              105160.70      0.32     51.68     28.70     0.59   1843.2
      1916 gemm(gemv)              105212.70     59.30      3.30      2.10     0.59      9.9
      1917 silu_mul                105275.30      1.96     57.04      2.30     0.00      0.0
      1918 gemm(gemv)              105334.30      0.44     81.24      2.30     0.86   1954.9
      1919 scatter_axpy            105415.98     43.92      0.00      2.50     0.00      0.1
      1920 upload_i32              105459.90     46.12     18.08      2.60     0.00      0.0
      1921 upload                  105524.10     34.28     11.84      2.10     0.00      0.0
      1922 gather_rows             105570.22     14.70     53.76      3.00     0.00      0.3
      1923 gemm(gemv)              105638.68      0.36     68.32      3.00     0.59   1638.4
      1924 gemm(gemv)              105707.36     46.76      8.96      2.30     0.59     12.6
      1925 silu_mul                105763.08      0.00     14.32      2.40     0.00      0.0
      1926 gemm(gemv)              105777.40      0.32     53.92      2.30     0.86   2688.0
      1927 scatter_axpy            105831.64     43.80      6.80      2.00     0.00      0.1
      1928 upload_i32              105882.24     56.40     19.32      2.10     0.00      0.0
      1929 upload                  105957.96     61.20      4.16      2.40     0.00      0.0
      1930 gather_rows             106023.32      0.44     18.32      2.10     0.00      9.3
      1931 gemm(gemv)              106042.08      0.36     45.24      1.80     0.59   1638.4
      1932 gemm(gemv)              106087.68     44.00      9.24      2.70     0.59     13.4
      1933 silu_mul                106140.92      0.44     14.68      2.20     0.00      0.0
      1934 gemm(gemv)              106156.04      0.44     50.68      1.80     0.86   1954.9
      1935 scatter_axpy            106207.16     42.16      6.24      2.00     0.00      0.1
      1936 upload_i32              106255.56     17.56     18.88      2.30     0.00      0.0
      1937 upload                  106292.00     42.20     17.40      2.20     0.00      0.0
      1938 gather_rows             106351.60      0.32     64.76      2.00     0.00     12.8
      1939 gemm(gemv)              106416.68     47.32      8.92      2.80     0.59     12.5
      1940 gemm(gemv)              106472.92     14.32      1.32      2.20     0.59     41.2
      1941 silu_mul                106488.56     41.40     15.08      1.80     0.00      0.0
      1942 gemm(gemv)              106545.04     17.80      3.56      1.90     0.86     48.3
      1943 scatter_axpy            106566.40      0.36     52.04      2.20     0.00     11.4
      1944 upload_i32              106618.80     54.48      0.00      2.50     0.00      0.0
      1945 upload                  106673.28    103.24     26.60      1.80     0.00      0.0
      1946 gather_rows             106803.12      0.76     19.52      2.30     0.00      5.4
      1947 gemm(gemv)              106823.40    240.96     23.52     48.30     0.59      2.4
      1948 gemm(gemv)              107087.88     26.88     12.52      3.50     0.59     21.9
      1949 silu_mul                107127.28     46.88     13.72      1.80     0.00      0.0
      1950 gemm(gemv)              107187.88      5.22     18.00      2.30     0.86    164.8
      1951 scatter_axpy            107211.10      0.36     65.84      2.20     0.00     11.4
      1952 gemm(gemv)              107277.30     48.20     11.04      3.10     0.59     12.2
      1953 gemm(gemv)              107336.54      7.06     15.40      2.70     0.59     83.5
      1954 silu_mul                107359.00      0.36     69.00      1.70     0.00      0.0
      1955 gemm(gemv)              107428.36     66.84      4.34      2.50     0.86     12.9
      1956 add_inplace             107499.54      0.48     23.96      2.20     0.00      0.0
      1957 add_inplace             107523.98      0.36     46.04      1.70     0.00      0.0
      1958 rmsnorm                 107570.38     53.24      1.72      2.20     0.00      0.0
      1959 gemm_group              107625.34     41.60      1.44      2.30     0.00      0.0
      1960 qk_norm                 107668.38     45.64      7.68      3.70     0.00      0.0
      1961 rope                    107721.70      1.32     15.28      2.80     0.00      0.0
      1962 kv_append               107738.30      0.32     52.88      2.20     0.00      0.0
      1963 attention               107791.50     59.96      7.90      4.90     0.00      0.0
      1964 gemm(gemv)              107859.36      0.32      6.28      2.10     0.07    230.4
      1965 softplus_act            107865.96     51.28     14.04      2.10     0.00      0.0
      1966 mul_head_bcast          107931.28      0.00     14.52      2.40     0.00      0.0
      1967 gemm(gemv)              107945.80     29.24     44.80      2.40     9.44    322.7
      1968 add_inplace             108019.84      0.44     16.72      2.10     0.00      0.0
      1969 rmsnorm                 108037.00      0.48     65.24      2.10     0.00      0.0
      1970 fill0                   108102.72     19.38     55.00      1.50     0.00      0.0
      1971 gemm(gemv)              108177.10     12.38    101.72      2.00     1.05     84.7
      1972 download_f32            108291.20     68.44    112.00    111.30     0.00      0.0
      1973 upload_i32              108471.64     13.10      4.16      4.50     0.00      0.0
      1974 upload                  108488.90      4.64     58.76      2.90     0.00      0.0
      1975 gather_rows             108552.30      0.36     47.84      4.80     0.00     11.4
      1976 gemm(gemv)              108600.50     49.24      0.00      3.90     0.59     12.0
      1977 gemm(gemv)              108649.74      0.36     10.64      2.90     0.59   1638.4
      1978 silu_mul                108660.74     65.68     20.56      2.10     0.00      0.0
      1979 gemm(gemv)              108746.98      9.48      4.04      2.80     0.59     62.2
      1980 scatter_axpy            108760.50     49.92      4.10      2.10     0.00      0.1
      1981 upload_i32              108814.52     20.08      2.44      2.20     0.00      0.0
      1982 upload                  108837.04     51.68     16.32      2.80     0.00      0.0
      1983 gather_rows             108905.04     11.28      4.20      1.90     0.00      0.4
      1984 gemm(gemv)              108920.52     67.16     21.98      3.70     0.59      8.8
      1985 gemm(gemv)              109009.66      7.96      1.28      1.70     0.59     74.1
      1986 silu_mul                109018.90     43.60     12.44      1.60     0.00      0.0
      1987 gemm(gemv)              109074.94      8.40      3.52      2.30     0.59     70.2
      1988 scatter_axpy            109086.86     47.08      2.64      2.00     0.00      0.1
      1989 upload_i32              109136.58     20.48      2.64      2.40     0.00      0.0
      1990 upload                  109159.70     44.06     16.04      2.40     0.00      0.0
      1991 gather_rows             109219.80      0.32     68.48      2.00     0.00     12.8
      1992 gemm(gemv)              109288.60     52.48      0.00      2.90     0.59     11.2
      1993 gemm(gemv)              109341.08      8.08      1.28      2.10     0.59     73.0
      1994 silu_mul                109350.44     43.24     11.60      2.10     0.00      0.0
      1995 gemm(gemv)              109405.28      0.00     12.64      2.30     0.59      0.0
      1996 scatter_axpy            109417.92      0.36     49.64      2.20     0.00     11.4
      1997 upload_i32              109467.92     57.72      6.50      3.00     0.00      0.0
      1998 upload                  109532.14    177.82      4.16      2.20     0.00      0.0
      1999 gather_rows             109714.12      0.36    214.36      2.40     0.00     11.4
      2000 gemm(gemv)              109928.84     64.56      0.00      2.80     0.59      9.1
      2001 gemm(gemv)              109993.40      0.36     10.36      2.20     0.59   1638.4
      2002 silu_mul                110004.12     45.28      3.72      2.00     0.00      0.0
      2003 gemm(gemv)              110053.12      0.44     16.16      3.50     0.59   1340.5
      2004 scatter_axpy            110069.72      0.44     47.12      3.20     0.00      9.3
      2005 upload_i32              110117.28     54.12      1.36      2.30     0.00      0.0
      2006 upload                  110172.76     16.12     19.40      2.40     0.00      0.0
      2007 gather_rows             110208.28      0.36     65.84      1.90     0.00     11.4
      2008 gemm(gemv)              110274.48     47.96     17.64      2.60     0.59     12.3
      2009 gemm(gemv)              110340.08     40.00     14.66      2.50     0.59     14.7
      2010 silu_mul                110394.74    204.28      6.90      1.80     0.00      0.0
      2011 gemm(gemv)              110605.92      0.00     13.32      2.80     0.59      0.0
      2012 scatter_axpy            110619.24      5.94     47.36      2.20     0.00      0.7
      2013 upload_i32              110672.54     72.24     34.30      2.30     0.00      0.0
      2014 upload                  110779.08     76.68      6.36      2.30     0.00      0.0
      2015 gather_rows             110862.12      0.36    164.88      2.10     0.00     11.4
      2016 gemm(gemv)              111027.36     21.44     10.20      3.60     0.59     27.5
      2017 gemm(gemv)              111059.00     64.00     12.56      2.20     0.59      9.2
      2018 silu_mul                111135.56      6.32      1.32      2.20     0.00      0.0
      2019 gemm(gemv)              111143.20     22.60     13.88      2.70     0.59     26.1
      2020 scatter_axpy            111179.68     45.80      0.00      2.20     0.00      0.1
      2021 upload_i32              111225.48      8.72     12.88      2.30     0.00      0.0
      2022 upload                  111247.08     16.14     52.96      2.70     0.00      0.0
      2023 gather_rows             111316.18      0.36     69.12      2.80     0.00     11.4
      2024 gemm(gemv)              111385.66     47.64      0.00      3.10     0.59     12.4
      2025 gemm(gemv)              111433.30      7.84      1.32      2.40     0.59     75.2
      2026 silu_mul                111442.46     18.36     13.20      1.90     0.00      0.0
      2027 gemm(gemv)              111474.02     45.60     14.16      2.20     0.59     12.9
      2028 scatter_axpy            111533.78      0.36     10.36      1.90     0.00     11.4
      2029 upload_i32              111544.50     37.76      6.28      1.70     0.00      0.0
      2030 upload                  111588.54     34.46     15.36      2.10     0.00      0.0
      2031 gather_rows             111638.36      0.36     51.68      2.20     0.00     11.4
      2032 gemm(gemv)              111690.40     50.72      1.76      2.80     0.59     11.6
      2033 gemm(gemv)              111742.88      0.36     10.32      1.90     0.59   1638.4
      2034 silu_mul                111753.56     44.28      6.00      2.20     0.00      0.0
      2035 gemm(gemv)              111803.84      0.00     12.24      1.90     0.59      0.0
      2036 scatter_axpy            111816.08      0.32     49.12      2.10     0.00     12.8
      2037 gemm(gemv)              111865.52      2.58     20.68      2.50     0.59    228.6
      2038 gemm(gemv)              111888.78      0.44     50.96      2.60     0.59   1340.5
      2039 silu_mul                111940.18     45.72      4.40      2.10     0.00      0.0
      2040 gemm(gemv)              111990.30      0.48     18.16      2.40     0.59   1228.8
      2041 add_inplace             112008.94      0.36     44.68      1.90     0.00      0.0
      2042 add_inplace             112053.98     47.72      6.10      1.60     0.00      0.0
      2043 rmsnorm                 112107.80      9.24      3.48      2.70     0.00      0.0
      2044 gemm_group              112120.52    102.00      9.46      2.40     0.00      0.0
      2045 qk_norm                 112231.98      0.32     10.44      3.90     0.00      0.0
      2046 rope                    112242.74    168.44      0.00   3541.20     0.00      0.0
      2047 kv_append               112411.18      0.00     13.24      3.30     0.00      0.0
      2048 attention               112424.42      0.48     63.08      8.30     0.00      0.0
      2049 gemm(gemv)              112487.98     44.72      1.40      3.30     0.06      1.2
      2050 softplus_act            112534.10      0.00     13.04      2.10     0.00      0.0
      2051 mul_head_bcast          112547.14      0.36     50.20      1.90     0.00      0.0
      2052 gemm(gemv)              112597.70     65.56      7.14      3.00     7.08    108.0
      2053 add_inplace             112670.40      0.36      9.72      1.90     0.00      0.0
      2054 rmsnorm                 112680.48     51.84      4.06      2.00     0.00      0.0
      2055 fill0                   112736.38      7.32     11.84      2.70     0.00      0.0
      2056 gemm(gemv)              112755.54     14.62     67.48      3.20     1.05     71.7
      2057 download_f32            112837.64     89.76    117.30    116.70     0.00      0.0
      2058 upload_i32              113044.70     73.78      4.16      4.40     0.00      0.0
      2059 upload                  113122.64     58.84     93.40      2.40     0.00      0.0
      2060 gather_rows             113274.88     88.76     13.46      3.70     0.00      0.0
      2061 gemm(gemv)              113377.10     63.36      2.52      3.70     0.59      9.3
      2062 gemm(gemv)              113442.98     88.84     11.46      2.40     0.59      6.6
      2063 silu_mul                113543.28     50.52      1.32      2.00     0.00      0.0
      2064 gemm(gemv)              113595.12    428.70     46.62      2.40     0.59      1.4
      2065 scatter_axpy            114070.44      0.36     74.20      2.20     0.00     11.4
      2066 upload_i32              114145.00     56.88      1.64      2.40     0.00      0.0
      2067 upload                  114203.52     42.72     28.40      2.10     0.00      0.0
      2068 gather_rows             114274.64      0.00     18.00      2.10     0.00      0.0
      2069 gemm(gemv)              114292.64      0.32     50.12      2.80     0.59   1843.2
      2070 gemm(gemv)              114343.08     46.00     10.60      2.50     0.59     12.8
      2071 silu_mul                114399.68     10.62     13.84      1.80     0.00      0.0
      2072 gemm(gemv)              114424.14      0.48     69.32      2.40     0.59   1228.8
      2073 scatter_axpy            114493.94     48.72      0.00      2.60     0.00      0.1
      2074 warm_read               114542.66     11.56      3.52    167.00     0.00      0.0
      2075 warm_read               114557.74      4.16     48.12    136.30     0.00      0.0
      2076 warm_read               114610.02     45.20      5.62    140.00     0.00      0.0
      2077 upload_paged            114660.84     67.68      4.16   1179.20     1.77     26.1
      2078 upload_i32              114732.68     38.44      4.12      7.20     0.00      0.0
      2079 upload                  114775.24     17.40     59.12      4.40     0.00      0.0
      2080 gather_rows             114851.76      0.36     25.64      6.40     0.00     11.4
      2081 gemm(gemv)              114877.76      0.36     50.08      3.80     0.59   1638.4
      2082 gemm(gemv)              114928.20     47.80      0.00      2.30     0.59     12.3
      2083 silu_mul                114976.00      6.60      1.32      3.90     0.00      0.0
      2084 gemm(gemv)              114983.92     46.56     13.36      5.50     0.59     12.7
      2085 scatter_axpy            115043.84      0.36     12.32      2.60     0.00     11.4
      2086 upload_i32              115056.52     91.00     42.88      3.50     0.00      0.0
      2087 upload                  115190.40     27.76      5.80      2.80     0.00      0.0
      2088 gather_rows             115223.96     11.96     60.08      2.50     0.00      0.3
      2089 gemm(gemv)              115296.00     50.20      0.00      4.00     0.59     11.7
      2090 gemm(gemv)              115346.20      0.00     18.92      2.40     0.59      0.0
      2091 silu_mul                115365.12     49.68     48.80      2.10     0.00      0.0
      2092 gemm(gemv)              115463.60     58.32     20.02      3.40     0.59     10.1
      2093 scatter_axpy            115541.94      0.32     61.76      2.40     0.00     12.8
      2094 warm_read               115604.02     38.48     63.52    165.60     0.00      0.0
      2095 warm_read               115706.02      7.76     70.04    167.20     0.00      0.0
      2096 warm_read               115783.82     17.44     14.88    169.00     0.00      0.0
      2097 upload_paged            115816.14      4.24     40.96    463.30     1.77    417.3
      2098 upload_i32              115861.34     58.80     23.56      6.30     0.00      0.0
      2099 upload                  115943.70      0.00      4.64      2.90     0.00      0.0
      2100 gather_rows             115948.34     43.52     19.88      5.00     0.00      0.1
      2101 gemm(gemv)              116011.74      7.56      2.60      3.40     0.59     78.0
      2102 gemm(gemv)              116021.90     47.00     13.04      2.20     0.59     12.5
      2103 silu_mul                116081.94      6.40      1.32      1.90     0.00      0.0
      2104 gemm(gemv)              116089.66     22.52     13.64      2.20     0.59     26.2
      2105 scatter_axpy            116125.82     45.60     10.02      2.30     0.00      0.1
      2106 upload_i32              116181.44      9.60     14.00      2.20     0.00      0.0
      2107 upload                  116205.04      4.64     53.88      2.50     0.00      0.0
      2108 gather_rows             116263.56      0.32     49.16      2.30     0.00     12.8
      2109 gemm(gemv)              116313.04     51.12      3.10      3.40     0.59     11.5
      2110 gemm(gemv)              116367.26      0.36      8.60      2.30     0.59   1638.4
      2111 silu_mul                116376.22     48.96     10.32      1.80     0.00      0.0
      2112 gemm(gemv)              116435.50      8.16      4.12      2.40     0.59     72.3
      2113 scatter_axpy            116447.78    281.84     20.66      2.40     0.00      0.0
      2114 warm_read               116750.28    260.36    212.26    214.40     0.00      0.0
      2115 warm_read               117222.90     58.80      0.00    180.70     0.00      0.0
      2116 warm_read               117281.70      0.00      4.16    149.00     0.00      0.0
      2117 upload_paged            117285.86      5.32     45.72    653.90     1.77    332.6
      2118 upload_i32              117336.90     54.84     11.80      4.70     0.00      0.0
      2119 upload                  117403.54     71.00      8.12      2.60     0.00      0.0
      2120 gather_rows             117482.66     46.12      4.16      4.90     0.00      0.1
      2121 gemm(gemv)              117532.94     47.64      7.82      3.30     0.59     12.4
      2122 gemm(gemv)              117588.40     74.56     17.66      2.30     0.59      7.9
      2123 silu_mul                117680.62     43.52      1.32      2.50     0.00      0.0
      2124 gemm(gemv)              117725.46     64.60      1.80      2.50     0.59      9.1
      2125 scatter_axpy            117791.86     10.32    180.88      2.20     0.00      0.4
      2126 warm_read               117983.06     22.36     67.44    145.40     0.00      0.0
      2127 warm_read               118072.86      3.76     57.44    170.90     0.00      0.0
      2128 warm_read               118134.06      4.04     43.84    210.20     0.00      0.0
      2129 upload_paged            118181.94    291.32     59.28    634.70     1.77      6.1
      2130 upload_i32              118532.54     42.76      4.16      6.70     0.00      0.0
      2131 upload                  118579.46     15.32     59.16      3.00     0.00      0.0
      2132 gather_rows             118653.94     48.92      0.00      5.10     0.00      0.1
      2133 gemm(gemv)              118702.86      0.36     12.48      3.10     0.59   1638.4
      2134 gemm(gemv)              118715.70     50.96     13.24      1.80     0.59     11.6
      2135 silu_mul                118779.90      9.20      1.28      2.30     0.00      0.0
      2136 gemm(gemv)              118790.38     22.84     13.04      2.10     0.59     25.8
      2137 scatter_axpy            118826.26     45.72      6.58      2.50     0.00      0.1
      2138 gemm(gemv)              118878.56      7.48      2.60      2.80     0.59     78.9
      2139 gemm(gemv)              118888.64     44.60     12.12      2.20     0.59     13.2
      2140 silu_mul                118945.36      6.60      1.28      2.30     0.00      0.0
      2141 gemm(gemv)              118953.24     44.92     13.60      2.40     0.59     13.1
      2142 add_inplace             119011.76      0.36      9.92      3.40     0.00      0.0
      2143 add_inplace             119022.04     62.20     19.00      1.90     0.00      0.0
      2144 rmsnorm                 119103.24      9.08      4.08      2.90     0.00      0.0
      2145 gemm(gemv)              119116.40     72.72      6.44      3.20     9.44    129.8
      2146 gemm(gemv)              119195.56      0.36     10.56      3.10     1.18   3276.8
      2147 gemm(gemv)              119206.48     12.56      2.96      2.50     1.72    137.0
      2148 qk_norm                 119222.00     73.70     22.04      3.60     0.00      0.0
      2149 rope                    119317.74    150.16      1.00    877.00     0.00      0.0
      2150 kv_append               119468.90      0.36     10.08      3.00     0.00      0.0
      2151 attention               119479.34     21.68     39.28      7.50     0.00      0.0
      2152 gemm(gemv)              119540.30     69.28      6.24      2.60     0.07      1.1
      2153 softplus_act            119615.82      0.00     12.16      2.00     0.00      0.0
      2154 mul_head_bcast          119627.98      0.36     51.36      2.20     0.00      0.0
      2155 gemm(gemv)              119679.70     71.20      5.38      2.00     9.44    132.5
      2156 add_inplace             119756.28      0.36     10.24      2.00     0.00      0.0
      2157 rmsnorm                 119766.88      2.54     15.56      2.40     0.00      0.0
      2158 fill0                   119784.98      0.36     51.12      3.00     0.00      0.0
      2159 gemm(gemv)              119836.46     70.80     22.32      2.60     1.05     14.8
      2160 download_f32            119929.58     64.20     76.80     76.80     0.00      0.0
      2161 upload_i32              120070.58      4.62     14.68      4.10     0.00      0.0
      2162 upload                  120089.88     15.32     49.88      2.60     0.00      0.0
      2163 gather_rows             120155.08     47.08      0.00      3.30     0.00      0.1
      2164 gemm(gemv)              120202.16      7.68      2.28      3.50     0.59     76.8
      2165 gemm(gemv)              120212.12     52.52     16.26      3.20     0.59     11.2
      2166 silu_mul                120280.90      0.32      7.40      2.00     0.00      0.0
      2167 gemm(gemv)              120288.62     47.92      8.26      1.80     0.86     17.9
      2168 scatter_axpy            120344.80      0.36     10.52      2.40     0.00     11.4
      2169 upload_i32              120355.68     69.40     17.70      2.70     0.00      0.0
      2170 upload                  120442.78     16.60     25.24      2.00     0.00      0.0
      2171 gather_rows             120484.62      0.36     67.28      2.00     0.00     11.4
      2172 gemm(gemv)              120552.26     51.60      1.12      3.20     0.59     11.4
      2173 gemm(gemv)              120604.98      8.12      1.28      2.30     0.59     72.6
      2174 silu_mul                120614.38     43.60     11.56      2.00     0.00      0.0
      2175 gemm(gemv)              120669.54      9.88      4.00      2.40     0.86     87.1
      2176 scatter_axpy            120683.42     46.36      5.16      2.10     0.00      0.1
      2177 upload_i32              120734.94      7.48     12.88      2.60     0.00      0.0
      2178 upload                  120755.30      4.64     52.12      2.20     0.00      0.0
      2179 gather_rows             120812.06      0.36     48.00      2.30     0.00     11.4
      2180 gemm(gemv)              120860.42     50.56      5.36      1.90     0.59     11.7
      2181 gemm(gemv)              120916.34      8.16      1.28      2.40     0.59     72.3
      2182 silu_mul                120925.78     42.96     11.84      2.30     0.00      0.0
      2183 gemm(gemv)              120980.58     10.00      3.52      2.10     0.86     86.0
      2184 scatter_axpy            120994.10     45.36      5.88      1.80     0.00      0.1
      2185 upload_i32              121045.34     93.04     12.28      2.30     0.00      0.0
      2186 upload                  121150.66     44.44     17.12      2.10     0.00      0.0
      2187 gather_rows             121212.22      1.46     14.20      3.20     0.00      2.8
      2188 gemm(gemv)              121227.88      0.44     52.16      3.50     0.59   1340.5
      2189 gemm(gemv)              121280.48     30.43      7.50      1.90     0.59     19.4
      2190 silu_mul                121318.41     43.70     19.17      1.80     0.00      0.0
      2191 gemm(gemv)              121381.28     33.23      3.50      2.50     0.86     25.9
      2192 scatter_axpy            121418.01     20.96      4.68      2.00     0.00      0.2
      2193 upload_i32              121443.65     41.14     13.87      2.30     0.00      0.0
      2194 upload                  121498.66     38.15     19.37      2.30     0.00      0.0
      2195 gather_rows             121556.18     22.13     26.52      2.20     0.00      0.2
      2196 gemm(gemv)              121604.83     27.85     15.91      3.50     0.59     21.2
      2197 gemm(gemv)              121648.59     60.21     29.99      1.90     0.59      9.8
      2198 silu_mul                121738.79     18.45     11.29      2.50     0.00      0.0
      2199 gemm(gemv)              121768.53      0.44     41.48      2.30     0.86   1954.9
      2200 scatter_axpy            121810.45     21.04     20.41      1.90     0.00      0.2
      2201 upload_i32              121851.90     44.48     14.01      2.30     0.00      0.0
      2202 upload                  121910.39     52.96     16.96      2.50     0.00      0.0
      2203 gather_rows             121980.31      0.00     21.04      2.40     0.00      0.0
      2204 gemm(gemv)              122001.35      1.28     72.62      3.40     0.59    460.8
      2205 gemm(gemv)              122075.25      0.36     50.28      3.10     0.59   1638.4
      2206 silu_mul                122125.89     70.92     21.06      2.10     0.00      0.0
      2207 gemm(gemv)              122217.87     72.16     17.18      2.30     0.86     11.9
      2208 scatter_axpy            122307.21      0.00     13.68      1.90     0.00      0.0
      2209 upload_i32              122320.89      0.00     57.80      2.00     0.00      0.0
      2210 upload                  122378.69      6.14     51.76      2.70     0.00      0.0
      2211 gather_rows             122436.59      0.36     49.52      2.60     0.00     11.4
      2212 gemm(gemv)              122486.47     18.04      3.44      2.90     0.59     32.7
      2213 gemm(gemv)              122507.95     48.60     14.54      2.40     0.59     12.1
      2214 silu_mul                122571.09      6.60      1.32      1.70     0.00      0.0
      2215 gemm(gemv)              122579.01     49.72     13.88      2.00     0.86     17.3
      2216 scatter_axpy            122642.61      0.36     10.52      1.80     0.00     11.4
      2217 upload_i32              122653.49     62.80     19.10      2.80     0.00      0.0
      2218 upload                  122735.39     31.08      4.16      2.20     0.00      0.0
      2219 gather_rows             122770.63     62.84     13.36      2.30     0.00      0.1
      2220 gemm(gemv)              122846.83      7.72      2.44      2.50     0.59     76.4
      2221 gemm(gemv)              122856.99     44.56     12.76      2.40     0.59     13.2
      2222 silu_mul                122914.31      6.36      1.36      2.40     0.00      0.0
      2223 gemm(gemv)              122922.03     46.52     14.28      2.80     0.86     18.5
      2224 scatter_axpy            122982.83      0.36     10.76      2.20     0.00     11.4
      2225 gemm(gemv)              122993.95     65.60      8.84      3.50     0.59      9.0
      2226 gemm(gemv)              123068.39      7.92      1.28      2.30     0.59     74.5
      2227 silu_mul                123077.59     42.64     13.28      2.30     0.00      0.0
      2228 gemm(gemv)              123133.51      9.84      3.56      2.00     0.86     87.4
      2229 add_inplace             123146.91     43.80      0.00      2.00     0.00      0.0
      2230 add_inplace             123190.71      6.20      3.52      1.90     0.00      0.0
      2231 rmsnorm                 123200.43     52.28     16.58      2.60     0.00      0.0
      2232 gemm_group              123269.29     40.60      1.44      2.70     0.00      0.0
      2233 qk_norm                 123311.33      0.36     11.84      4.20     0.00      0.0
      2234 rope                    123323.53     63.64     14.28      3.00     0.00      0.0
      2235 kv_append               123401.45      0.32     10.00      2.50     0.00      0.0
      2236 attention               123411.77     76.20     10.34      5.00     0.00      0.0
      2237 gemm(gemv)              123498.31      2.32      2.84      2.10     0.07     31.8
      2238 softplus_act            123503.47     61.52      7.94      2.20     0.00      0.0
      2239 mul_head_bcast          123572.93      6.36      3.56      2.00     0.00      0.0
      2240 gemm(gemv)              123582.85     71.68      7.46      2.50     9.44    131.7
      2241 add_inplace             123661.99      0.32      9.32      2.10     0.00      0.0
      2242 rmsnorm                 123671.63      9.32      3.60      2.00     0.00      0.0
      2243 fill0                   123684.55     62.12     14.86      2.20     0.00      0.0
      2244 gemm(gemv)              123761.53      3.06     17.32      2.20     1.05    342.7
      2245 download_f32            123781.91     62.28     74.90     75.10     0.00      0.0
      2246 upload_i32              123919.09      5.54     14.68      3.60     0.00      0.0
      2247 upload                  123939.31     57.10     60.60      2.60     0.00      0.0
      2248 gather_rows             124057.01     15.24    102.52      2.80     0.00      0.3
      2249 gemm(gemv)              124174.77     20.52     11.84      3.80     0.59     28.7
      2250 gemm(gemv)              124207.13     45.20     13.60      2.30     0.59     13.0
      2251 silu_mul                124265.93      0.36      7.44      2.00     0.00      0.0
      2252 gemm(gemv)              124273.73     47.04     11.24      2.90     0.59     12.5
      2253 scatter_axpy            124332.01      0.36     10.40      2.40     0.00     11.4
      2254 upload_i32              124342.77     69.56      0.00      2.50     0.00      0.0
      2255 upload                  124412.33     58.80     13.14      2.70     0.00      0.0
      2256 gather_rows             124484.27      0.32     71.72      2.20     0.00     12.8
      2257 gemm(gemv)              124556.31      0.44     44.08      4.00     0.59   1340.5
      2258 gemm(gemv)              124600.83    174.32    140.74      2.60     0.59      3.4
      2259 silu_mul                124915.89      6.44      1.32      1.70     0.00      0.0
      2260 gemm(gemv)              124923.65     47.52     14.84      2.50     0.59     12.4
      2261 scatter_axpy            124986.01      0.36     11.04      2.30     0.00     11.4
      2262 upload_i32              124997.41     51.12      7.28      2.10     0.00      0.0
      2263 upload                  125055.81     56.04      0.00      2.80     0.00      0.0
      2264 gather_rows             125111.85     11.16      4.16      3.10     0.00      0.4
      2265 gemm(gemv)              125127.17     63.24     14.24      2.40     0.59      9.3
      2266 gemm(gemv)              125204.65      8.04      1.32      2.10     0.59     73.4
      2267 silu_mul                125214.01     42.68     13.32      2.20     0.00      0.0
      2268 gemm(gemv)              125270.01      0.44     13.68      2.60     0.59   1340.5
      2269 scatter_axpy            125284.13      0.32     47.72      2.40     0.00     12.8
      2270 upload_i32              125332.17     54.36      2.64      2.20     0.00      0.0
      2271 upload                  125389.17     23.14      4.20      2.10     0.00      0.0
      2272 gather_rows             125416.51      0.36     48.96      2.90     0.00     11.4
      2273 gemm(gemv)              125465.83     50.40      5.68      2.40     0.59     11.7
      2274 gemm(gemv)              125521.91      0.32     10.36      2.30     0.59   1843.2
      2275 silu_mul                125532.59     60.20     17.92      2.30     0.00      0.0
      2276 gemm(gemv)              125610.71      0.48     16.20      2.00     0.59   1228.8
      2277 scatter_axpy            125627.39      0.32     51.76      2.40     0.00     12.8
      2278 upload_i32              125679.47     52.28      6.12      2.70     0.00      0.0
      2279 upload                  125737.87     25.52      4.24      2.30     0.00      0.0
      2280 gather_rows             125767.63      0.36     47.64      1.80     0.00     11.4
      2281 gemm(gemv)              125815.63      0.36     20.64      2.60     0.59   1638.4
      2282 gemm(gemv)              125836.63      0.32     47.72      2.40     0.59   1843.2
      2283 silu_mul                125884.67     62.76      1.84      1.80     0.00      0.0
      2284 gemm(gemv)              125949.27      9.04      3.52      2.10     0.59     65.2
      2285 scatter_axpy            125961.83     62.96     10.28      2.10     0.00      0.1
      2286 upload_i32              126035.07      6.00     12.84      2.40     0.00      0.0
      2287 upload                  126053.91     16.88     49.08      2.60     0.00      0.0
      2288 gather_rows             126119.87     63.72      9.34      2.00     0.00      0.1
      2289 gemm(gemv)              126192.93      8.64      2.48      3.00     0.59     68.3
      2290 gemm(gemv)              126204.05     45.68     11.04      2.70     0.59     12.9
      2291 silu_mul                126260.77      6.44      1.28      2.50     0.00      0.0
      2292 gemm(gemv)              126268.49     51.80      2.32      2.20     0.59     11.4
      2293 scatter_axpy            126322.61      0.36     10.96      1.70     0.00     11.4
      2294 upload_i32              126333.93     51.56      9.20      1.90     0.00      0.0
      2295 upload                  126394.69     18.60     18.80      3.10     0.00      0.0
      2296 gather_rows             126432.09     20.88     14.08      2.20     0.00      0.2
      2297 gemm(gemv)              126467.05     48.28     11.88      2.70     0.59     12.2
      2298 gemm(gemv)              126527.21      0.32      8.64      1.80     0.59   1843.2
      2299 silu_mul                126536.17     44.16      6.92      2.00     0.00      0.0
      2300 gemm(gemv)              126587.25      0.00     12.08      2.40     0.59      0.0
      2301 scatter_axpy            126599.33     19.84     18.48      2.00     0.00      0.2
      2302 upload_i32              126637.65     52.52     13.48      2.30     0.00      0.0
      2303 upload                  126703.65     23.28      4.16      2.10     0.00      0.0
      2304 gather_rows             126731.09      0.32     53.88      1.50     0.00     12.8
      2305 gemm(gemv)              126785.29     48.84      4.24      2.60     0.59     12.1
      2306 gemm(gemv)              126838.37      7.80      1.28      2.50     0.59     75.6
      2307 silu_mul                126847.45     44.20     12.20     56.20     0.00      0.0
      2308 gemm(gemv)              126903.85      9.48      3.60      3.10     0.59     62.2
      2309 scatter_axpy            126916.93     47.36      9.96      2.70     0.00      0.1
      2310 gemm(gemv)              126974.25      0.36      9.80      2.70     0.59   1638.4
      2311 gemm(gemv)              126984.41     51.00      8.62      2.20     0.59     11.6
      2312 silu_mul                127044.03      6.56      1.32      2.10     0.00      0.0
      2313 gemm(gemv)              127051.91     48.72     13.40      2.70     0.59     12.1
      2314 add_inplace             127114.03      0.32     10.68      2.10     0.00      0.0
      2315 add_inplace             127125.03     19.52      6.20      1.70     0.00      0.0
      2316 rmsnorm                 127150.75     22.44     14.28      2.70     0.00      0.0
      2317 gemm_group              127187.47     76.36      9.76      2.50     0.00      0.0
      2318 qk_norm                 127273.59      8.28      2.48      3.90     0.00      0.0
      2319 rope                    127284.35      0.36     10.72      3.40     0.00      0.0
      2320 kv_append               127295.43      0.36     21.68      2.80     0.00      0.0
      2321 attention               127317.47      0.36     53.88      4.90     0.00      0.0
      2322 gemm(gemv)              127371.71     42.96      1.44      2.10     0.07      1.7
      2323 softplus_act            127416.11      6.44      2.48      9.00     0.00      0.0
      2324 mul_head_bcast          127425.03     42.20     13.92      2.60     0.00      0.0
      2325 gemm(gemv)              127481.15     29.20      3.56      2.50     9.44    323.2
      2326 add_inplace             127513.91      0.36     10.88      2.00     0.00      0.0
      2327 rmsnorm                 127525.15     46.84     11.24      1.90     0.00      0.0
      2328 fill0                   127583.23      0.36      8.80      2.10     0.00      0.0
      2329 gemm(gemv)              127592.39     64.68     12.16      2.30     1.05     16.2
      2330 download_f32            127669.23     59.20     72.50     72.70     0.00      0.0
      2331 upload_i32              127800.93      6.40     15.92      3.30     0.00      0.0
      2332 upload                  127823.25     14.92     41.72      2.00     0.00      0.0
      2333 gather_rows             127879.89     45.24      0.00      2.30     0.00      0.1
      2334 gemm(gemv)              127925.13      0.36     13.00      2.80     0.59   1638.4
      2335 gemm(gemv)              127938.49     63.32     19.00      2.30     0.59      9.3
      2336 silu_mul                128020.81      6.48      1.28      2.20     0.00      0.0
      2337 gemm(gemv)              128028.57     51.16      5.22      2.20     0.59     11.5
      2338 scatter_axpy            128084.95      0.36     10.48      2.20     0.00     11.4
      2339 upload_i32              128095.79     35.30      9.00      2.00     0.00      0.0
      2340 upload                  128140.09     61.58     51.52      3.10     0.00      0.0
      2341 gather_rows             128253.19      0.36    104.72      1.70     0.00     11.4
      2342 gemm(gemv)              128358.27      0.00     21.28      2.50     0.59      0.0
      2343 gemm(gemv)              128379.55      0.36     53.72      1.80     0.59   1638.4
      2344 silu_mul                128433.63     43.64      0.00      2.40     0.00      0.0
      2345 gemm(gemv)              128477.27      9.32      4.16      2.10     0.59     63.3
      2346 scatter_axpy            128490.75     52.60      9.96      1.60     0.00      0.1
      2347 upload_i32              128553.31     26.78      2.64      2.10     0.00      0.0
      2348 upload                  128582.73     15.12     48.52      2.10     0.00      0.0
      2349 gather_rows             128646.37     64.44     11.36      1.60     0.00      0.1
      2350 gemm(gemv)              128722.17      7.96      3.04      2.50     0.59     74.1
      2351 gemm(gemv)              128733.17     52.36      5.96      2.20     0.59     11.3
      2352 silu_mul                128791.49      6.80      1.32      1.70     0.00      0.0
      2353 gemm(gemv)              128799.61     50.16     11.12      1.80     0.59     11.8
      2354 scatter_axpy            128860.89      0.44     23.32      1.60     0.00      9.3
      2355 upload_i32              128884.65     14.84     39.52      2.10     0.00      0.0
      2356 upload                  128939.01     45.40      7.52      1.90     0.00      0.0
      2357 gather_rows             128991.93      0.36     66.48      1.90     0.00     11.4
      2358 gemm(gemv)              129058.77      0.00     21.64      3.50     0.59      0.0
      2359 gemm(gemv)              129080.41      0.36     51.16      1.70     0.59   1638.4
      2360 silu_mul                129131.93     63.88     38.68      2.00     0.00      0.0
      2361 gemm(gemv)              129234.49     23.36     10.52      2.10     0.59     25.2
      2362 scatter_axpy            129268.37     50.32      0.00      2.40     0.00      0.1
      2363 upload_i32              129318.69     87.88     14.98      2.10     0.00      0.0
      2364 upload                  129421.55     31.56      4.96      2.60     0.00      0.0
      2365 gather_rows             129458.07      0.36     79.08      2.00     0.00     11.4
      2366 gemm(gemv)              129537.51     49.16      9.72      3.10     0.59     12.0
      2367 gemm(gemv)              129596.39      0.00      8.64      2.30     0.59      0.0
      2368 silu_mul                129605.03      0.36     44.96      1.90     0.00      0.0
      2369 gemm(gemv)              129650.35      0.36     48.28      2.00     0.59   1638.4
      2370 scatter_axpy            129698.99     51.76      4.24      1.70     0.00      0.1
      2371 upload_i32              129754.99      0.96     12.88      2.00     0.00      0.0
      2372 upload                  129768.83      4.64     50.80      2.30     0.00      0.0
      2373 gather_rows             129824.27      0.36     47.52      2.20     0.00     11.4
      2374 gemm(gemv)              129872.15     49.04      7.58      2.80     0.59     12.0
      2375 gemm(gemv)              129928.77      0.36      8.84      2.40     0.59   1638.4
      2376 silu_mul                129937.97     44.04      8.56      2.00     0.00      0.0
      2377 gemm(gemv)              129990.57      8.84      3.56      2.60     0.59     66.7
      2378 scatter_axpy            130002.97     48.96     13.76      2.50     0.00      0.1
      2379 upload_i32              130065.69      7.72     12.92      2.30     0.00      0.0
      2380 upload                  130086.33     40.34     18.36      1.80     0.00      0.0
      2381 gather_rows             130145.03      0.36     67.08      1.80     0.00     11.4
      2382 gemm(gemv)              130212.47      0.00     22.80      2.20     0.59      0.0
      2383 gemm(gemv)              130235.27      0.32     55.80      1.80     0.59   1843.2
      2384 silu_mul                130291.39     46.72      6.28      1.90     0.00      0.0
      2385 gemm(gemv)              130344.39      9.00      3.52      2.40     0.59     65.5
      2386 scatter_axpy            130356.91     48.88     11.56      2.40     0.00      0.1
      2387 upload_i32              130417.35      7.96     12.76      2.20     0.00      0.0
      2388 upload                  130438.07     39.48     18.52      3.00     0.00      0.0
      2389 gather_rows             130496.07      0.32     67.36      2.20     0.00     12.8
      2390 gemm(gemv)              130563.75     52.52      0.00      3.70     0.59     11.2
      2391 gemm(gemv)              130616.27      0.32      8.68      2.30     0.59   1843.2
      2392 silu_mul                130625.27     48.00      7.68      2.40     0.00      0.0
      2393 gemm(gemv)              130680.95      0.32     11.88      2.10     0.59   1843.2
      2394 scatter_axpy            130693.15     62.52     13.90      2.00     0.00      0.1
      2395 gemm(gemv)              130769.57      7.68      2.48      2.40     0.59     76.8
      2396 gemm(gemv)              130779.73     45.04     12.08      2.30     0.59     13.1
      2397 silu_mul                130836.85      6.48      1.28      1.90     0.00      0.0
      2398 gemm(gemv)              130844.61     22.68     14.44      2.20     0.59     26.0
      2399 add_inplace             130881.73     47.96      7.62      2.00     0.00      0.0
      2400 add_inplace             130937.31      0.36     10.36      2.00     0.00      0.0
      2401 rmsnorm                 130948.03     66.96     14.62      2.70     0.00      0.0
      2402 gemm(gemv)              131029.61     24.60      1.40      2.50     7.08    287.7
      2403 gemm(gemv)              131055.61     16.72      2.44      2.90     1.18     70.6
      2404 gemm(gemv)              131074.77      0.36     61.24      2.40     1.72   4778.7
      2405 qk_norm                 131136.37    151.20      6.48      3.30     0.00      0.0
      2406 rope                    131294.05    232.20      1.10   3342.90     0.00      0.0
      2407 kv_append               131527.35      0.36      9.80      2.20     0.00      0.0
      2408 attention               131537.51     71.36      0.00      5.10     0.00      0.0
      2409 gemm(gemv)              131608.87      0.32      6.12      2.50     0.06    172.8
      2410 softplus_act            131615.31     53.24     26.50      1.90     0.00      0.0
      2411 mul_head_bcast          131695.05     45.88     14.80      1.80     0.00      0.0
      2412 gemm(gemv)              131755.73      0.00     33.92      2.10     7.08      0.0
      2413 add_inplace             131789.65     44.08     32.12      1.80     0.00      0.0
      2414 rmsnorm                 131865.85    185.52    133.20      2.20     0.00      0.0
      2415 fill0                   132184.57      0.00     13.88      2.00     0.00      0.0
      2416 gemm(gemv)              132198.45      0.70     68.90      2.10     1.05   1498.0
      2417 download_f32            132268.05     64.12     77.50     77.40     0.00      0.0
      2418 upload_i32              132409.67      2.98     14.80      3.90     0.00      0.0
      2419 upload                  132427.45     15.20     58.20      2.80     0.00      0.0
      2420 gather_rows             132500.85     46.56      0.00      3.50     0.00      0.1
      2421 gemm(gemv)              132547.41      7.84      2.64      2.80     0.59     75.2
      2422 gemm(gemv)              132557.89     47.76     11.36      2.30     0.59     12.3
      2423 silu_mul                132617.01      0.36      7.08      2.20     0.00      0.0
      2424 gemm(gemv)              132624.45     51.04     11.10      3.10     0.86     16.9
      2425 scatter_axpy            132686.59      0.32     10.44      1.80     0.00     12.8
      2426 upload_i32              132697.35     40.90      8.00      2.50     0.00      0.0
      2427 upload                  132746.25     15.04     61.52      2.20     0.00      0.0
      2428 gather_rows             132822.81     46.12      0.00      2.20     0.00      0.1
      2429 gemm(gemv)              132868.93      8.00      2.48      3.90     0.59     73.7
      2430 gemm(gemv)              132879.41     44.64     11.32      2.40     0.59     13.2
      2431 silu_mul                132935.37      7.92     12.12      1.80     0.00      0.0
      2432 gemm(gemv)              132955.41      9.40     58.96      2.40     0.86     91.5
      2433 scatter_axpy            133023.77      0.36     18.00      2.10     0.00     11.4
      2434 upload_i32              133042.13      4.72     49.24      2.30     0.00      0.0
      2435 upload                  133096.09     32.56     18.16      2.00     0.00      0.0
      2436 gather_rows             133146.81     63.08     16.50      2.50     0.00      0.1
      2437 gemm(gemv)              133226.39      7.84      3.04      3.00     0.59     75.2
      2438 gemm(gemv)              133237.27     47.36     11.72      2.50     0.59     12.5
      2439 silu_mul                133296.35      0.36      7.08      2.30     0.00      0.0
      2440 gemm(gemv)              133303.79     52.52      3.82      2.10     0.86     16.4
      2441 scatter_axpy            133360.13      0.32     10.00      2.40     0.00     12.8
      2442 upload_i32              133370.45     16.28     30.84      2.90     0.00      0.0
      2443 upload                  133417.57     32.28     14.64      2.10     0.00      0.0
      2444 gather_rows             133464.49     62.88     19.92      2.30     0.00      0.1
      2445 gemm(gemv)              133547.29      0.36     13.32      3.40     0.59   1638.4
      2446 gemm(gemv)              133560.97     48.40      0.00      2.10     0.59     12.2
      2447 silu_mul                133609.37      8.64      1.44      2.10     0.00      0.0
      2448 gemm(gemv)              133619.45     46.88     13.36      1.70     0.86     18.3
      2449 scatter_axpy            133679.69      0.36     10.56      2.00     0.00     11.4
      2450 upload_i32              133690.61     51.32      6.48      3.10     0.00      0.0
      2451 upload                  133748.41     57.20      8.66      2.10     0.00      0.0
      2452 gather_rows             133814.27     11.16      4.16      1.70     0.00      0.4
      2453 gemm(gemv)              133829.59     64.28     14.08      2.50     0.59      9.2
      2454 gemm(gemv)              133907.95      0.32     10.52      2.60     0.59   1843.2
      2455 silu_mul                133918.79     44.20      9.68      2.00     0.00      0.0
      2456 gemm(gemv)              133972.67      9.80      3.56      3.00     0.86     87.8
      2457 scatter_axpy            133986.03     44.88      5.04      2.10     0.00      0.1
      2458 upload_i32              134035.95     19.32      2.68      2.30     0.00      0.0
      2459 upload                  134057.95     42.80     17.32      2.40     0.00      0.0
      2460 gather_rows             134118.07      0.32     66.92      2.60     0.00     12.8
      2461 gemm(gemv)              134185.31      0.32     23.12      3.10     0.59   1843.2
      2462 gemm(gemv)              134208.75      0.36     46.44      2.40     0.59   1638.4
      2463 silu_mul                134255.55     44.88      0.00      2.10     0.00      0.0
      2464 gemm(gemv)              134300.43      9.84      4.12      3.00     0.86     87.4
      2465 scatter_axpy            134314.39     45.76      8.06      2.10     0.00      0.1
      2466 upload_i32              134368.21     16.14     12.60      2.60     0.00      0.0
      2467 upload                  134396.95      4.68     59.60      2.00     0.00      0.0
      2468 gather_rows             134461.23     43.60     18.32      2.70     0.00      0.1
      2469 gemm(gemv)              134523.15      0.36     10.12      2.60     0.59   1638.4
      2470 gemm(gemv)              134533.63     48.44      9.44      1.70     0.59     12.2
      2471 silu_mul                134591.51      0.36      8.72      2.00     0.00      0.0
      2472 gemm(gemv)              134600.59     50.68      3.26      2.40     0.86     17.0
      2473 scatter_axpy            134654.53      0.32     10.80      2.20     0.00     12.8
      2474 upload_i32              134665.65     69.52     15.80      2.60     0.00      0.0
      2475 upload                  134750.97     30.32      4.16      2.20     0.00      0.0
      2476 gather_rows             134785.45      0.36     67.68      1.80     0.00     11.4
      2477 gemm(gemv)              134853.49     48.24      0.00      3.30     0.59     12.2
      2478 gemm(gemv)              134901.73      0.32      8.96      2.00     0.59   1843.2
      2479 silu_mul                134911.01     44.28     10.28      2.20     0.00      0.0
      2480 gemm(gemv)              134965.57     10.68      3.56      2.40     0.86     80.5
      2481 scatter_axpy            134979.81     44.52      6.78      1.90     0.00      0.1
      2482 gemm(gemv)              135031.11      7.60      2.68      3.20     0.59     77.6
      2483 gemm(gemv)              135041.39     50.20     16.30      2.30     0.59     11.7
      2484 silu_mul                135107.89      6.52      1.32      1.90     0.00      0.0
      2485 gemm(gemv)              135115.73     47.48     12.40      2.30     0.86     18.1
      2486 add_inplace             135175.61      0.32     10.04      1.90     0.00      0.0
      2487 add_inplace             135185.97      0.00     25.96      1.80     0.00      0.0
      2488 rmsnorm                 135211.93      9.84     41.76     51.50     0.00      0.0
      2489 gemm_group              135263.53     46.80      1.40      2.80     0.00      0.0
      2490 qk_norm                 135311.73      2.42     15.08      3.90     0.00      0.0
      2491 rope                    135329.23    139.20     57.80   2857.10     0.00      0.0
      2492 kv_append               135526.23     96.20     45.30      3.30     0.00      0.0
      2493 attention               135667.73      0.00     21.92      5.10     0.00      0.0
      2494 gemm(gemv)              135689.65      0.36     65.80      2.60     0.07    204.8
      2495 softplus_act            135755.81     51.24      2.14      1.90     0.00      0.0
      2496 mul_head_bcast          135809.19      0.48     12.60      1.80     0.00      0.0
      2497 gemm(gemv)              135822.27     64.72     16.84      2.50     9.44    145.8
      2498 add_inplace             135903.83      0.36      8.68      1.80     0.00      0.0
      2499 rmsnorm                 135912.87     12.36      4.40      2.40     0.00      0.0
      2500 fill0                   135929.63     60.52     12.72      1.80     0.00      0.0
      2501 gemm(gemv)              136002.87     26.20     18.68      2.30     1.05     40.0
      2502 download_f32            136047.75     82.72     82.30     92.30     0.00      0.0
      2503 upload_i32              136212.77     19.32     17.80      4.60     0.00      0.0
      2504 upload                  136249.89     29.68     16.28      2.70     0.00      0.0
      2505 gather_rows             136295.85      0.36     67.12      4.30     0.00     11.4
      2506 gemm(gemv)              136363.33      0.00     22.40      4.60     0.59      0.0
      2507 gemm(gemv)              136385.73     20.92     49.64      2.70     0.59     28.2
      2508 silu_mul                136456.29      0.36     45.28      2.10     0.00      0.0
      2509 gemm(gemv)              136501.93     72.32     20.30      2.80     0.59      8.2
      2510 scatter_axpy            136594.55     43.70      0.38      2.60     0.00      0.1
      2511 upload_i32              136638.63     19.10     58.80      2.70     0.00      0.0
      2512 upload                  136716.53      4.68     53.72      2.10     0.00      0.0
      2513 gather_rows             136774.93     43.96     18.28      2.00     0.00      0.1
      2514 gemm(gemv)              136837.17      0.00     12.76      2.70     0.59      0.0
      2515 gemm(gemv)              136849.93      0.44     49.76      2.70     0.59   1340.5
      2516 silu_mul                136900.13     44.28      4.20      1.80     0.00      0.0
      2517 gemm(gemv)              136948.61      1.46     11.56      2.90     0.59    404.0
      2518 scatter_axpy            136961.63      0.32     49.36      2.10     0.00     12.8
      2519 upload_i32              137011.31     54.68      4.82     75.00     0.00      0.0
      2520 upload                  137070.81     25.28      4.20     48.30     0.00      0.0
      2521 gather_rows             137100.29     44.08     14.32      3.00     0.00      0.1
      2522 gemm(gemv)              137158.69      0.32      9.96      3.10     0.59   1843.2
      2523 gemm(gemv)              137168.97     64.40     15.36      2.20     0.59      9.2
      2524 silu_mul                137248.73      0.32      7.56      2.10     0.00      0.0
      2525 gemm(gemv)              137256.61     49.56      9.22      1.90     0.59     11.9
      2526 scatter_axpy            137315.39      0.36     10.92      2.40     0.00     11.4
      2527 upload_i32              137326.67     71.32     26.46      2.40     0.00      0.0
      2528 upload                  137424.45     47.44     24.92      2.40     0.00      0.0
      2529 gather_rows             137496.81      0.44     15.76    189.80     0.00      9.3
      2530 gemm(gemv)              137513.01      0.36     48.56      3.30     0.59   1638.4
      2531 gemm(gemv)              137561.93     50.04      6.52      3.20     0.59     11.8
      2532 silu_mul                137618.49      0.44      9.88      2.20     0.00      0.0
      2533 gemm(gemv)              137628.81      0.56     47.92      3.30     0.59   1053.3
      2534 scatter_axpy            137677.29     44.28      9.20      2.50     0.00      0.1
      2535 upload_i32              137730.77     19.20     16.48      2.80     0.00      0.0
      2536 upload                  137766.45     25.98     17.40      3.10     0.00      0.0
      2537 gather_rows             137809.83      0.36     52.52      2.20     0.00     11.4
      2538 gemm(gemv)              137862.71     49.04      3.82      3.50     0.59     12.0
      2539 gemm(gemv)              137915.57      0.00     17.44      2.70     0.59      0.0
      2540 silu_mul                137933.01      0.32     48.60      1.80     0.00      0.0
      2541 gemm(gemv)              137981.93     49.56      8.18      3.10     0.59     11.9
      2542 scatter_axpy            138039.67      1.64     11.40      1.90     0.00      2.5
      2543 upload_i32              138052.71      4.60     55.88    104.20     0.00      0.0
      2544 upload                  138113.19      6.12     52.32      2.30     0.00      0.0
      2545 gather_rows             138171.63      0.36     47.72      3.10     0.00     11.4
      2546 gemm(gemv)              138219.71     50.08      4.50      2.90     0.59     11.8
      2547 gemm(gemv)              138274.29     10.52      1.36     54.70     0.59     56.1
      2548 silu_mul                138286.17     63.24     23.94      2.70     0.00      0.0
      2549 gemm(gemv)              138373.35      0.52     15.84      2.90     0.59   1134.3
      2550 scatter_axpy            138389.71      0.36     48.40      2.50     0.00     11.4
      2551 upload_i32              138438.47    123.16     66.94     58.90     0.00      0.0
      2552 upload                  138628.57      0.00     17.24      4.30     0.00      0.0
      2553 gather_rows             138645.81      0.36     51.00      6.10     0.00     11.4
      2554 gemm(gemv)              138697.17     48.56      5.44      3.10     0.59     12.1
      2555 gemm(gemv)              138751.17      0.32      9.24      2.20     0.59   1843.2
      2556 silu_mul                138760.73     12.72     33.96      3.00     0.00      0.0
      2557 gemm(gemv)              138807.41      1.84     58.56     43.20     0.59    320.6
      2558 scatter_axpy            138867.81      0.00     68.88      2.70     0.00      0.0
      2559 upload_i32              138936.69    197.76     30.40      2.40     0.00      0.0
      2560 upload                  139164.85     17.60     22.16      2.30     0.00      0.0
      2561 gather_rows             139204.61     45.80     14.40      2.10     0.00      0.1
      2562 gemm(gemv)              139264.81      0.00     14.60      2.50     0.59      0.0
      2563 gemm(gemv)              139279.41      0.32     50.04     43.70     0.59   1843.2
      2564 silu_mul                139329.77     46.32      6.94      2.50     0.00      0.0
      2565 gemm(gemv)              139383.03      0.44     16.12      2.90     0.59   1340.5
      2566 scatter_axpy            139399.59      0.32     49.00      2.80     0.00     12.8
      2567 gemm(gemv)              139448.91     46.88     10.56      3.80     0.59     12.6
      2568 gemm(gemv)              139506.35      6.84     12.52     42.20     0.59     86.2
      2569 silu_mul                139525.71      0.36     64.68      2.50     0.00      0.0
      2570 gemm(gemv)              139590.75     50.68      1.66      2.50     0.59     11.6
      2571 add_inplace             139643.09      1.88     10.04      3.00     0.00      0.0
      2572 add_inplace             139655.01      0.36     52.84      2.20     0.00      0.0
      2573 rmsnorm                 139708.21     48.20     10.64      2.40     0.00      0.0
      2574 gemm_group              139767.05     39.64      1.44     42.80     0.00      0.0
      2575 qk_norm                 139808.13      0.32     10.76      3.60     0.00      0.0
      2576 rope                    139819.21     46.40     11.24      3.20     0.00      0.0
      2577 kv_append               139876.85      0.00     13.24      2.60     0.00      0.0
      2578 attention               139890.09      0.36     58.88      5.70     0.00      0.0
      2579 gemm(gemv)              139949.33     43.32      1.44     85.80     0.07      1.7
      2580 softplus_act            139994.09      1.50     12.40      2.60     0.00      0.0
      2581 mul_head_bcast          140007.99      0.36     49.64      2.10     0.00      0.0
      2582 gemm(gemv)              140057.99     69.88      6.10      3.00     9.44    135.0
      2583 add_inplace             140133.97      0.36      7.52     70.10     0.00      0.0
      2584 rmsnorm                 140141.85     17.60      4.12      2.40     0.00      0.0
      2585 fill0                   140163.57     50.80     12.32      3.50     0.00      0.0
      2586 gemm(gemv)              140226.69     10.94     15.56      2.50     1.05     95.8
      2587 download_f32            140253.19     64.36     80.50     80.20     0.00      0.0
      2588 upload_i32              140398.05      6.72     14.52      4.40     0.00      0.0
      2589 upload                  140419.29     15.12     59.24      2.90     0.00      0.0
      2590 gather_rows             140493.65     46.72      0.00      4.90     0.00      0.1
      2591 gemm(gemv)              140540.37      7.80      2.64      4.80     0.59     75.6
      2592 gemm(gemv)              140550.81     44.80     11.32      2.40     0.59     13.2
      2593 silu_mul                140606.93      6.44      1.32      2.10     0.00      0.0
      2594 gemm(gemv)              140614.69     46.80     13.96      2.70     0.59     12.6
      2595 scatter_axpy            140675.45      0.36     10.68      2.00     0.00     11.4
      2596 upload_i32              140686.49     69.48     16.66      2.20     0.00      0.0
      2597 upload                  140772.63     28.40      4.12      2.70     0.00      0.0
      2598 gather_rows             140805.15      0.36     67.84      2.20     0.00     11.4
      2599 gemm(gemv)              140873.35     49.56      0.00      2.50     0.59     11.9
      2600 gemm(gemv)              140922.91      7.88      1.32      3.20     0.59     74.9
      2601 silu_mul                140932.11     43.28     11.80      1.50     0.00      0.0
      2602 gemm(gemv)              140987.19     10.08      3.56      2.10     0.59     58.5
      2603 scatter_axpy            141000.83     45.16     10.96      2.10     0.00      0.1
      2604 upload_i32              141056.95      7.92     14.68      1.90     0.00      0.0
      2605 upload                  141079.55      5.84     55.64      2.40     0.00      0.0
      2606 gather_rows             141141.03     46.20     15.52      2.10     0.00      0.1
      2607 gemm(gemv)              141202.75    277.26     14.64      3.10     0.59      2.1
      2608 gemm(gemv)              141494.65     53.88    318.16      2.50     0.59     10.9
      2609 silu_mul                141866.69     67.56      0.00      2.00     0.00      0.0
      2610 gemm(gemv)              141934.25      0.44     18.00      2.40     0.59   1340.5
      2611 scatter_axpy            141952.69      0.36     49.88      2.30     0.00     11.4
      2612 upload_i32              142002.93     52.64     12.04      2.40     0.00      0.0
      2613 upload                  142067.61     17.84     27.68      3.20     0.00      0.0
      2614 gather_rows             142113.13     44.28     17.44      2.60     0.00      0.1
      2615 gemm(gemv)              142174.85      0.44     15.32      2.30     0.59   1340.5
      2616 gemm(gemv)              142190.61      0.36     50.80      2.20     0.59   1638.4
      2617 silu_mul                142241.77     44.72      9.32      1.70     0.00      0.0
      2618 gemm(gemv)              142295.81      0.56     16.96      2.50     0.59   1053.3
      2619 scatter_axpy            142313.33      0.32     48.68      2.40     0.00     12.8
      2620 upload_i32              142362.33     54.60      7.80      2.10     0.00      0.0
      2621 upload                  142424.73     17.08     27.68      2.60     0.00      0.0
      2622 gather_rows             142469.49     43.88     17.60      2.40     0.00      0.1
      2623 gemm(gemv)              142530.97      0.44     15.80      2.20     0.59   1340.5
      2624 gemm(gemv)              142547.21      0.32     51.44      2.60     0.59   1843.2
      2625 silu_mul                142598.97     46.36      6.92      1.70     0.00      0.0
      2626 gemm(gemv)              142652.25      0.44     17.92      3.20     0.59   1340.5
      2627 scatter_axpy            142670.61      0.32     47.64      2.20     0.00     12.8
      2628 upload_i32              142718.57     53.72      0.00      2.30     0.00      0.0
      2629 upload                  142772.29     82.94      4.04      2.30     0.00      0.0
      2630 gather_rows             142859.27      0.36    109.92      1.90     0.00     11.4
      2631 gemm(gemv)              142969.55     43.88      0.00      3.10     0.59     13.4
      2632 gemm(gemv)              143013.43     29.88     14.62      3.00     0.59     19.7
      2633 silu_mul                143057.93     42.32      5.72      2.30     0.00      0.0
      2634 gemm(gemv)              143105.97     22.29     21.05      2.50     0.59     26.5
      2635 scatter_axpy            143149.31     43.57     18.64      2.00     0.00      0.1
      2636 upload_i32              143211.52     37.56     15.17      2.30     0.00      0.0
      2637 upload                  143264.25     28.73     28.17      2.50     0.00      0.0
      2638 gather_rows             143321.15     22.38     25.56      2.50     0.00      0.2
      2639 gemm(gemv)              143369.09     23.17     17.60      2.90     0.59     25.5
      2640 gemm(gemv)              143409.86      0.36     34.39      2.30     0.59   1638.4
      2641 silu_mul                143444.61     21.38     18.24      3.20     0.00      0.0
      2642 gemm(gemv)              143484.23     26.12     15.91      2.40     0.59     22.6
      2643 scatter_axpy            143526.26     25.55      8.60     46.10     0.00      0.2
      2644 warm_read               143560.41     16.23     17.15    212.40     0.00      0.0
      2645 warm_read               143593.79     15.79     18.03    172.00     0.00      0.0
      2646 warm_read               143627.61     15.36     17.60    157.60     0.00      0.0
      2647 upload_paged            143660.57    144.14     18.24   2304.20     1.77     12.3
      2648 upload_i32              143822.95     52.55     63.21      5.40     0.00      0.0
      2649 upload                  143938.71     28.35     29.02      4.00     0.00      0.0
      2650 gather_rows             143996.08     43.17     13.97      5.20     0.00      0.1
      2651 gemm(gemv)              144053.22     27.45     15.60      3.70     0.59     21.5
      2652 gemm(gemv)              144096.27     21.46     11.97      2.30     0.59     27.5
      2653 silu_mul                144129.70      0.00     42.48      2.20     0.00      0.0
      2654 gemm(gemv)              144172.18     21.68     34.53      2.40     0.59     27.2
      2655 scatter_axpy            144228.39     72.56     15.39      2.90     0.00      0.1
      2656 gemm(gemv)              144316.34     11.84      2.52      2.70     0.59     49.8
      2657 gemm(gemv)              144330.70     51.40      0.00      2.70     0.59     11.5
      2658 silu_mul                144382.10      6.76     13.04      1.90     0.00      0.0
      2659 gemm(gemv)              144401.90      0.44     67.32      2.40     0.59   1340.5
      2660 add_inplace             144469.66     47.12      0.00      2.50     0.00      0.0
      2661 add_inplace             144516.78      6.16      3.60      2.20     0.00      0.0
      2662 rmsnorm                 144526.54     69.48     24.72      2.20     0.00      0.0
      2663 gemm(gemv)              144620.74    375.48      3.12      2.50     9.44     25.1
      2664 gemm(gemv)              144999.34      0.32      5.32      2.20     1.18   3686.4
      2665 gemm(gemv)              145004.98      0.36     19.72      2.40     1.72   4778.7
      2666 qk_norm                 145025.06      0.36      5.48      3.70     0.00      0.0
      2667 rope                    145030.90      0.36     10.88      4.00     0.00      0.0
      2668 kv_append               145042.14      0.32     10.48     54.10     0.00      0.0
      2669 attention               145052.94    139.68     47.32      7.70     0.00      0.0
      2670 gemm(gemv)              145239.94      0.00     11.76      3.20     0.07      0.0
      2671 softplus_act            145251.70      0.36     70.84      1.90     0.00      0.0
      2672 mul_head_bcast          145322.90     47.84      0.00      2.10     0.00      0.0
      2673 gemm(gemv)              145370.74    566.92      3.64      2.00     9.44     16.6
      2674 add_inplace             145941.30      1.76      2.48      2.10     0.00      0.0
      2675 rmsnorm                 145945.54      0.36     13.56      2.40     0.00      0.0
      2676 fill0                   145959.46      0.36      5.32      2.50     0.00      0.0
      2677 gemm(gemv)              145965.14      0.00     12.16      2.60     1.05      0.0
      2678 download_f32            145977.30     68.92     82.00     83.20     0.00      0.0
      2679 upload_i32              146128.22      0.00     14.44      3.50     0.00      0.0
      2680 upload                  146142.66      4.62     52.28      2.30     0.00      0.0
      2681 gather_rows             146199.56      9.64     48.88      2.80     0.00      0.4
      2682 gemm(gemv)              146258.08     53.04     11.76      2.80     0.59     11.1
      2683 gemm(gemv)              146322.88     17.98     17.80      3.10     0.59     32.8
      2684 silu_mul                146358.66      0.00     55.96      2.10     0.00      0.0
      2685 gemm(gemv)              146414.62    172.92     51.08      3.00     0.86      5.0
      2686 scatter_axpy            146638.62      0.32     10.52      2.30     0.00     12.8
      2687 upload_i32              146649.46     54.96     10.66      2.60     0.00      0.0
      2688 upload                  146715.08     25.02      4.12      2.40     0.00      0.0
      2689 gather_rows             146744.22      0.36     50.92      2.00     0.00     11.4
      2690 gemm(gemv)              146795.50     47.80      4.22      2.60     0.59     12.3
      2691 gemm(gemv)              146847.52      8.08      1.28      2.10     0.59     73.0
      2692 silu_mul                146856.88     41.68     12.00      1.90     0.00      0.0
      2693 gemm(gemv)              146910.56      0.44     17.88      2.10     0.86   1954.9
      2694 scatter_axpy            146928.88      0.36     77.00      1.90     0.00     11.4
      2695 upload_i32              147006.24     55.36      8.58      2.70     0.00      0.0
      2696 upload                  147070.18     25.72      4.20      1.90     0.00      0.0
      2697 gather_rows             147100.10     66.04     23.92      2.30     0.00      0.1
      2698 gemm(gemv)              147190.06      0.36     12.48      2.40     0.59   1638.4
      2699 gemm(gemv)              147202.90     51.04      3.12      2.00     0.59     11.6
      2700 silu_mul                147257.06      6.60      1.32      1.80     0.00      0.0
      2701 gemm(gemv)              147264.98     47.64     13.56      2.70     0.86     18.1
      2702 scatter_axpy            147326.18      0.36     10.96      2.00     0.00     11.4
      2703 upload_i32              147337.50     51.88      7.08      2.20     0.00      0.0
      2704 upload                  147396.46     57.20      3.96      2.20     0.00      0.0
      2705 gather_rows             147457.62     12.44      4.08      2.30     0.00      0.3
      2706 gemm(gemv)              147474.14     66.36     20.38      3.20     0.59      8.9
      2707 gemm(gemv)              147560.88      7.92      1.32      2.10     0.59     74.5
      2708 silu_mul                147570.12     42.64     13.12      1.80     0.00      0.0
      2709 gemm(gemv)              147625.88     10.08      3.44      2.50     0.86     85.3
      2710 scatter_axpy            147639.40     45.36      0.00      1.50     0.00      0.1
      2711 upload_i32              147684.76     10.02     12.92      2.90     0.00      0.0
      2712 upload                  147707.70     10.52     53.08      2.10     0.00      0.0
      2713 gather_rows             147771.30      0.36     52.72      2.10     0.00     11.4
      2714 gemm(gemv)              147824.38     49.32      1.02      2.90     0.59     12.0
      2715 gemm(gemv)              147874.72      0.32     10.44      2.40     0.59   1843.2
      2716 silu_mul                147885.48     46.60      9.22      2.30     0.00      0.0
      2717 gemm(gemv)              147941.30     10.80      3.52      1.90     0.86     79.6
      2718 scatter_axpy            147955.62     45.40      7.18      1.90     0.00      0.1
      2719 upload_i32              148008.20     19.96      2.64      2.10     0.00      0.0
      2720 upload                  148030.80     42.92     16.28      2.80     0.00      0.0
      2721 gather_rows             148090.00      0.36     67.48      2.20     0.00     11.4
      2722 gemm(gemv)              148157.84     53.56      0.00      3.20     0.59     11.0
      2723 gemm(gemv)              148211.40      0.32      8.64      2.00     0.59   1843.2
      2724 silu_mul                148220.36     46.64      6.58      1.90     0.00      0.0
      2725 gemm(gemv)              148273.58      0.36     13.80      2.80     0.86   2389.3
      2726 scatter_axpy            148287.74     45.80      6.50      2.00     0.00      0.1
      2727 upload_i32              148340.04      8.48     12.92      2.70     0.00      0.0
      2728 upload                  148361.44      4.64     52.16      2.70     0.00      0.0
      2729 gather_rows             148418.24      0.36     48.52      1.90     0.00     11.4
      2730 gemm(gemv)              148467.12     48.08      4.52      2.30     0.59     12.3
      2731 gemm(gemv)              148519.72      7.88      1.24      2.50     0.59     74.9
      2732 silu_mul                148528.84     41.92     11.68      2.00     0.00      0.0
      2733 gemm(gemv)              148582.44      0.36     14.32      2.30     0.86   2389.3
      2734 scatter_axpy            148597.12      0.36     47.80      1.60     0.00     11.4
      2735 upload_i32              148645.28     55.72      4.66      2.70     0.00      0.0
      2736 upload                  148705.66     32.18      4.20      2.10     0.00      0.0
      2737 gather_rows             148742.04      0.36     66.12      2.50     0.00     11.4
      2738 gemm(gemv)              148808.52     49.16      0.00      3.70     0.59     12.0
      2739 gemm(gemv)              148857.68      0.36     10.40      2.50     0.59   1638.4
      2740 silu_mul                148868.44     46.76      8.68      2.50     0.00      0.0
      2741 gemm(gemv)              148923.88      9.68      3.48      1.90     0.86     88.9
      2742 scatter_axpy            148937.04     48.68     11.68      2.10     0.00      0.1
      2743 gemm(gemv)              148997.40      0.36     13.00      3.20     0.59   1638.4
      2744 gemm(gemv)              149010.76     67.12     14.96      2.10     0.59      8.8
      2745 silu_mul                149092.84      0.36      8.80      2.40     0.00      0.0
      2746 gemm(gemv)              149102.00     49.76      1.62      1.90     0.86     17.3
      2747 add_inplace             149153.38      0.36      9.36      2.10     0.00      0.0
      2748 add_inplace             149163.10      7.58     27.24      2.80     0.00      0.0
      2749 rmsnorm                 149197.92      0.32     68.28      2.50     0.00      0.0
      2750 gemm_group              149266.52    339.80      0.00      3.00     0.00      0.0
      2751 qk_norm                 149606.32      0.32      8.64      4.30     0.00      0.0
      2752 rope                    149615.28    169.80      0.00   3405.90     0.00      0.0
      2753 kv_append               149785.08      0.36      9.84      2.50     0.00      0.0
      2754 attention               149795.28      0.36     63.48      5.50     0.00      0.0
      2755 gemm(gemv)              149859.12      0.44     23.48      3.10     0.06    125.7
      2756 softplus_act            149883.04      0.36     52.12      2.00     0.00      0.0
      2757 mul_head_bcast          149935.52     46.88      0.00      1.70     0.00      0.0
      2758 gemm(gemv)              149982.40    388.12      3.60      2.50     7.08     18.2
      2759 add_inplace             150374.12      1.68      2.48      2.10     0.00      0.0
      2760 rmsnorm                 150378.28      0.36     13.76      2.30     0.00      0.0
      2761 fill0                   150392.40      0.36      4.64      1.70     0.00      0.0
      2762 gemm(gemv)              150397.40      0.00     12.28      2.10     1.05      0.0
      2763 download_f32            150409.68    103.92    111.40    100.90     0.00      0.0
      2764 upload_i32              150625.00     55.96     11.36      4.70     0.00      0.0
      2765 upload                  150692.32     70.08      0.00      3.20     0.00      0.0
      2766 gather_rows             150762.40     46.32      4.16      4.60     0.00      0.1
      2767 gemm(gemv)              150812.88     84.04     23.84      3.90     0.59      7.0
      2768 gemm(gemv)              150920.76      0.00     15.36     11.70     0.59      0.0
      2769 silu_mul                150936.12     20.80     60.36      2.10     0.00      0.0
      2770 gemm(gemv)              151017.28     15.20     40.08      2.60     0.59     38.8
      2771 scatter_axpy            151072.56     47.36     14.08      2.10     0.00      0.1
      2772 upload_i32              151134.00     41.32     18.84      2.20     0.00      0.0
      2773 upload                  151194.16     17.80     18.92      2.60     0.00      0.0
      2774 gather_rows             151230.88      0.36     47.84      2.60     0.00     11.4
      2775 gemm(gemv)              151279.08     49.92      2.04      2.60     0.59     11.8
      2776 gemm(gemv)              151331.04      3.36     12.12      2.70     0.59    175.5
      2777 silu_mul                151346.52      0.32     50.40      2.40     0.00      0.0
      2778 gemm(gemv)              151397.24     49.92      2.68      2.50     0.59     11.8
      2779 scatter_axpy            151449.84      0.36     11.00      2.00     0.00     11.4
      2780 upload_i32              151461.20      6.12     72.16      2.90     0.00      0.0
      2781 upload                  151539.48     50.88     15.76      2.70     0.00      0.0
      2782 gather_rows             151606.12     12.52      4.20      2.10     0.00      0.3
      2783 gemm(gemv)              151622.84      0.36     34.52      3.80     0.59   1638.4
      2784 gemm(gemv)              151657.72      0.36     48.56      2.70     0.59   1638.4
      2785 silu_mul                151706.64     47.92      4.98      1.90     0.00      0.0
      2786 gemm(gemv)              151759.54      9.32      3.60     37.80     0.59     63.3
      2787 scatter_axpy            151772.46     49.32     12.06      2.10     0.00      0.1
      2788 upload_i32              151833.84     21.08      2.44      2.80     0.00      0.0
      2789 upload                  151857.36     40.64     16.92      2.20     0.00      0.0
      2790 gather_rows             151914.92      0.36     69.48      2.70     0.00     11.4
      2791 gemm(gemv)              151984.76     51.44      0.00      3.40     0.59     11.5
      2792 gemm(gemv)              152036.20      0.32     10.84      2.30     0.59   1843.2
      2793 silu_mul                152047.36     46.44      7.70      2.00     0.00      0.0
      2794 gemm(gemv)              152101.50      9.92      3.68     57.60     0.59     59.5
      2795 scatter_axpy            152115.10     45.40      8.46      3.10     0.00      0.1
      2796 upload_i32              152168.96      8.52     12.96      3.10     0.00      0.0
      2797 upload                  152190.44     43.02     18.40      2.50     0.00      0.0
      2798 gather_rows             152251.86      0.36     66.96      2.40     0.00     11.4
      2799 gemm(gemv)              152319.18     85.68     14.68      3.10     0.59      6.9
      2800 gemm(gemv)              152419.54      0.00     13.96      3.20     0.59      0.0
      2801 silu_mul                152433.50      0.36     54.44     41.20     0.00      0.0
      2802 gemm(gemv)              152488.30     49.96      0.50      3.10     0.59     11.8
      2803 scatter_axpy            152538.76      0.36     10.84      1.80     0.00     11.4
      2804 upload_i32              152549.96     72.60     15.74      3.30     0.00      0.0
      2805 upload                  152638.30     27.32      5.80      1.90     0.00      0.0
      2806 gather_rows             152671.42     62.44     14.20      2.20     0.00      0.1
      2807 gemm(gemv)              152748.06      0.36     12.60     73.30     0.59   1638.4
      2808 gemm(gemv)              152761.02     54.88      6.18      2.70     0.59     10.7
      2809 silu_mul                152822.08      0.36      7.12      2.60     0.00      0.0
      2810 gemm(gemv)              152829.56     48.96      5.64      2.90     0.59     12.0
      2811 scatter_axpy            152884.16      0.36     10.92      2.70     0.00     11.4
      2812 upload_i32              152895.44    124.16     32.36      2.70     0.00      0.0
      2813 upload                  153051.96     29.54      4.20      2.40     0.00      0.0
      2814 gather_rows             153085.70      0.36     47.40      3.10     0.00     11.4
      2815 gemm(gemv)              153133.46     53.12      8.54      3.60     0.59     11.1
      2816 gemm(gemv)              153195.12      0.32      9.08    130.10     0.59   1843.2
      2817 silu_mul                153204.52     47.84      8.38      2.70     0.00      0.0
      2818 gemm(gemv)              153260.74     14.36     19.60      2.60     0.59     41.1
      2819 scatter_axpy            153294.70      0.00     57.28      2.90     0.00      0.0
      2820 upload_i32              153351.98     33.00     55.04     49.80     0.00      0.0
      2821 upload                  153440.02    218.96     17.12      3.70     0.00      0.0
      2822 gather_rows             153676.10      0.44     21.84      3.00     0.00      9.3
      2823 gemm(gemv)              153698.38     45.00     15.24      3.20     0.59     13.1
      2824 gemm(gemv)              153758.62      0.36      8.84      2.40     0.59   1638.4
      2825 silu_mul                153767.82      0.44     46.72      2.10     0.00      0.0
      2826 gemm(gemv)              153814.98     49.64      3.80      2.30     0.59     11.9
      2827 scatter_axpy            153868.42      0.36     11.12      2.20     0.00     11.4
      2828 gemm(gemv)              153879.90     67.24     15.98      2.60     0.59      8.8
      2829 gemm(gemv)              153963.12      0.36     10.64      2.20     0.59   1638.4
      2830 silu_mul                153974.12     44.44     10.04      1.80     0.00      0.0
      2831 gemm(gemv)              154028.60      0.44     15.12     46.90     0.59   1340.5
      2832 add_inplace             154044.16      0.44     49.32      2.70     0.00      0.0
      2833 add_inplace             154093.92     49.08      0.00      2.60     0.00      0.0
      2834 rmsnorm                 154143.00      9.20      3.52      2.10     0.00      0.0
      2835 gemm_group              154155.72    432.40     10.70      3.20     0.00      0.0
      2836 qk_norm                 154598.82      0.36      8.68     60.20     0.00      0.0
      2837 rope                    154607.86    199.00      0.00   3423.10     0.00      0.0
      2838 kv_append               154806.86      0.00     13.80      4.90     0.00      0.0
      2839 attention               154820.66      0.44     63.92      9.20     0.00      0.0
      2840 gemm(gemv)              154885.02     69.60     16.04      2.80     0.07      1.1
      2841 softplus_act            154970.66      0.00     13.20      2.60     0.00      0.0
      2842 mul_head_bcast          154983.86      0.00     65.80      2.10     0.00      0.0
      2843 gemm(gemv)              155049.66    487.30     58.40      2.90     9.44     19.4
      2844 add_inplace             155595.36      1.72      2.44      2.70     0.00      0.0
      2845 rmsnorm                 155599.52      0.32     13.88      2.70     0.00      0.0
      2846 fill0                   155613.72      0.36      4.72      3.10     0.00      0.0
      2847 gemm(gemv)              155618.80      0.00     12.32      2.30     1.05      0.0
      2848 download_f32            155631.12     72.08     88.30     87.60     0.00      0.0
      2849 upload_i32              155791.50     83.24      4.16     74.90     0.00      0.0
      2850 upload                  155878.90     11.92     18.60      3.30     0.00      0.0
      2851 gather_rows             155909.42      0.36     68.88      3.70     0.00     11.4
      2852 gemm(gemv)              155978.66     54.48      0.00      4.10     0.59     10.8
      2853 gemm(gemv)              156033.14      9.64      1.40      2.20     0.59     61.2
      2854 silu_mul                156044.18     44.08      6.68      2.80     0.00      0.0
      2855 gemm(gemv)              156094.94      0.44     16.80      2.20     0.59   1340.5
      2856 scatter_axpy            156112.18      0.32     55.56      2.50     0.00     12.8
      2857 warm_read               156168.06     43.52     10.30    200.70     0.00      0.0
      2858 warm_read               156221.88     57.76      5.12    184.80     0.00      0.0
      2859 warm_read               156284.76    198.20      4.16    197.20     0.00      0.0
      2860 upload_paged            156487.12    492.92      4.00    467.00     1.77      3.6
      2861 upload_i32              156984.04     56.56     12.32      6.10     0.00      0.0
      2862 upload                  157052.92    119.60     13.44      4.30     0.00      0.0
      2863 gather_rows             157185.96     45.20      4.20      5.00     0.00      0.1
      2864 gemm(gemv)              157235.36     50.36      8.60      3.40     0.59     11.7
      2865 gemm(gemv)              157294.32     63.48      6.96      2.40     0.59      9.3
      2866 silu_mul                157364.76      3.16     19.24      3.00     0.00      0.0
      2867 gemm(gemv)              157387.16      0.44     67.28      2.60     0.59   1340.5
      2868 scatter_axpy            157454.88     50.08      0.00      4.00     0.00      0.1
      2869 upload_i32              157504.96     41.96     16.36      2.70     0.00      0.0
      2870 upload                  157563.28     58.60     19.92      2.30     0.00      0.0
      2871 gather_rows             157641.80      0.00     17.60      2.10     0.00      0.0
      2872 gemm(gemv)              157659.40      0.32     51.68      3.70     0.59   1843.2
      2873 gemm(gemv)              157711.40     47.44     10.20      2.10     0.59     12.4
      2874 silu_mul                157769.04     13.26     12.40      1.90     0.00      0.0
      2875 gemm(gemv)              157794.70      0.44     72.36      2.30     0.59   1340.5
      2876 scatter_axpy            157867.50     47.92      8.08      2.40     0.00      0.1
      2877 upload_i32              157923.50     47.64     17.88      2.60     0.00      0.0
      2878 upload                  157989.02     17.96     18.92      2.40     0.00      0.0
      2879 gather_rows             158025.90     43.72     17.84      2.10     0.00      0.1
      2880 gemm(gemv)              158087.46      0.00     14.88      3.40     0.59      0.0
      2881 gemm(gemv)              158102.34      0.32     50.96      2.90     0.59   1843.2
      2882 silu_mul                158153.62     60.36     13.62      1.90     0.00      0.0
      2883 gemm(gemv)              158227.60     19.04     18.80      1.90     0.59     31.0
      2884 scatter_axpy            158265.44      0.00     69.24      2.30     0.00      0.0
      2885 upload_i32              158334.68     14.72     61.48      2.10     0.00      0.0
      2886 upload                  158410.88     32.40     58.40      2.40     0.00      0.0
      2887 gather_rows             158501.68     13.12     44.88      2.00     0.00      0.3
      2888 gemm(gemv)              158559.68     71.68     27.00      3.20     0.59      8.2
      2889 gemm(gemv)              158658.36      0.00     14.04      2.40     0.59      0.0
      2890 silu_mul                158672.40      0.36     80.40      2.10     0.00      0.0
      2891 gemm(gemv)              158753.16     54.16      4.44      2.50     0.59     10.9
      2892 scatter_axpy            158811.76      7.20     10.84      2.10     0.00      0.6
      2893 upload_i32              158829.80      0.00     69.12      2.60     0.00      0.0
      2894 upload                  158898.92      4.56     54.72      3.00     0.00      0.0
      2895 gather_rows             158958.20      0.32     49.28      2.60     0.00     12.8
      2896 gemm(gemv)              159007.80     50.00      9.08      2.20     0.59     11.8
      2897 gemm(gemv)              159066.88      8.08     13.36      2.50     0.59     73.0
      2898 silu_mul                159088.32      0.36     66.28      1.80     0.00      0.0
      2899 gemm(gemv)              159154.96     51.08      0.00      2.80     0.59     11.5
      2900 scatter_axpy            159206.04      2.48     11.04      1.90     0.00      1.7
      2901 upload_i32              159219.56      4.56     57.36      2.90     0.00      0.0
      2902 upload                  159281.48      4.64     52.88      2.00     0.00      0.0
      2903 gather_rows             159339.00      0.36     49.08      2.60     0.00     11.4
      2904 gemm(gemv)              159388.44     48.28      8.28      2.20     0.59     12.2
      2905 gemm(gemv)              159445.00      9.16     14.80      2.40     0.59     64.4
      2906 silu_mul                159468.96      0.36     69.48      2.00     0.00      0.0
      2907 gemm(gemv)              159538.80     52.36      0.00      2.50     0.59     11.3
      2908 scatter_axpy            159591.16      1.76     10.88      1.80     0.00      2.3
      2909 upload_i32              159603.80      4.60     57.12      2.70     0.00      0.0
      2910 upload                  159665.52      4.76     53.36      2.40     0.00      0.0
      2911 gather_rows             159723.64      0.32     49.20      2.80     0.00     12.8
      2912 gemm(gemv)              159773.16     49.52      8.52      2.80     0.59     11.9
      2913 gemm(gemv)              159831.20      0.02     14.28      2.00     0.59  29491.2
      2914 silu_mul                159845.50      0.36     52.60      1.90     0.00      0.0
      2915 gemm(gemv)              159898.46     51.00      5.44      2.80     0.59     11.6
      2916 scatter_axpy            159954.90      0.00     13.44      1.90     0.00      0.0
      2917 gemm(gemv)              159968.34      0.32     51.64      2.20     0.59   1843.2
      2918 gemm(gemv)              160020.30    119.52     77.64      1.80     0.59      4.9
      2919 silu_mul                160217.46     42.84      8.40      1.70     0.00      0.0
      2920 gemm(gemv)              160268.70     20.84      3.60      2.30     0.59     28.3
      2921 add_inplace             160293.14     46.04     12.52      2.70     0.00      0.0
      2922 add_inplace             160351.70      0.00     13.60      2.60     0.00      0.0
      2923 rmsnorm                 160365.30      0.36     54.88      3.30     0.00      0.0
      2924 gemm(gemv)              160420.54    524.24      4.36      2.20     9.44     18.0
      2925 gemm(gemv)              160949.14      0.36      5.36      2.30     1.18   3276.8
      2926 gemm(gemv)              160954.86      0.36     19.28      2.40     1.72   4778.7
      2927 qk_norm                 160974.50      0.36      6.16      3.20     0.00      0.0
      2928 rope                    160981.02      0.36     10.08      3.70     0.00      0.0
      2929 kv_append               160991.46      0.36     10.12      2.50     0.00      0.0
      2930 attention               161001.94    106.80     46.16      7.70     0.00      0.0
      2931 gemm(gemv)              161154.90     61.96      0.00      2.40     0.07      1.2
      2932 softplus_act            161216.86    201.92    145.24      2.40     0.00      0.0
      2933 mul_head_bcast          161564.02      0.36     12.00      2.30     0.00      0.0
      2934 gemm(gemv)              161576.38     86.80      0.00      2.40     9.44    108.7
      2935 add_inplace             161663.18      0.36     10.04      2.30     0.00      0.0
      2936 rmsnorm                 161673.58      9.00      4.52      2.40     0.00      0.0
      2937 fill0                   161687.10     62.04      8.28      2.20     0.00      0.0
      2938 gemm(gemv)              161757.42      0.00     14.84      2.50     1.05      0.0
      2939 download_f32            161772.26     65.76     92.20     91.60     0.00      0.0
      2940 upload_i32              161930.22      8.64      4.40      5.40     0.00      0.0
      2941 upload                  161943.26      6.16     51.48      3.50     0.00      0.0
      2942 gather_rows             162000.90      0.32     45.76      5.70     0.00     12.8
      2943 gemm(gemv)              162046.98     49.36      6.98      5.10     0.59     11.9
      2944 gemm(gemv)              162103.32      0.36     10.68      3.10     0.59   1638.4
      2945 silu_mul                162114.36     48.16     10.40      2.90     0.00      0.0
      2946 gemm(gemv)              162172.92     10.80      3.56      2.50     0.86     79.6
      2947 scatter_axpy            162187.28     45.72      6.88      3.70     0.00      0.1
      2948 upload_i32              162239.88     20.12      2.48      3.10     0.00      0.0
      2949 upload                  162262.48     77.96     32.78      3.00     0.00      0.0
      2950 gather_rows             162373.22      0.36     15.72      2.70     0.00     11.4
      2951 gemm(gemv)              162389.30     64.36     15.68      3.30     0.59      9.2
      2952 gemm(gemv)              162469.34      9.76      1.40      2.50     0.59     60.4
      2953 silu_mul                162480.50     42.24     12.20      2.60     0.00      0.0
      2954 gemm(gemv)              162534.94      1.08     18.08      3.80     0.86    796.4
      2955 scatter_axpy            162554.10      0.48     57.44      2.20     0.00      8.5
      2956 upload_i32              162612.02     53.72      0.00      2.50     0.00      0.0
      2957 upload                  162665.74     25.48      4.20      3.20     0.00      0.0
      2958 gather_rows             162695.42     44.40     14.40      2.00     0.00      0.1
      2959 gemm(gemv)              162754.22      7.64      2.24      3.00     0.59     77.2
      2960 gemm(gemv)              162764.10     45.28     11.88      3.80     0.59     13.0
      2961 silu_mul                162821.26      6.52      1.32      2.70     0.00      0.0
      2962 gemm(gemv)              162829.10     46.80     14.96      2.60     0.86     18.4
      2963 scatter_axpy            162890.86      0.32     10.00      2.90     0.00     12.8
      2964 warm_read               162901.18     16.68      6.68    195.50     0.00      0.0
      2965 warm_read               162924.54     40.40     14.48    183.70     0.00      0.0
      2966 warm_read               162979.42     16.72      4.16    247.90     0.00      0.0
      2967 upload_paged            163000.30    517.28    608.42    513.00     2.04      3.9
      2968 upload_i32              164126.00     93.44      4.16      5.60     0.00      0.0
      2969 upload                  164223.60    144.40     69.12      2.50     0.00      0.0
      2970 gather_rows             164437.12      0.00    160.76      4.40     0.00      0.0
      2971 gemm(gemv)              164597.88      0.00     96.68      3.90     0.59      0.0
      2972 gemm(gemv)              164694.56      0.36     85.96      2.50     0.59   1638.4
      2973 silu_mul                164780.88      0.36     79.56      1.80     0.00      0.0
      2974 gemm(gemv)              164860.80     60.59     56.63      2.60     0.86     14.2
      2975 scatter_axpy            164978.02      4.99     64.95      2.80     0.00      0.8
      2976 upload_i32              165047.96     51.09    111.46      2.30     0.00      0.0
      2977 upload                  165210.51     69.10     31.15      2.50     0.00      0.0
      2978 gather_rows             165310.76     93.68     70.38      2.10     0.00      0.0
      2979 gemm(gemv)              165474.82     75.16      2.52      3.20     0.59      7.8
      2980 gemm(gemv)              165552.50     79.96     70.68      3.00     0.59      7.4
      2981 silu_mul                165703.14     76.32      1.36      2.50     0.00      0.0
      2982 gemm(gemv)              165780.82     85.72      3.56      2.30     0.86     10.0
      2983 scatter_axpy            165870.10     62.72      4.12      1.90     0.00      0.1
      2984 upload_i32              165936.94     77.30     39.32      3.00     0.00      0.0
      2985 upload                  166053.56      7.76     70.20      2.80     0.00      0.0
      2986 gather_rows             166131.52      0.32     47.44      2.80     0.00     12.8
      2987 gemm(gemv)              166179.28     50.76      2.08      3.50     0.59     11.6
      2988 gemm(gemv)              166232.12      0.36     10.36      2.40     0.59   1638.4
      2989 silu_mul                166242.84     45.40      9.52      3.10     0.00      0.0
      2990 gemm(gemv)              166297.76     11.28      3.84      2.60     0.86     76.3
      2991 scatter_axpy            166312.88     46.12      8.08      2.00     0.00      0.1
      2992 upload_i32              166367.08      9.08     13.00      2.70     0.00      0.0
      2993 upload                  166389.16     51.40     15.72      2.70     0.00      0.0
      2994 gather_rows             166456.28     11.88      4.24      2.90     0.00      0.3
      2995 gemm(gemv)              166472.40     69.12     25.26      4.00     0.59      8.5
      2996 gemm(gemv)              166566.78      0.36     10.28      2.90     0.59   1638.4
      2997 silu_mul                166577.42     44.04     10.76     26.70     0.00      0.0
      2998 gemm(gemv)              166632.22      0.56     17.48      2.50     0.86   1536.0
      2999 scatter_axpy            166650.26      0.44     57.52      2.60     0.00      9.3
      3000 upload_i32              166708.22     54.76      0.00      3.40     0.00      0.0
      3001 upload                  166762.98     25.24      4.20      2.20     0.00      0.0
      3002 gather_rows             166792.42      0.32     50.20      2.20     0.00     12.8
      3003 gemm(gemv)              166842.94     47.32      3.48      3.40     0.59     12.5
      3004 gemm(gemv)              166893.74      8.08      1.32      2.50     0.59     73.0
      3005 silu_mul                166903.14     42.88     12.40      2.00     0.00      0.0
      3006 gemm(gemv)              166958.42      9.88      3.68      2.60     0.86     87.1
      3007 scatter_axpy            166971.98     45.44      9.14      2.20     0.00      0.1
      3008 gemm(gemv)              167026.56      7.56      2.64      2.60     0.59     78.0
      3009 gemm(gemv)              167036.76     54.84     20.26      3.00     0.59     10.8
      3010 silu_mul                167111.86      0.36     70.80      1.80     0.00      0.0
      3011 gemm(gemv)              167183.02     53.28      2.10      2.20     0.86     16.1
      3012 add_inplace             167238.40      0.36     10.32      2.10     0.00      0.0
      3013 add_inplace             167249.08    103.90     15.84      3.20     0.00      0.0
      3014 rmsnorm                 167368.82      0.32    117.08      2.80     0.00      0.0
      3015 gemm(gemv)              167486.22     66.80      8.04      2.70     9.44    141.3
      3016 gemm(gemv)              167561.06      0.36     11.72      2.70     1.18   3276.8
      3017 gemm(gemv)              167573.14      0.36     14.68      2.60     1.72   4778.7
      3018 qk_norm                 167588.18      0.36     47.28      3.90     0.00      0.0
      3019 rope                    167635.82     45.88      7.76     48.40     0.00      0.0
      3020 kv_append               167689.46      0.36      9.92      2.40     0.00      0.0
      3021 attention               167699.74     72.88      0.00      6.90     0.00      0.0
      3022 gemm(gemv)              167772.62      0.00     15.80      3.00     0.07      0.0
      3023 softplus_act            167788.42     12.90     51.20      2.10     0.00      0.0
      3024 mul_head_bcast          167852.52     45.80     21.70      2.30     0.00      0.0
      3025 gemm(gemv)              167920.02    196.48      3.52      2.40     9.44     48.0
      3026 add_inplace             168120.02      0.36     10.16      1.90     0.00      0.0
      3027 rmsnorm                 168130.54     64.36     10.98      2.50     0.00      0.0
      3028 fill0                   168205.88      7.76      1.40      2.70     0.00      0.0
      3029 gemm(gemv)              168215.04     53.00     14.28      2.20     1.05     19.8
      3030 download_f32            168282.32     63.24     78.80     78.40     0.00      0.0
      3031 upload_i32              168424.36     15.40      4.16      3.90     0.00      0.0
      3032 upload                  168443.92     15.12     48.16      2.30     0.00      0.0
      3033 gather_rows             168507.20     46.52      1.32      5.50     0.00      0.1
      3034 gemm(gemv)              168555.04      7.88      2.48      4.90     0.59     74.9
      3035 gemm(gemv)              168565.40     44.36     12.92      3.00     0.59     13.3
      3036 silu_mul                168622.68      0.32      8.28      2.70     0.00      0.0
      3037 gemm(gemv)              168631.28     48.56     11.60      3.10     0.86     17.7
      3038 scatter_axpy            168691.44      0.36     10.44      2.20     0.00     11.4
      3039 upload_i32              168702.24     69.00     17.48      2.40     0.00      0.0
      3040 upload                  168788.72     26.58      5.72      2.40     0.00      0.0
      3041 gather_rows             168821.02      0.36     69.00      2.20     0.00     11.4
      3042 gemm(gemv)              168890.38     48.96      0.00      3.30     0.59     12.0
      3043 gemm(gemv)              168939.34      7.84      1.32      2.60     0.59     75.2
      3044 silu_mul                168948.50     42.52     12.28      1.70     0.00      0.0
      3045 gemm(gemv)              169003.30     10.60      3.56      2.00     0.86     81.1
      3046 scatter_axpy            169017.46     44.52      6.62      2.30     0.00      0.1
      3047 upload_i32              169068.60     20.00      2.68      3.00     0.00      0.0
      3048 upload                  169091.28      4.72     52.32      2.40     0.00      0.0
      3049 gather_rows             169148.32      0.36     48.84      1.90     0.00     11.4
      3050 gemm(gemv)              169197.52     51.44      7.06      4.30     0.59     11.5
      3051 gemm(gemv)              169256.02      7.96      1.28      2.30     0.59     74.1
      3052 silu_mul                169265.26     43.16     11.20      1.90     0.00      0.0
      3053 gemm(gemv)              169319.62      0.00     13.32      2.10     0.86      0.0
      3054 scatter_axpy            169332.94      0.48     48.88      1.50     0.00      8.5
      3055 upload_i32              169382.30     54.52      6.14      2.60     0.00      0.0
      3056 upload                  169442.96     35.58      4.20      1.90     0.00      0.0
      3057 gather_rows             169482.74      0.36     68.32      2.40     0.00     11.4
      3058 gemm(gemv)              169551.42     64.36      0.00      3.30     0.59      9.2
      3059 gemm(gemv)              169615.78      0.32     10.56      2.20     0.59   1843.2
      3060 silu_mul                169626.66     43.52      9.92      2.80     0.00      0.0
      3061 gemm(gemv)              169680.10      0.44     16.68      2.00     0.86   1954.9
      3062 scatter_axpy            169697.22      0.36     46.48      2.10     0.00     11.4
      3063 upload_i32              169744.06     66.80      1.76      2.40     0.00      0.0
      3064 upload                  169812.62     15.20     61.72      2.70     0.00      0.0
      3065 gather_rows             169889.54     46.60      0.00      2.20     0.00      0.1
      3066 gemm(gemv)              169936.14      8.00      2.44      2.90     0.59     73.7
      3067 gemm(gemv)              169946.58     20.68     12.80      2.30     0.59     28.5
      3068 silu_mul                169980.06     42.56     12.44      1.60     0.00      0.0
      3069 gemm(gemv)              170035.06      0.00     14.44      2.30     0.86      0.0
      3070 scatter_axpy            170049.50      0.36     48.04      2.10     0.00     11.4
      3071 upload_i32              170097.90     56.00      6.50      1.80     0.00      0.0
      3072 upload                  170160.40     32.38      5.72      2.30     0.00      0.0
      3073 gather_rows             170198.50      0.36     68.44      1.90     0.00     11.4
      3074 gemm(gemv)              170267.30     52.84      0.00      2.60     0.59     11.2
      3075 gemm(gemv)              170320.14      0.36     10.32      2.10     0.59   1638.4
      3076 silu_mul                170330.82     46.12      6.18      1.60     0.00      0.0
      3077 gemm(gemv)              170383.12     10.48      4.08      2.90     0.86     82.1
      3078 scatter_axpy            170397.68     45.32      6.82      2.60     0.00      0.1
      3079 upload_i32              170449.82      6.88     14.08      2.30     0.00      0.0
      3080 upload                  170470.78     43.48     17.04      2.50     0.00      0.0
      3081 gather_rows             170531.30      0.32     67.32      2.50     0.00     12.8
      3082 gemm(gemv)              170598.94     63.04      0.16      2.30     0.59      9.4
      3083 gemm(gemv)              170662.14      8.24      1.28      2.50     0.59     71.6
      3084 silu_mul                170671.66     42.76      3.34      2.30     0.00      0.0
      3085 gemm(gemv)              170717.76      1.14     14.00      2.60     0.86    754.5
      3086 scatter_axpy            170732.90      0.44     48.68      1.60     0.00      9.3
      3087 upload_i32              170782.02     57.76      9.18      2.20     0.00      0.0
      3088 upload                  170848.96     29.08      4.20      2.50     0.00      0.0
      3089 gather_rows             170882.24     62.88      7.46      2.10     0.00      0.1
      3090 gemm(gemv)              170952.58      7.48      2.68      2.90     0.59     78.9
      3091 gemm(gemv)              170962.74     44.72     12.20      1.90     0.59     13.2
      3092 silu_mul                171019.66      6.40      1.32      2.20     0.00      0.0
      3093 gemm(gemv)              171027.38     46.76     14.20      2.20     0.86     18.4
      3094 scatter_axpy            171088.34      0.36     10.40      1.80     0.00     11.4
      3095 gemm(gemv)              171099.10     67.72     19.40      2.10     0.59      8.7
      3096 gemm(gemv)              171186.22      7.88      1.28      1.90     0.59     74.9
      3097 silu_mul                171195.38     42.24     12.84      2.40     0.00      0.0
      3098 gemm(gemv)              171250.46      0.00     13.64      2.20     0.86      0.0
      3099 add_inplace             171264.10      0.32     46.36      2.30     0.00      0.0
      3100 add_inplace             171310.78     60.12      8.32      2.20     0.00      0.0
      3101 rmsnorm                 171379.22      9.64      3.56      2.50     0.00      0.0
      3102 gemm(gemv)              171392.42    425.10     11.08      2.60     7.08     16.6
      3103 gemm(gemv)              171828.60      0.32      5.24      2.60     1.18   3686.4
      3104 gemm(gemv)              171834.16      0.32     19.20      2.20     1.72   5376.0
      3105 qk_norm                 171853.68      0.36      5.56      3.20     0.00      0.0
      3106 rope                    171859.60    233.72      0.00   3338.00     0.00      0.0
      3107 kv_append               172093.32     44.04      4.20      2.30     0.00      0.0
      3108 attention               172141.56     57.88      9.92      7.20     0.00      0.0
      3109 gemm(gemv)              172209.36      0.00     14.44      1.90     0.06      0.0
      3110 softplus_act            172223.80      0.32     64.48      2.60     0.00      0.0
      3111 mul_head_bcast          172288.60     12.38     53.72      2.20     0.00      0.0
      3112 gemm(gemv)              172354.70     66.48     50.52      2.10     7.08    106.5
      3113 add_inplace             172471.70      0.64     41.16      2.20     0.00      0.0
      3114 rmsnorm                 172513.50     18.12     68.68      2.30     0.00      0.0
      3115 fill0                   172600.30      0.32     51.96      2.10     0.00      0.0
      3116 gemm(gemv)              172652.58      2.98     50.04      2.20     1.05    351.9
      3117 download_f32            172705.60     65.64     79.20     79.00     0.00      0.0
      3118 upload_i32              172850.44     64.16      4.20      4.50     0.00      0.0
      3119 upload                  172918.80     40.88     18.60      2.70     0.00      0.0
      3120 gather_rows             172978.28      0.00     14.16      5.20     0.00      0.0
      3121 gemm(gemv)              172992.44      0.44     52.24      3.10     0.59   1340.5
      3122 gemm(gemv)              173045.12     49.00      4.72      2.40     0.59     12.0
      3123 silu_mul                173098.84      6.44      1.32      2.90     0.00      0.0
      3124 gemm(gemv)              173106.60     47.20     14.56      3.10     0.86     18.2
      3125 scatter_axpy            173168.36      0.36     11.60      2.20     0.00     11.4
      3126 upload_i32              173180.32     73.64     15.62      2.80     0.00      0.0
      3127 upload                  173269.58     30.12      4.24      2.20     0.00      0.0
      3128 gather_rows             173303.94      0.32     68.28      2.20     0.00     12.8
      3129 gemm(gemv)              173372.54     51.36      0.00      2.90     0.59     11.5
      3130 gemm(gemv)              173423.90      0.36     10.44      2.70     0.59   1638.4
      3131 silu_mul                173434.70     46.28      8.54      2.00     0.00      0.0
      3132 gemm(gemv)              173489.52      1.92     16.20      2.10     0.86    448.0
      3133 scatter_axpy            173507.64      0.36     52.48      2.00     0.00     11.4
      3134 upload_i32              173560.48     56.52      5.16      2.50     0.00      0.0
      3135 upload                  173622.16    297.44     21.04      2.40     0.00      0.0
      3136 gather_rows             173940.64      0.00    106.96      2.20     0.00      0.0
      3137 gemm(gemv)              174047.60      0.32     68.88      2.30     0.59   1843.2
      3138 gemm(gemv)              174116.80     50.44      0.60      2.40     0.59     11.7
      3139 silu_mul                174167.84      8.98     14.08      1.90     0.00      0.0
      3140 gemm(gemv)              174190.90      0.36     71.64      2.80     0.86   2389.3
      3141 scatter_axpy            174262.90     51.00      0.00      2.40     0.00      0.1
      3142 upload_i32              174313.90     64.08     19.12      2.30     0.00      0.0
      3143 upload                  174397.10    102.48     19.92      2.50     0.00      0.0
      3144 gather_rows             174519.50      0.00    117.68      2.40     0.00      0.0
      3145 gemm(gemv)              174637.18      0.36     73.28      3.60     0.59   1638.4
      3146 gemm(gemv)              174710.82     54.12      0.00      3.10     0.59     10.9
      3147 silu_mul                174764.94      6.28     12.20      2.00     0.00      0.0
      3148 gemm(gemv)              174783.42     23.00     45.76      2.60     0.86     37.4
      3149 scatter_axpy            174852.18     63.08     34.54      2.20     0.00      0.1
      3150 warm_read               174949.80     60.88      0.00    160.40     0.00      0.0
      3151 warm_read               175010.68     37.26      4.16    130.40     0.00      0.0
      3152 warm_read               175052.10      0.00     59.32    216.40     0.00      0.0
      3153 upload_paged            175111.42    121.68    227.90   1744.10     2.04     16.8
      3154 upload_i32              175461.00     98.32     32.12      5.80     0.00      0.0
      3155 upload                  175591.44     78.76     76.36      2.60     0.00      0.0
      3156 gather_rows             175746.56     66.56      4.12      4.80     0.00      0.1
      3157 gemm(gemv)              175817.24     68.00      9.28      3.80     0.59      8.7
      3158 gemm(gemv)              175894.52      1.42     75.08      2.10     0.59    415.4
      3159 silu_mul                175971.02      0.32     97.20      2.70     0.00      0.0
      3160 gemm(gemv)              176068.54      0.00     95.24      2.60     0.86      0.0
      3161 scatter_axpy            176163.78      0.36     84.28      2.50     0.00     11.4
      3162 upload_i32              176248.42     75.56     84.60      2.30     0.00      0.0
      3163 upload                  176408.58     80.24      4.16      2.00     0.00      0.0
      3164 gather_rows             176492.98      0.36     87.52      2.20     0.00     11.4
      3165 gemm(gemv)              176580.86      2.22     75.40      3.20     0.59    265.7
      3166 gemm(gemv)              176658.48      0.32     91.76      2.80     0.59   1843.2
      3167 silu_mul                176750.56      0.00     73.64      1.60     0.00      0.0
      3168 gemm(gemv)              176824.20      0.36     91.60      3.10     0.86   2389.3
      3169 scatter_axpy            176916.16     55.04     58.84      1.70     0.00      0.1
      3170 upload_i32              177030.04    111.88     26.16      2.70     0.00      0.0
      3171 upload                  177168.08     50.00     28.08      2.20     0.00      0.0
      3172 gather_rows             177246.16      0.00     14.16      2.10     0.00      0.0
      3173 gemm(gemv)              177260.32      0.36     49.88      3.40     0.59   1638.4
      3174 gemm(gemv)              177310.56     49.00      6.16      2.20     0.59     12.0
      3175 silu_mul                177365.72      0.32      8.76      2.10     0.00      0.0
      3176 gemm(gemv)              177374.80     50.88     12.02      2.30     0.86     16.9
      3177 scatter_axpy            177437.70      0.36     10.80      2.20     0.00     11.4
      3178 upload_i32              177448.86     72.00     16.16      1.80     0.00      0.0
      3179 upload                  177537.02     27.96      4.24      2.50     0.00      0.0
      3180 gather_rows             177569.22      0.36     67.76      2.60     0.00     11.4
      3181 gemm(gemv)              177637.34     48.56      0.00      2.40     0.59     12.1
      3182 gemm(gemv)              177685.90      7.88      1.32      2.70     0.59     74.9
      3183 silu_mul                177695.10     43.28     13.48      1.80     0.00      0.0
      3184 gemm(gemv)              177751.86     10.00      3.56      2.00     0.86     86.0
      3185 scatter_axpy            177765.42     45.32      8.12      2.30     0.00      0.1
      3186 gemm(gemv)              177818.86      7.96      2.48      2.50     0.59     74.1
      3187 gemm(gemv)              177829.30     19.84     14.08      1.80     0.59     29.7
      3188 silu_mul                177863.22     43.12     12.56      2.00     0.00      0.0
      3189 gemm(gemv)              177918.90      0.48     13.76      2.00     0.86   1792.0
      3190 add_inplace             177933.14      0.32     46.20      2.00     0.00      0.0
      3191 add_inplace             177979.66     45.68      7.58      2.20     0.00      0.0
      3192 rmsnorm                 178032.92      9.12      3.56      1.90     0.00      0.0
      3193 gemm(gemv)              178045.60     87.12     18.44      2.80     9.44    108.3
      3194 gemm(gemv)              178151.16      0.36     11.72      2.20     1.18   3276.8
      3195 gemm(gemv)              178163.24     13.84      1.40      2.20     1.72    124.3
      3196 qk_norm                 178178.48     74.40     16.66      3.60     0.00      0.0
      3197 rope                    178269.54    149.04      1.10   2794.70     0.00      0.0
      3198 kv_append               178419.68      0.32      9.92      4.00     0.00      0.0
      3199 attention               178429.92      0.36     64.48      7.00     0.00      0.0
      3200 gemm(gemv)              178494.76      0.44     23.52      2.80     0.07    167.6
      3201 softplus_act            178518.72      0.32     53.44      2.10     0.00      0.0
      3202 mul_head_bcast          178572.48     47.12      0.00      2.70     0.00      0.0
      3203 gemm(gemv)              178619.60      5.62     37.36      2.70     9.44   1679.2
      3204 add_inplace             178662.58      0.32     55.52      1.70     0.00      0.0
      3205 rmsnorm                 178718.42     63.04      9.86      2.50     0.00      0.0
      3206 fill0                   178791.32      4.60     15.76      2.20     0.00      0.0
      3207 gemm(gemv)              178811.68     26.12     68.08      2.20     1.05     40.1
      3208 download_f32            178905.88     83.00     84.20     93.40     0.00      0.0
      3209 upload_i32              179073.08     18.72     18.24      5.50     0.00      0.0
      3210 upload                  179110.04     59.40     38.64      3.30     0.00      0.0
      3211 gather_rows             179208.08      0.00     13.72      4.50     0.00      0.0
      3212 gemm(gemv)              179221.80      0.36     50.72      5.00     0.59   1638.4
      3213 gemm(gemv)              179272.88     50.76      5.02      2.60     0.59     11.6
      3214 silu_mul                179328.66      6.48      1.32      1.90     0.00      0.0
      3215 gemm(gemv)              179336.46     47.56     13.76      3.20     0.86     18.1
      3216 scatter_axpy            179397.78      0.36      9.92      2.10     0.00     11.4
      3217 upload_i32              179408.06     39.70      8.64      2.50     0.00      0.0
      3218 upload                  179456.40     58.36     87.40      2.00     0.00      0.0
      3219 gather_rows             179602.16      0.00     11.04      7.00     0.00      0.0
      3220 gemm(gemv)              179613.20      0.36     52.32      2.50     0.59   1638.4
      3221 gemm(gemv)              179665.88     50.32     25.72      2.30     0.59     11.7
      3222 silu_mul                179741.92     49.68      0.00      2.10     0.00      0.0
      3223 gemm(gemv)              179791.60     19.12      4.16    119.80     0.86     45.0
      3224 scatter_axpy            179814.88     45.64     11.16      3.60     0.00      0.1
      3225 upload_i32              179871.68     21.80      2.64      2.50     0.00      0.0
      3226 upload                  179896.12      6.12     58.96      2.70     0.00      0.0
      3227 gather_rows             179961.20      0.32     46.60      2.80     0.00     12.8
      3228 gemm(gemv)              180008.12     51.48      0.00      3.40     0.59     11.5
      3229 gemm(gemv)              180059.60      0.36     10.20     44.20     0.59   1638.4
      3230 silu_mul                180070.16     49.08     10.66      2.50     0.00      0.0
      3231 gemm(gemv)              180129.90     10.00      4.16      3.50     0.86     86.0
      3232 scatter_axpy            180144.06     62.48     14.96      2.40     0.00      0.1
      3233 upload_i32              180221.50     42.08     17.52      2.90     0.00      0.0
      3234 upload                  180281.10     17.60     18.76     44.50     0.00      0.0
      3235 gather_rows             180317.46      0.32     47.72      2.90     0.00     12.8
      3236 gemm(gemv)              180365.50     49.72      0.00      3.70     0.59     11.9
      3237 gemm(gemv)              180415.22      2.66     13.92      2.90     0.59    221.7
      3238 silu_mul                180431.80      0.36     51.92      2.30     0.00      0.0
      3239 gemm(gemv)              180484.08     49.24      8.68      3.30     0.86     17.5
      3240 scatter_axpy            180542.00      0.00     13.80      2.30     0.00      0.0
      3241 upload_i32              180555.80      6.16     53.48     53.70     0.00      0.0
      3242 upload                  180615.44      4.80     50.84      2.80     0.00      0.0
      3243 gather_rows             180671.08      0.36     48.44      2.60     0.00     11.4
      3244 gemm(gemv)              180719.88     49.08      7.84      2.60     0.59     12.0
      3245 gemm(gemv)              180776.80      5.40     13.20      2.50     0.59    109.2
      3246 silu_mul                180795.40      0.36     64.72      2.20     0.00      0.0
      3247 gemm(gemv)              180860.48     50.40      3.42      2.20     0.86     17.1
      3248 scatter_axpy            180914.30      3.04     10.56    176.60     0.00      1.3
      3249 upload_i32              180927.90      4.56     57.12      2.70     0.00      0.0
      3250 upload                  180989.58      4.64     53.16      2.40     0.00      0.0
      3251 gather_rows             181047.38      0.36     49.24      2.90     0.00     11.4
      3252 gemm(gemv)              181096.98     50.12      7.32      3.90     0.59     11.8
      3253 gemm(gemv)              181154.42      4.04     12.44      3.50     0.59    146.0
      3254 silu_mul                181170.90      0.36     64.96      2.40     0.00      0.0
      3255 gemm(gemv)              181236.22     52.88      1.48     44.60     0.86     16.3
      3256 scatter_axpy            181290.58      6.72      4.08      3.40     0.00      0.6
      3257 upload_i32              181301.38     55.00     14.12      2.90     0.00      0.0
      3258 upload                  181370.50     19.44     25.52      2.30     0.00      0.0
      3259 gather_rows             181415.46     45.20     16.84      2.10     0.00      0.1
      3260 gemm(gemv)              181477.50      0.48     14.36     53.90     0.59   1228.8
      3261 gemm(gemv)              181492.34      0.32     50.36      3.60     0.59   1843.2
      3262 silu_mul                181543.02    144.20    107.98      2.00     0.00      0.0
      3263 gemm(gemv)              181795.20     46.36      9.80      2.60     0.86     18.6
      3264 scatter_axpy            181851.36      0.00     13.72      2.20     0.00      0.0
      3265 upload_i32              181865.08      4.24     56.08      2.40     0.00      0.0
      3266 upload                  181925.40     31.78     18.00    120.20     0.00      0.0
      3267 gather_rows             181975.18     17.44     57.96      3.10     0.00      0.2
      3268 gemm(gemv)              182050.58      0.36     73.76      3.40     0.59   1638.4
      3269 gemm(gemv)              182124.70     44.24      5.98      2.40     0.59     13.3
      3270 silu_mul                182174.92    197.44     14.26      2.60     0.00      0.0
      3271 gemm(gemv)              182386.62      0.48     20.80      2.40     0.86   1792.0
      3272 scatter_axpy            182407.90      0.36     47.60      3.10     0.00     11.4
      3273 gemm(gemv)              182455.86     49.88      8.00     62.60     0.59     11.8
      3274 gemm(gemv)              182513.74      0.00     12.88      2.60     0.59      0.0
      3275 silu_mul                182526.62      0.36     54.32      2.30     0.00      0.0
      3276 gemm(gemv)              182581.30     50.88      3.22      2.70     0.86     16.9
      3277 add_inplace             182635.40      0.56     13.16     43.50     0.00      0.0
      3278 add_inplace             182649.12      0.32     50.24      2.60     0.00      0.0
      3279 rmsnorm                 182699.68     49.64      8.16      2.30     0.00      0.0
      3280 gemm(gemv)              182757.48     33.80      1.48      2.80     9.44    279.2
      3281 gemm(gemv)              182792.76     46.16      8.56      2.20     1.18     25.6
      3282 gemm(gemv)              182847.48      0.48     17.60      2.80     1.72   3584.0
      3283 qk_norm                 182865.56      0.36     51.12     45.50     0.00      0.0
      3284 rope                    182917.04     48.12      6.48      4.00     0.00      0.0
      3285 kv_append               182971.64      0.30     13.08      2.70     0.00      0.0
      3286 attention               182985.02      0.48     60.28      6.40     0.00      0.0
      3287 gemm(gemv)              183045.78     43.84      1.40      2.40     0.07      1.7
      3288 softplus_act            183091.02      0.12     13.08      2.10     0.00      0.0
      3289 mul_head_bcast          183104.22      0.36     49.56     73.40     0.00      0.0
      3290 gemm(gemv)              183154.14     70.12      7.18      3.90     9.44    134.6
      3291 add_inplace             183231.44     52.24      8.24      2.90     0.00      0.0
      3292 rmsnorm                 183291.92      0.36    113.36      3.40     0.00      0.0
      3293 fill0                   183405.64     44.88      9.08      2.60     0.00      0.0
      3294 gemm(gemv)              183459.60      0.00     18.96      3.60     1.05      0.0
      3295 download_f32            183478.56     63.64     76.90     76.30     0.00      0.0
      3296 upload_i32              183619.10      8.76      4.60      4.00     0.00      0.0
      3297 upload                  183632.46      4.68     51.80      2.70     0.00      0.0
      3298 gather_rows             183688.94      0.36     49.36      5.30     0.00     11.4
      3299 gemm(gemv)              183738.66     48.04      4.60      3.90     0.59     12.3
      3300 gemm(gemv)              183791.30      8.04      1.32      2.50     0.59     73.4
      3301 silu_mul                183800.66     43.00     12.28      2.80     0.00      0.0
      3302 gemm(gemv)              183855.94      0.48     17.28      2.30     0.86   1792.0
      3303 scatter_axpy            183873.70      0.32     48.00      2.10     0.00     12.8
      3304 upload_i32              183922.02     54.44      7.72      2.40     0.00      0.0
      3305 upload                  183984.18     39.84      4.16      2.00     0.00      0.0
      3306 gather_rows             184028.18     44.96     16.68      2.00     0.00      0.1
      3307 gemm(gemv)              184089.82      0.44     15.76      2.50     0.59   1340.5
      3308 gemm(gemv)              184106.02      0.36     49.56      2.80     0.59   1638.4
      3309 silu_mul                184155.94     45.48      7.04      2.00     0.00      0.0
      3310 gemm(gemv)              184208.46      0.48     19.16      2.80     0.86   1792.0
      3311 scatter_axpy            184228.10      0.36     65.40      2.50     0.00     11.4
      3312 upload_i32              184293.86     56.48      9.30      2.30     0.00      0.0
      3313 upload                  184359.64     47.28     25.56      2.20     0.00      0.0
      3314 gather_rows             184432.48      0.44     20.64      2.30     0.00      9.3
      3315 gemm(gemv)              184453.56      0.36     55.56      3.40     0.59   1638.4
      3316 gemm(gemv)              184509.48     50.28      5.68      2.30     0.59     11.7
      3317 silu_mul                184565.44      7.94     11.28      2.60     0.00      0.0
      3318 gemm(gemv)              184584.66      0.48     70.68      3.10     0.86   1792.0
      3319 scatter_axpy            184655.82     47.28      0.00      2.00     0.00      0.1
      3320 upload_i32              184703.10     42.36     15.76      2.40     0.00      0.0
      3321 upload                  184761.22     17.32     19.52      2.70     0.00      0.0
      3322 gather_rows             184798.06     43.32     17.60      2.20     0.00      0.1
      3323 gemm(gemv)              184858.98      9.94     15.40      3.40     0.59     59.3
      3324 gemm(gemv)              184884.32      0.32     68.24      2.00     0.59   1843.2
      3325 silu_mul                184952.88     48.36      0.00      2.00     0.00      0.0
      3326 gemm(gemv)              185001.24      0.48     17.84      2.10     0.86   1792.0
      3327 scatter_axpy            185019.56      0.32     46.88      2.50     0.00     12.8
      3328 upload_i32              185066.76     54.00      7.80      2.80     0.00      0.0
      3329 upload                  185128.56     18.28     26.52      2.70     0.00      0.0
      3330 gather_rows             185173.36     44.72     16.88      2.60     0.00      0.1
      3331 gemm(gemv)              185234.96      0.44     15.68      3.00     0.59   1340.5
      3332 gemm(gemv)              185251.08      0.36     50.00      2.60     0.59   1638.4
      3333 silu_mul                185301.44      0.36     53.88      1.70     0.00      0.0
      3334 gemm(gemv)              185355.68     68.60     22.80      2.00     0.86     12.5
      3335 scatter_axpy            185447.08      0.36     10.36      2.00     0.00     11.4
      3336 upload_i32              185457.80     73.68     15.88      2.30     0.00      0.0
      3337 upload                  185547.36     42.52     25.44      2.40     0.00      0.0
      3338 gather_rows             185615.32      0.48     16.28      2.00     0.00      8.5
      3339 gemm(gemv)              185632.08      0.32     49.56      3.70     0.59   1843.2
      3340 gemm(gemv)              185681.96     45.60      9.28      2.20     0.59     12.9
      3341 silu_mul                185736.84      0.00     12.96      2.60     0.00      0.0
      3342 gemm(gemv)              185749.80      0.44     57.40      2.00     0.86   1954.9
      3343 scatter_axpy            185807.64    101.24     53.16      2.30     0.00      0.0
      3344 upload_i32              185962.04     41.34     16.48      3.00     0.00      0.0
      3345 upload                  186019.86      0.00     18.65      2.00     0.00      0.0
      3346 gather_rows             186038.51     19.65     30.67      2.10     0.00      0.2
      3347 gemm(gemv)              186088.83     55.22     12.68      2.60     0.59     10.7
      3348 gemm(gemv)              186156.73      7.88      1.28      2.60     0.59     74.9
      3349 silu_mul                186165.89     26.36     17.00      1.70     0.00      0.0
      3350 gemm(gemv)              186209.25     27.27     15.54      2.50     0.86     31.5
      3351 scatter_axpy            186252.06     22.10      6.36      1.90     0.00      0.2
      3352 upload_i32              186280.52     41.09     15.78      2.00     0.00      0.0
      3353 upload                  186337.39     31.77     18.64      2.20     0.00      0.0
      3354 gather_rows             186387.80     25.86     11.71      2.20     0.00      0.2
      3355 gemm(gemv)              186425.37     27.36     12.64      3.30     0.59     21.6
      3356 gemm(gemv)              186465.37     44.38     22.54      2.50     0.59     13.3
      3357 silu_mul                186532.29     32.51     10.12      2.20     0.00      0.0
      3358 gemm(gemv)              186574.92     29.45     13.49      3.00     0.86     29.2
      3359 scatter_axpy            186617.86     21.69      6.76      2.30     0.00      0.2
      3360 gemm(gemv)              186646.31     21.41     17.53      2.60     0.59     27.5
      3361 gemm(gemv)              186685.25     43.96     16.26      2.60     0.59     13.4
      3362 silu_mul                186745.47      0.44     29.11      2.40     0.00      0.0
      3363 gemm(gemv)              186775.02     23.14     20.05      2.20     0.86     37.2
      3364 add_inplace             186818.21     42.12     11.70      2.20     0.00      0.0
      3365 add_inplace             186872.03      0.44     29.77      2.20     0.00      0.0
      3366 rmsnorm                 186902.24     21.66     18.76      3.00     0.00      0.0
      3367 gemm(gemv)              186942.66     49.26     12.95      2.60     9.44    191.6
      3368 gemm(gemv)              187004.87      0.36     11.40      2.50     1.18   3276.8
      3369 gemm(gemv)              187016.63     47.81      4.98      2.40     1.72     36.0
      3370 qk_norm                 187069.42     22.21      5.88      3.40     0.00      0.0
      3371 rope                    187097.51     44.37     12.76      3.10     0.00      0.0
      3372 kv_append               187154.64     30.65      8.77      2.20     0.00      0.0
      3373 attention               187194.06     34.26     12.66      5.30     0.00      0.0
      3374 gemm(gemv)              187240.98      0.36     21.94      2.30     0.07    204.8
      3375 softplus_act            187263.28     21.03     18.76      1.90     0.00      0.0
      3376 mul_head_bcast          187303.07     23.14     14.22      1.70     0.00      0.0
      3377 gemm(gemv)              187340.43     48.72      8.38      2.30     9.44    193.7
      3378 add_inplace             187397.53      0.36     10.76      1.70     0.00      0.0
      3379 rmsnorm                 187408.65     32.83     10.56     47.70     0.00      0.0
      3380 fill0                   187452.04     27.75      8.47      2.70     0.00      0.0
      3381 gemm(gemv)              187488.26     52.60     22.25      2.40     1.05     19.9
      3382 download_f32            187563.11     59.60     86.60     85.90     0.00      0.0
      3383 upload_i32              187709.31     39.80     18.96      4.20     0.00      0.0
      3384 upload                  187768.07     26.96     23.48      3.20     0.00      0.0
      3385 gather_rows             187818.51     16.62     54.48      5.40     0.00      0.2
      3386 gemm(gemv)              187889.61      0.36     82.64      4.20     0.59   1638.4
      3387 gemm(gemv)              187972.61     53.76      1.50      2.80     0.59     11.0
      3388 silu_mul                188027.87      4.44     12.20      3.00     0.00      0.0
      3389 gemm(gemv)              188044.51      0.36     68.64      2.30     0.86   2389.3
      3390 scatter_axpy            188113.51     48.76      0.00      2.50     0.00      0.1
      3391 upload_i32              188162.27     42.48     16.40      1.90     0.00      0.0
      3392 upload                  188221.15     18.28     18.00      2.20     0.00      0.0
      3393 gather_rows             188257.43     21.36     17.28      2.20     0.00      0.2
      3394 gemm(gemv)              188296.07     47.28     14.68      2.30     0.59     12.5
      3395 gemm(gemv)              188358.03      3.46     12.72      2.40     0.59    170.5
      3396 silu_mul                188374.21      0.36     54.04      1.70     0.00      0.0
      3397 gemm(gemv)              188428.61     51.16      3.40      2.00     0.86     16.8
      3398 scatter_axpy            188483.17      6.60      4.12      2.90     0.00      0.6
      3399 upload_i32              188493.89     72.68     24.72      2.40     0.00      0.0
      3400 upload                  188591.29     42.96     25.68      2.80     0.00      0.0
      3401 gather_rows             188659.93      0.00     14.36      2.10     0.00      0.0
      3402 gemm(gemv)              188674.29    106.80    103.50      2.60     0.59      5.5
      3403 gemm(gemv)              188884.59      0.36     18.72      1.90     0.59   1638.4
      3404 silu_mul                188903.67      0.36     47.84      2.10     0.00      0.0
      3405 gemm(gemv)              188951.87     52.40      0.00      2.10     0.86     16.4
      3406 scatter_axpy            189004.27      0.36     10.60      1.50     0.00     11.4
      3407 upload_i32              189015.23     57.04     13.74      2.70     0.00      0.0
      3408 upload                  189086.01     51.24     20.32      2.60     0.00      0.0
      3409 gather_rows             189157.57     46.24     12.00      2.50     0.00      0.1
      3410 gemm(gemv)              189215.81     50.52      9.66      3.00     0.59     11.7
      3411 gemm(gemv)              189275.99      0.36    167.68      2.20     0.59   1638.4
      3412 silu_mul                189444.03     46.28      9.54      1.90     0.00      0.0
      3413 gemm(gemv)              189499.85      0.48     18.20      2.30     0.86   1792.0
      3414 scatter_axpy            189518.53      0.36     47.16      2.10     0.00     11.4
      3415 upload_i32              189566.05     55.08      7.36      1.80     0.00      0.0
      3416 upload                  189628.49     19.04     25.96      2.60     0.00      0.0
      3417 gather_rows             189673.49     44.60     16.04      2.00     0.00      0.1
      3418 gemm(gemv)              189734.13      0.48     18.24      2.90     0.59   1228.8
      3419 gemm(gemv)              189752.85      0.32     47.24      1.90     0.59   1843.2
      3420 silu_mul                189800.41     43.44      9.88      2.80     0.00      0.0
      3421 gemm(gemv)              189853.73      0.48     19.36      2.70     0.86   1792.0
      3422 scatter_axpy            189873.57      0.32     55.76      2.50     0.00     12.8
      3423 upload_i32              189929.65     59.60     11.02      2.00     0.00      0.0
      3424 upload                  190000.27     42.20     24.64      2.00     0.00      0.0
      3425 gather_rows             190067.11      0.44     14.84      2.10     0.00      9.3
      3426 gemm(gemv)              190082.39      0.36     49.88      2.60     0.59   1638.4
      3427 gemm(gemv)              190132.63     45.08      9.64      2.40     0.59     13.1
      3428 silu_mul                190187.35      3.40     11.72      1.70     0.00      0.0
      3429 gemm(gemv)              190202.47      0.48     68.24      2.10     0.86   1792.0
      3430 scatter_axpy            190271.19     47.28      0.00      2.30     0.00      0.1
      3431 upload_i32              190318.47     42.32     15.52      2.40     0.00      0.0
      3432 upload                  190376.31     17.12     18.48      1.70     0.00      0.0
      3433 gather_rows             190411.91     43.32     17.40      2.10     0.00      0.1
      3434 gemm(gemv)              190472.63      1.24     13.32      2.40     0.59    475.7
      3435 gemm(gemv)              190487.19      0.36     51.04      2.10     0.59   1638.4
      3436 silu_mul                190538.59     45.72      5.60      2.70     0.00      0.0
      3437 gemm(gemv)              190589.91      0.48     18.36      2.20     0.86   1792.0
      3438 scatter_axpy            190608.75      0.36     56.80      1.80     0.00     11.4
      3439 upload_i32              190665.91     54.80      6.48      2.60     0.00      0.0
      3440 upload                  190727.19     42.60     25.12      2.50     0.00      0.0
      3441 gather_rows             190794.91      0.00     14.56      2.30     0.00      0.0
      3442 gemm(gemv)              190809.47      0.36     50.40      2.90     0.59   1638.4
      3443 gemm(gemv)              190860.23     48.68      7.04      2.60     0.59     12.1
      3444 silu_mul                190915.95      8.36     10.96      1.80     0.00      0.0
      3445 gemm(gemv)              190935.27      0.48     68.64      2.10     0.86   1792.0
      3446 scatter_axpy            191004.39     48.60      4.12      2.00     0.00      0.1
      3447 gemm(gemv)              191057.11      0.48     14.12      2.10     0.59   1228.8
      3448 gemm(gemv)              191071.71      0.36     50.44      2.40     0.59   1638.4
      3449 silu_mul                191122.51     45.32      7.08      1.90     0.00      0.0
      3450 gemm(gemv)              191174.91      0.44     17.76      2.50     0.86   1954.9
      3451 add_inplace             191193.11      0.36     45.52      2.00     0.00      0.0
      3452 add_inplace             191238.99     45.80      8.84      2.30     0.00      0.0
      3453 rmsnorm                 191293.63      0.48     17.12      3.30     0.00      0.0
      3454 gemm(gemv)              191311.23   6892.40     41.14      2.30   168.59     24.5
      3455 logits_topk             198244.77     51.52    111.48     16.10     0.00      0.0
      3456 download                198407.77    315.60     88.10     85.80     0.00      0.0
           rolled up                  n    dev us   idle us   host us
           gemm(gemv)              1234  44295.04  24905.74   5465.50
           upload_i32               312  13174.31   6364.64   1706.70
           upload                   312  11649.28   8340.79   1264.10
           silu_mul                 352   8623.11   7582.60   1083.80
           scatter_axpy             312   6745.60   7245.82    958.10
           gather_rows              312   5608.62  11281.51   1342.40
           rope                      40   3582.75    728.72  51827.40
           upload_paged              21   3477.90   2167.26  19142.00
           download_f32              39   3121.17   3477.70   3649.40
           warm_read                 60   2618.58   1782.62  10695.90
           rmsnorm                   81   2268.15   2112.30    307.50
           gemm_group                21   2097.86    376.14    234.20
           add_inplace              119   1883.51   2064.66    374.90
           attention                 40   1145.25   1528.11    278.00
           fill0                     39    918.63    575.90     97.10
           softplus_act              40    914.21   1044.00     96.10
           mul_head_bcast            40    673.34   1270.14    159.60
           qk_norm                   40    665.89    563.64    247.60
           kv_append                 40    630.13    666.03    170.60
           download                   1    315.60     88.10     85.80
           logits_topk                1     51.52    111.48     16.10
           embed                      1     49.64     23.48      9.40
     component           ops   %dev      dev us     idle us     host us
     projections        1255  40.5%    46392.90    25281.88     5699.70
     transfer            685  27.7%    31738.26    20438.49    25848.00
     other               763  14.5%    16564.77    22155.99    13253.10
     ffn-activate        352   7.5%     8623.11     7582.60     1083.80
     attention           160   5.3%     6024.02     3486.50    52523.60
     norms                81   2.0%     2268.15     2112.30      307.50
     residual            119   1.6%     1883.51     2064.66      374.90
     recurrent            40   0.8%      914.21     1044.00       96.10
     head+sample           1   0.0%       51.52      111.48       16.10
     embed                 1   0.0%       49.64       23.48        9.40
   instrumentation floor, 256 empty ops timed through the same begin/end path: 0.72 us host, 19.25 us device each.
   Every row pays that, so dev and idle are upper bounds and a row sitting on the floor is the recorder, not the kernel. The host column carries the same ~0.72 us on each of the 3457 ops (2497 us of 99212 us submitted).
   Order, counts and GB/s are exact; use KRK_TIME=<op> or a --bench wall delta for an undistorted device time.

== KRK_TIME per-op device time (124870 ops)
op                            calls     dev ms   idle ms   host ms        MB     GB/s  TFLOP/s
upload_paged                   4599    1454.24    917.80   2510.19   8751.73      6.0     0.00
gemm(gemv)                    33366    1060.29    826.49    123.52  37428.65     35.3     0.11
upload                        11124     847.70    768.43    480.52      0.00      0.0     0.00
warm_read                     13770     641.59    392.38   2265.85      0.00      0.0     0.00
upload_i32                    10602     531.74    234.40     54.71      0.00      0.0     0.00
scatter_axpy                  10602     324.80    298.33     32.24     67.73      0.2     0.00
silu_mul                      11562     294.82    297.23     44.21      0.00      0.0     0.00
gather_rows                   10602     221.57    394.26     44.09     67.73      0.3     0.00
gemm(wmma)                     5654     214.28    153.82     24.67   4315.24     20.1     0.68
rope                            960      88.61     17.46   1186.38      0.00      0.0     0.00
download_f32                    936      68.13     88.55     90.17      0.00      0.0     0.00
add_inplace                    2856      54.30     54.24      8.99      0.00      0.0     0.00
rmsnorm                        1944      45.03     48.83      7.23      0.00      0.0     0.00
gemm_group                      483      36.46     10.39      2.26      0.00      0.0     0.00
attention                       960      29.56     36.23      8.90      0.00      0.0     0.00
fill0                           938      23.34     67.18      3.07      0.00      0.0     0.00
softplus_act                    960      17.73     20.28      3.06      0.00      0.0     0.00
qk_norm                         960      17.40     13.90      4.99      0.00      0.0     0.00
mul_head_bcast                  960      14.61     31.45      3.82      0.00      0.0     0.00
kv_append                       960      14.50     18.08      3.99      0.00      0.0     0.00
embed                            24       6.60      1.72      6.22      0.00      0.0     0.00
download                         24       2.03      2.06      2.24      0.00      0.0     0.00
logits_topk                      24       1.21      2.55      0.49      0.00      0.0     0.00
TOTAL                        124870    6010.55   4696.05
device spans are 50.4% of 11933.1 ms wall; 4696.1 ms idle between ops (39.4%); 1226.5 ms neither (not ops)
